{
  "columnHierarchy": {
    "epochs": [
      {
        "id": "epoch_1",
        "name": "Screening",
        "instanceType": "StudyEpoch",
        "type": {
          "id": "2588e4ee-4d06-402e-a5be-c3cc5dc50e91",
          "code": "C98779",
          "codeSystem": "http://www.cdisc.org",
          "codeSystemVersion": "2024-09-27",
          "decode": "Screening Epoch",
          "instanceType": "Code"
        }
      },
      {
        "id": "epoch_2",
        "name": "Treatment Phase",
        "instanceType": "StudyEpoch",
        "type": {
          "id": "dc2ac312-1b07-46c1-92a3-6e9c7a98a63d",
          "code": "C98780",
          "codeSystem": "http://www.cdisc.org",
          "codeSystemVersion": "2024-09-27",
          "decode": "Treatment Epoch",
          "instanceType": "Code"
        }
      },
      {
        "id": "epoch_3",
        "name": "End of Treatment (EOT)",
        "instanceType": "StudyEpoch",
        "type": {
          "id": "d7f01266-6e04-4144-a613-76970d07d082",
          "code": "C98780",
          "codeSystem": "http://www.cdisc.org",
          "codeSystemVersion": "2024-09-27",
          "decode": "Treatment Epoch",
          "instanceType": "Code"
        }
      },
      {
        "id": "epoch_4",
        "name": "Post Treatment Follow-up Phase",
        "instanceType": "StudyEpoch",
        "type": {
          "id": "5ff00613-8ea9-4592-9b29-cb7c3950ae3f",
          "code": "C98780",
          "codeSystem": "http://www.cdisc.org",
          "codeSystemVersion": "2024-09-27",
          "decode": "Treatment Epoch",
          "instanceType": "Code"
        }
      }
    ],
    "encounters": [
      {
        "id": "enc_1",
        "name": "Screening D-28 to D-15",
        "instanceType": "Encounter",
        "type": {
          "id": "e73266e5-ff26-47f8-aea3-d20c3ac55fb2",
          "code": "C48262",
          "codeSystem": "http://www.cdisc.org",
          "codeSystemVersion": "2024-09-27",
          "decode": "Screening",
          "instanceType": "Code"
        },
        "epochId": "epoch_1"
      },
      {
        "id": "enc_2",
        "name": "Screening D-14 to D-1",
        "instanceType": "Encounter",
        "type": {
          "id": "98d20f52-50b0-43db-a379-5bd600e9bdb7",
          "code": "C48262",
          "codeSystem": "http://www.cdisc.org",
          "codeSystemVersion": "2024-09-27",
          "decode": "Screening",
          "instanceType": "Code"
        },
        "epochId": "epoch_1"
      },
      {
        "id": "enc_3",
        "name": "Cycle 1 D1 (±1)",
        "instanceType": "Encounter",
        "type": {
          "id": "7ed66a4c-7965-4286-84d7-ceedd45db43c",
          "code": "C99156",
          "codeSystem": "http://www.cdisc.org",
          "codeSystemVersion": "2024-09-27",
          "decode": "Scheduled Visit",
          "instanceType": "Code"
        },
        "epochId": "epoch_2"
      },
      {
        "id": "enc_4",
        "name": "Cycle 1 D8 (±1)",
        "instanceType": "Encounter",
        "type": {
          "id": "eea0a5eb-e002-4ea1-8192-b3b7c61a6073",
          "code": "C99156",
          "codeSystem": "http://www.cdisc.org",
          "codeSystemVersion": "2024-09-27",
          "decode": "Scheduled Visit",
          "instanceType": "Code"
        },
        "epochId": "epoch_2"
      },
      {
        "id": "enc_5",
        "name": "Cycle 1 D15 (±1)",
        "instanceType": "Encounter",
        "type": {
          "id": "b04eb362-ba09-4964-86a2-6aaefd06bf40",
          "code": "C99156",
          "codeSystem": "http://www.cdisc.org",
          "codeSystemVersion": "2024-09-27",
          "decode": "Scheduled Visit",
          "instanceType": "Code"
        },
        "epochId": "epoch_2"
      },
      {
        "id": "enc_6",
        "name": "Cycle 2 and Beyond D1 (±2)",
        "instanceType": "Encounter",
        "type": {
          "id": "0f0e3696-27f2-4372-9837-16ef03c8f080",
          "code": "C99156",
          "codeSystem": "http://www.cdisc.org",
          "codeSystemVersion": "2024-09-27",
          "decode": "Scheduled Visit",
          "instanceType": "Code"
        },
        "epochId": "epoch_2"
      },
      {
        "id": "enc_7",
        "name": "EOT 30 (±7) days after last IMPs admin",
        "instanceType": "Encounter",
        "type": {
          "id": "d891196e-e4ef-48ab-943b-4305fe411a79",
          "code": "C99156",
          "codeSystem": "http://www.cdisc.org",
          "codeSystemVersion": "2024-09-27",
          "decode": "Scheduled Visit",
          "instanceType": "Code"
        },
        "epochId": "epoch_3"
      },
      {
        "id": "enc_8",
        "name": "Safety At 60 (±7) days after last IMPs admin",
        "instanceType": "Encounter",
        "type": {
          "id": "3a0dfa65-6484-46b4-897d-3c633fac2572",
          "code": "C99156",
          "codeSystem": "http://www.cdisc.org",
          "codeSystemVersion": "2024-09-27",
          "decode": "Scheduled Visit",
          "instanceType": "Code"
        },
        "epochId": "epoch_4"
      },
      {
        "id": "enc_9",
        "name": "Safety At 90 (±7) days after last IMPs admin",
        "instanceType": "Encounter",
        "type": {
          "id": "a6564e85-30a1-4623-8144-4cb3ce06dd1a",
          "code": "C99156",
          "codeSystem": "http://www.cdisc.org",
          "codeSystemVersion": "2024-09-27",
          "decode": "Scheduled Visit",
          "instanceType": "Code"
        },
        "epochId": "epoch_4"
      },
      {
        "id": "enc_10",
        "name": "Survival Every 90 days (±7)",
        "instanceType": "Encounter",
        "type": {
          "id": "67bb8733-c19b-4ac8-a677-130b0e87fd76",
          "code": "C99156",
          "codeSystem": "http://www.cdisc.org",
          "codeSystemVersion": "2024-09-27",
          "decode": "Scheduled Visit",
          "instanceType": "Code"
        },
        "epochId": "epoch_4"
      }
    ],
    "plannedTimepoints": []
  },
  "rowGroups": [
    {
      "id": "grp_1",
      "name": "Informed consent/Inclusion and exclusion criteria",
      "description": null,
      "childIds": [],
      "instanceType": "Activity"
    },
    {
      "id": "grp_2",
      "name": "Laboratory Assessments",
      "description": null,
      "childIds": [],
      "instanceType": "Activity",
      "activityNames": [
        "Pregnancy test (WOCBP only)",
        "Blood Chemistry",
        "Hematology",
        "Coagulation(GBM)",
        "Coagulation (for HCC, SCCHN, and EOC)",
        "Blood Typing Interference Test",
        "Serology HBV and HCV (for HCC only)",
        "Urinalysis (at baseline and if required) /urine dipstick"
      ]
    },
    {
      "id": "grp_3",
      "name": "Disease Assessment",
      "description": null,
      "childIds": [],
      "instanceType": "Activity",
      "activityNames": [
        "CT/MRI (for HCC, SCCHN, and EOC)",
        "Brain MRI (for GBM only)",
        "AFP (for HCC) / CA125 (for EOC)",
        "Isatuximab Administration",
        "Atezolizumab Administration"
      ]
    }
  ],
  "footnotes": [
    "a A cycle is 21 days",
    "b Women of child bearing potential must have a negative serum pregnancy test result within 7 days prior to first IMP administration.",
    "c evaluation not applicable for Cohort E"
  ]
}