{
  "usdmVersion": "4.0",
  "systemName": "Protocol2USDM",
  "systemVersion": "0.1.0",
  "study": {
    "id": "ee2d9483-e115-466c-afc3-a83016eab594",
    "name": "",
    "instanceType": "Study",
    "versions": [
      {
        "id": "34be2bbd-4e0d-4908-8029-c23ffdacd1bf",
        "versionIdentifier": "1.0",
        "rationale": "Initial protocol version",
        "instanceType": "StudyVersion",
        "studyDesigns": [
          {
            "id": "sd_1",
            "name": "Study Design",
            "rationale": "Protocol-defined study design",
            "instanceType": "InterventionalStudyDesign",
            "blindingSchema": {
              "id": "04fbbdd6-ce68-4aca-b959-6021e1cecf84",
              "instanceType": "AliasCode",
              "standardCode": {
                "id": "4795bf0e-044f-4123-ba05-39d0226f7bea",
                "code": "C49656",
                "codeSystem": "http://www.cdisc.org",
                "codeSystemVersion": "2024-09-27",
                "decode": "Open Label",
                "instanceType": "Code"
              }
            },
            "model": {
              "id": "1af5c4d7-73f3-41ef-a2b3-daae75df00ca",
              "code": "C82638",
              "codeSystem": "http://www.cdisc.org",
              "codeSystemVersion": "2024-09-27",
              "decode": "Single Group Study",
              "instanceType": "Code"
            },
            "epochs": [
              {
                "id": "epoch_1",
                "name": "Screening",
                "instanceType": "StudyEpoch",
                "type": {
                  "id": "98f05eb0-02f6-4681-a530-f06fdf4fbe5a",
                  "code": "C98779",
                  "codeSystem": "http://www.cdisc.org",
                  "codeSystemVersion": "2024-09-27",
                  "decode": "Screening Epoch",
                  "instanceType": "Code"
                }
              },
              {
                "id": "epoch_2",
                "name": "Treatment Phase",
                "instanceType": "StudyEpoch",
                "type": {
                  "id": "c6958737-79d0-482d-b458-da0187ea1022",
                  "code": "C98780",
                  "codeSystem": "http://www.cdisc.org",
                  "codeSystemVersion": "2024-09-27",
                  "decode": "Treatment Epoch",
                  "instanceType": "Code"
                }
              },
              {
                "id": "epoch_3",
                "name": "End of Treatment (EOT)",
                "instanceType": "StudyEpoch",
                "type": {
                  "id": "30e5620f-0f9b-4d20-b4d6-fc625ef47928",
                  "code": "C98780",
                  "codeSystem": "http://www.cdisc.org",
                  "codeSystemVersion": "2024-09-27",
                  "decode": "Treatment Epoch",
                  "instanceType": "Code"
                }
              },
              {
                "id": "epoch_4",
                "name": "Post Treatment Follow-up Phase",
                "instanceType": "StudyEpoch",
                "type": {
                  "id": "dbbc9323-0f09-4f16-a3b3-6323a44c5d6e",
                  "code": "C98780",
                  "codeSystem": "http://www.cdisc.org",
                  "codeSystemVersion": "2024-09-27",
                  "decode": "Treatment Epoch",
                  "instanceType": "Code"
                }
              }
            ],
            "activities": [
              {
                "id": "grp_2",
                "name": "Laboratory Assessments",
                "instanceType": "Activity",
                "childIds": [
                  "act_8",
                  "act_9",
                  "act_10",
                  "act_11",
                  "act_12",
                  "act_13",
                  "act_14",
                  "act_15"
                ]
              },
              {
                "id": "grp_3",
                "name": "Disease Assessment",
                "instanceType": "Activity",
                "childIds": [
                  "act_16",
                  "act_17",
                  "act_18",
                  "act_19",
                  "act_20"
                ]
              },
              {
                "id": "act_2",
                "name": "Demography, Medical/Surgical and Disease History",
                "instanceType": "Activity",
                "description": "Demography, Medical/Surgical and Disease History"
              },
              {
                "id": "act_3",
                "name": "Physical examination",
                "instanceType": "Activity",
                "description": "Physical examination"
              },
              {
                "id": "act_4",
                "name": "Height (at baseline only) /Weight/ ECOG (HCC,SCCHN,EOC) or Karnofsky PS (GBM)",
                "instanceType": "Activity",
                "description": "Height (at baseline only) /Weight/ ECOG (HCC,SCCHN,EOC) or Karnofsky PS (GBM)"
              },
              {
                "id": "act_5",
                "name": "Vital Signs",
                "instanceType": "Activity",
                "description": "Vital Signs"
              },
              {
                "id": "act_6",
                "name": "Resting O2 saturation for SCCHN",
                "instanceType": "Activity",
                "description": "Resting O2 saturation for SCCHN"
              },
              {
                "id": "act_7",
                "name": "12-Lead ECG",
                "instanceType": "Activity",
                "description": "12-Lead ECG"
              },
              {
                "id": "act_8",
                "name": "Pregnancy test (WOCBP only)",
                "instanceType": "Activity",
                "description": "Women of child bearing potential must have a negative serum pregnancy test result within 7 days prior to first IMP administration."
              },
              {
                "id": "act_9",
                "name": "Blood Chemistry",
                "instanceType": "Activity",
                "description": "Blood Chemistry"
              },
              {
                "id": "act_10",
                "name": "Hematology",
                "instanceType": "Activity",
                "description": "Hematology"
              },
              {
                "id": "act_11",
                "name": "Coagulation(GBM)",
                "instanceType": "Activity",
                "description": "Coagulation(GBM)"
              },
              {
                "id": "act_12",
                "name": "Coagulation (for HCC, SCCHN, and EOC)",
                "instanceType": "Activity",
                "description": "Coagulation (for HCC, SCCHN, and EOC)"
              },
              {
                "id": "act_13",
                "name": "Blood Typing Interference Test",
                "instanceType": "Activity",
                "description": "Blood Typing Interference Test - Before each transfusion."
              },
              {
                "id": "act_14",
                "name": "Serology HBV and HCV (for HCC only)",
                "instanceType": "Activity",
                "description": "Serology HBV and HCV (for HCC only)"
              },
              {
                "id": "act_15",
                "name": "Urinalysis (at baseline and if required) /urine dipstick",
                "instanceType": "Activity",
                "description": "Urinalysis (at baseline and if required) /urine dipstick"
              },
              {
                "id": "act_16",
                "name": "CT/MRI (for HCC, SCCHN, and EOC)",
                "instanceType": "Activity",
                "description": "CT/MRI (for HCC, SCCHN, and EOC)"
              },
              {
                "id": "act_17",
                "name": "Brain MRI (for GBM only)",
                "instanceType": "Activity",
                "description": "Brain MRI (for GBM only)"
              },
              {
                "id": "act_18",
                "name": "AFP (for HCC) / CA125 (for EOC)",
                "instanceType": "Activity",
                "description": "AFP (for HCC) / CA125 (for EOC)"
              },
              {
                "id": "act_19",
                "name": "Isatuximab Administration",
                "instanceType": "Activity",
                "description": "Isatuximab Administration"
              },
              {
                "id": "act_20",
                "name": "Atezolizumab Administration",
                "instanceType": "Activity",
                "description": "Atezolizumab Administration"
              },
              {
                "id": "act_21",
                "name": "AE/SAE Assessment",
                "instanceType": "Activity",
                "description": "AE/SAE Assessment - Continuously throughout period"
              },
              {
                "id": "act_22",
                "name": "Prior/Concomitant Medication",
                "instanceType": "Activity",
                "description": "Prior/Concomitant Medication - within 14 days prior to first dose, continuously throughout period"
              },
              {
                "id": "act_23",
                "name": "Subsequent Anticancer Therapy Status",
                "instanceType": "Activity",
                "description": "Subsequent Anticancer Therapy Status"
              },
              {
                "id": "act_24",
                "name": "Survival Status",
                "instanceType": "Activity",
                "description": "Survival Status"
              }
            ],
            "encounters": [
              {
                "id": "enc_1",
                "name": "Screening D-28 to D-15",
                "instanceType": "Encounter",
                "type": {
                  "id": "f07ddb83-7540-413e-a5c2-6fb555059c1e",
                  "code": "C48262",
                  "codeSystem": "http://www.cdisc.org",
                  "codeSystemVersion": "2024-09-27",
                  "decode": "Screening",
                  "instanceType": "Code"
                },
                "epochId": "epoch_1"
              },
              {
                "id": "enc_2",
                "name": "Screening D-14 to D-1",
                "instanceType": "Encounter",
                "type": {
                  "id": "38fdcafa-e622-4a38-8ab5-8e3979e5db14",
                  "code": "C48262",
                  "codeSystem": "http://www.cdisc.org",
                  "codeSystemVersion": "2024-09-27",
                  "decode": "Screening",
                  "instanceType": "Code"
                },
                "epochId": "epoch_1"
              },
              {
                "id": "enc_3",
                "name": "Cycle 1 D1 (±1)",
                "instanceType": "Encounter",
                "type": {
                  "id": "ca1a246b-4335-4a41-9ed6-63f50e1f37da",
                  "code": "C99156",
                  "codeSystem": "http://www.cdisc.org",
                  "codeSystemVersion": "2024-09-27",
                  "decode": "Scheduled Visit",
                  "instanceType": "Code"
                },
                "epochId": "epoch_2"
              },
              {
                "id": "enc_4",
                "name": "Cycle 1 D8 (±1)",
                "instanceType": "Encounter",
                "type": {
                  "id": "1866856c-4613-4e5c-bf08-741d64f8b619",
                  "code": "C99156",
                  "codeSystem": "http://www.cdisc.org",
                  "codeSystemVersion": "2024-09-27",
                  "decode": "Scheduled Visit",
                  "instanceType": "Code"
                },
                "epochId": "epoch_2"
              },
              {
                "id": "enc_5",
                "name": "Cycle 1 D15 (±1)",
                "instanceType": "Encounter",
                "type": {
                  "id": "4c852063-4c2b-4bb3-83b5-83bfb0ab40fe",
                  "code": "C99156",
                  "codeSystem": "http://www.cdisc.org",
                  "codeSystemVersion": "2024-09-27",
                  "decode": "Scheduled Visit",
                  "instanceType": "Code"
                },
                "epochId": "epoch_2"
              },
              {
                "id": "enc_6",
                "name": "Cycle 2 and Beyond D1 (±2)",
                "instanceType": "Encounter",
                "type": {
                  "id": "b644069d-9bde-4ab5-a1d6-8c06c91db80c",
                  "code": "C99156",
                  "codeSystem": "http://www.cdisc.org",
                  "codeSystemVersion": "2024-09-27",
                  "decode": "Scheduled Visit",
                  "instanceType": "Code"
                },
                "epochId": "epoch_2"
              },
              {
                "id": "enc_7",
                "name": "EOT 30 (±7) days after last IMPs admin",
                "instanceType": "Encounter",
                "type": {
                  "id": "747d1675-3f1b-4d48-83d6-2c74b1c76fe4",
                  "code": "C99156",
                  "codeSystem": "http://www.cdisc.org",
                  "codeSystemVersion": "2024-09-27",
                  "decode": "Scheduled Visit",
                  "instanceType": "Code"
                },
                "epochId": "epoch_3"
              },
              {
                "id": "enc_8",
                "name": "Safety At 60 (±7) days after last IMPs admin",
                "instanceType": "Encounter",
                "type": {
                  "id": "2eb8fcf2-e8e8-4f75-90cf-d686f50d7fd1",
                  "code": "C99156",
                  "codeSystem": "http://www.cdisc.org",
                  "codeSystemVersion": "2024-09-27",
                  "decode": "Scheduled Visit",
                  "instanceType": "Code"
                },
                "epochId": "epoch_4"
              },
              {
                "id": "enc_9",
                "name": "Safety At 90 (±7) days after last IMPs admin",
                "instanceType": "Encounter",
                "type": {
                  "id": "c5115b36-e120-49ee-b1fe-f503f4eb730e",
                  "code": "C99156",
                  "codeSystem": "http://www.cdisc.org",
                  "codeSystemVersion": "2024-09-27",
                  "decode": "Scheduled Visit",
                  "instanceType": "Code"
                },
                "epochId": "epoch_4"
              },
              {
                "id": "enc_10",
                "name": "Survival Every 90 days (±7)",
                "instanceType": "Encounter",
                "type": {
                  "id": "ed3da847-3db7-4202-87d6-1db8ef913e75",
                  "code": "C99156",
                  "codeSystem": "http://www.cdisc.org",
                  "codeSystemVersion": "2024-09-27",
                  "decode": "Scheduled Visit",
                  "instanceType": "Code"
                },
                "epochId": "epoch_4"
              }
            ],
            "scheduleTimelines": [
              {
                "id": "timeline_1",
                "name": "Main Schedule Timeline",
                "mainTimeline": true,
                "instanceType": "ScheduleTimeline",
                "entryCondition": "Subject enrolled in study",
                "entryId": "07841056-558c-420f-a9e5-faa9f4c653cd",
                "instances": [
                  {
                    "id": "07841056-558c-420f-a9e5-faa9f4c653cd",
                    "activityIds": [
                      "act_1"
                    ],
                    "instanceType": "ScheduledActivityInstance",
                    "name": "act_1@enc_1",
                    "encounterId": "enc_1"
                  },
                  {
                    "id": "1ac72d26-b9f5-414f-b719-ddaaf049cb58",
                    "activityIds": [
                      "act_2"
                    ],
                    "instanceType": "ScheduledActivityInstance",
                    "name": "act_2@enc_1",
                    "encounterId": "enc_1"
                  },
                  {
                    "id": "08084802-c4d9-47ea-9fb3-5b9f4b69a6b7",
                    "activityIds": [
                      "act_3"
                    ],
                    "instanceType": "ScheduledActivityInstance",
                    "name": "act_3@enc_2",
                    "encounterId": "enc_2"
                  },
                  {
                    "id": "ebe51634-3b05-425d-ac89-75bf7ac23b90",
                    "activityIds": [
                      "act_3"
                    ],
                    "instanceType": "ScheduledActivityInstance",
                    "name": "act_3@enc_4",
                    "encounterId": "enc_4"
                  },
                  {
                    "id": "864ceafa-14c7-49fd-8d84-ccaf29b6afba",
                    "activityIds": [
                      "act_3"
                    ],
                    "instanceType": "ScheduledActivityInstance",
                    "name": "act_3@enc_5",
                    "encounterId": "enc_5"
                  },
                  {
                    "id": "74cd6bef-58e6-4b4e-bc4b-8904168b5334",
                    "activityIds": [
                      "act_3"
                    ],
                    "instanceType": "ScheduledActivityInstance",
                    "name": "act_3@enc_6",
                    "encounterId": "enc_6"
                  },
                  {
                    "id": "8a2d3153-6773-46b9-8ea6-4f3e9ebdb62a",
                    "activityIds": [
                      "act_3"
                    ],
                    "instanceType": "ScheduledActivityInstance",
                    "name": "act_3@enc_7",
                    "encounterId": "enc_7"
                  },
                  {
                    "id": "7a3e0961-2fd9-4359-bd64-0651de9f7217",
                    "activityIds": [
                      "act_3"
                    ],
                    "instanceType": "ScheduledActivityInstance",
                    "name": "act_3@enc_8",
                    "encounterId": "enc_8"
                  },
                  {
                    "id": "bb444f7a-59bf-4905-a717-dcc30507815c",
                    "activityIds": [
                      "act_3"
                    ],
                    "instanceType": "ScheduledActivityInstance",
                    "name": "act_3@enc_9",
                    "encounterId": "enc_9"
                  },
                  {
                    "id": "cb28de54-1653-49f8-85a6-45d00d8a25ec",
                    "activityIds": [
                      "act_4"
                    ],
                    "instanceType": "ScheduledActivityInstance",
                    "name": "act_4@enc_3",
                    "encounterId": "enc_3"
                  },
                  {
                    "id": "b2a6c98e-7145-4e4b-90a1-1475fbae0993",
                    "activityIds": [
                      "act_4"
                    ],
                    "instanceType": "ScheduledActivityInstance",
                    "name": "act_4@enc_4",
                    "encounterId": "enc_4"
                  },
                  {
                    "id": "cff4a530-337a-4f48-bfc0-3850d29a1c97",
                    "activityIds": [
                      "act_4"
                    ],
                    "instanceType": "ScheduledActivityInstance",
                    "name": "act_4@enc_5",
                    "encounterId": "enc_5"
                  },
                  {
                    "id": "4c90afd1-7bcf-41e6-a4a5-906c82e9cc45",
                    "activityIds": [
                      "act_4"
                    ],
                    "instanceType": "ScheduledActivityInstance",
                    "name": "act_4@enc_6",
                    "encounterId": "enc_6"
                  },
                  {
                    "id": "59248d61-9954-41e7-9074-5a24b1cb6f5d",
                    "activityIds": [
                      "act_4"
                    ],
                    "instanceType": "ScheduledActivityInstance",
                    "name": "act_4@enc_7",
                    "encounterId": "enc_7"
                  },
                  {
                    "id": "423f04e5-c7f1-47b5-87fb-394b327b49d8",
                    "activityIds": [
                      "act_4"
                    ],
                    "instanceType": "ScheduledActivityInstance",
                    "name": "act_4@enc_8",
                    "encounterId": "enc_8"
                  },
                  {
                    "id": "6f067885-4315-4aed-884c-5afdc56a2c25",
                    "activityIds": [
                      "act_4"
                    ],
                    "instanceType": "ScheduledActivityInstance",
                    "name": "act_4@enc_9",
                    "encounterId": "enc_9"
                  },
                  {
                    "id": "7a2dda6b-525f-41c0-aeb8-5f16051b8f36",
                    "activityIds": [
                      "act_5"
                    ],
                    "instanceType": "ScheduledActivityInstance",
                    "name": "act_5@enc_1",
                    "encounterId": "enc_1"
                  },
                  {
                    "id": "0e0a6b12-310b-4384-8152-e5e31fe5bb6f",
                    "activityIds": [
                      "act_5"
                    ],
                    "instanceType": "ScheduledActivityInstance",
                    "name": "act_5@enc_2",
                    "encounterId": "enc_2"
                  },
                  {
                    "id": "3d98e2d5-ea84-4153-a938-154d3ae919b7",
                    "activityIds": [
                      "act_5"
                    ],
                    "instanceType": "ScheduledActivityInstance",
                    "name": "act_5@enc_3",
                    "encounterId": "enc_3"
                  },
                  {
                    "id": "10c0441b-a1e3-440c-97d6-05fca497b07c",
                    "activityIds": [
                      "act_5"
                    ],
                    "instanceType": "ScheduledActivityInstance",
                    "name": "act_5@enc_4",
                    "encounterId": "enc_4"
                  },
                  {
                    "id": "2a1e6ec5-6745-444e-bea7-9aba11f1bfd4",
                    "activityIds": [
                      "act_5"
                    ],
                    "instanceType": "ScheduledActivityInstance",
                    "name": "act_5@enc_6",
                    "encounterId": "enc_6"
                  },
                  {
                    "id": "f274f463-7748-4f7f-b232-be6678a5ed87",
                    "activityIds": [
                      "act_5"
                    ],
                    "instanceType": "ScheduledActivityInstance",
                    "name": "act_5@enc_7",
                    "encounterId": "enc_7"
                  },
                  {
                    "id": "84b0f99f-90ba-499b-8e15-658d91b23fcb",
                    "activityIds": [
                      "act_5"
                    ],
                    "instanceType": "ScheduledActivityInstance",
                    "name": "act_5@enc_8",
                    "encounterId": "enc_8"
                  },
                  {
                    "id": "2dd45ba0-1b49-4b15-824e-ea02ffbc8f87",
                    "activityIds": [
                      "act_5"
                    ],
                    "instanceType": "ScheduledActivityInstance",
                    "name": "act_5@enc_9",
                    "encounterId": "enc_9"
                  },
                  {
                    "id": "f1da9bd4-e9c9-4d72-9c3a-58f6ae26bee3",
                    "activityIds": [
                      "act_6"
                    ],
                    "instanceType": "ScheduledActivityInstance",
                    "name": "act_6@enc_1",
                    "encounterId": "enc_1"
                  },
                  {
                    "id": "be7f7164-b124-4840-9517-7e69484cd35d",
                    "activityIds": [
                      "act_6"
                    ],
                    "instanceType": "ScheduledActivityInstance",
                    "name": "act_6@enc_2",
                    "encounterId": "enc_2"
                  },
                  {
                    "id": "fdcffe14-8e75-4874-8e1f-3e175de5b4d5",
                    "activityIds": [
                      "act_6"
                    ],
                    "instanceType": "ScheduledActivityInstance",
                    "name": "act_6@enc_3",
                    "encounterId": "enc_3"
                  },
                  {
                    "id": "975ba386-d829-4870-bcc9-78986ef57584",
                    "activityIds": [
                      "act_6"
                    ],
                    "instanceType": "ScheduledActivityInstance",
                    "name": "act_6@enc_4",
                    "encounterId": "enc_4"
                  },
                  {
                    "id": "31797e70-cccd-422c-88b2-6f7293301600",
                    "activityIds": [
                      "act_6"
                    ],
                    "instanceType": "ScheduledActivityInstance",
                    "name": "act_6@enc_6",
                    "encounterId": "enc_6"
                  },
                  {
                    "id": "7fb79509-7c33-47ec-a8a4-60b66d97c21c",
                    "activityIds": [
                      "act_6"
                    ],
                    "instanceType": "ScheduledActivityInstance",
                    "name": "act_6@enc_7",
                    "encounterId": "enc_7"
                  },
                  {
                    "id": "9e20c5f0-f53d-4781-9af3-d5369331892d",
                    "activityIds": [
                      "act_7"
                    ],
                    "instanceType": "ScheduledActivityInstance",
                    "name": "act_7@enc_1",
                    "encounterId": "enc_1"
                  },
                  {
                    "id": "a5f6f744-0c05-40b9-bdd7-cf3818bd1699",
                    "activityIds": [
                      "act_8"
                    ],
                    "instanceType": "ScheduledActivityInstance",
                    "name": "act_8@enc_2",
                    "encounterId": "enc_2"
                  },
                  {
                    "id": "ecc4a84e-d0e1-460d-b5e0-d458ad7819ee",
                    "activityIds": [
                      "act_8"
                    ],
                    "instanceType": "ScheduledActivityInstance",
                    "name": "act_8@enc_6",
                    "encounterId": "enc_6"
                  },
                  {
                    "id": "d130c617-e0d9-42cf-87be-7e2626db42bf",
                    "activityIds": [
                      "act_8"
                    ],
                    "instanceType": "ScheduledActivityInstance",
                    "name": "act_8@enc_7",
                    "encounterId": "enc_7"
                  },
                  {
                    "id": "8232a291-7e20-4aa7-b8c5-6847fb1803b8",
                    "activityIds": [
                      "act_8"
                    ],
                    "instanceType": "ScheduledActivityInstance",
                    "name": "act_8@enc_8",
                    "encounterId": "enc_8"
                  },
                  {
                    "id": "72d6cca7-34ed-45f3-a6dd-101a24be3af9",
                    "activityIds": [
                      "act_8"
                    ],
                    "instanceType": "ScheduledActivityInstance",
                    "name": "act_8@enc_9",
                    "encounterId": "enc_9"
                  },
                  {
                    "id": "251e6e25-4d73-4242-a1d7-ca91cfed61ce",
                    "activityIds": [
                      "act_9"
                    ],
                    "instanceType": "ScheduledActivityInstance",
                    "name": "act_9@enc_2",
                    "encounterId": "enc_2"
                  },
                  {
                    "id": "93faf429-f68c-41bc-88e2-98734cc8a110",
                    "activityIds": [
                      "act_9"
                    ],
                    "instanceType": "ScheduledActivityInstance",
                    "name": "act_9@enc_3",
                    "encounterId": "enc_3"
                  },
                  {
                    "id": "170e51c6-a319-439a-8e06-bdb09276efa0",
                    "activityIds": [
                      "act_9"
                    ],
                    "instanceType": "ScheduledActivityInstance",
                    "name": "act_9@enc_4",
                    "encounterId": "enc_4"
                  },
                  {
                    "id": "af1fb1e0-3119-47a6-aa71-fb1828a3fcb8",
                    "activityIds": [
                      "act_9"
                    ],
                    "instanceType": "ScheduledActivityInstance",
                    "name": "act_9@enc_5",
                    "encounterId": "enc_5"
                  },
                  {
                    "id": "8219ccf8-1250-4691-9699-167dcfbe90ea",
                    "activityIds": [
                      "act_9"
                    ],
                    "instanceType": "ScheduledActivityInstance",
                    "name": "act_9@enc_6",
                    "encounterId": "enc_6"
                  },
                  {
                    "id": "637bdc08-4b83-4901-8af8-2273d98eb0e1",
                    "activityIds": [
                      "act_9"
                    ],
                    "instanceType": "ScheduledActivityInstance",
                    "name": "act_9@enc_7",
                    "encounterId": "enc_7"
                  },
                  {
                    "id": "feacd438-3afb-4e3d-a686-78a0592baf4e",
                    "activityIds": [
                      "act_9"
                    ],
                    "instanceType": "ScheduledActivityInstance",
                    "name": "act_9@enc_8",
                    "encounterId": "enc_8"
                  },
                  {
                    "id": "24965176-6410-49f3-bc31-cc2d6fe1241c",
                    "activityIds": [
                      "act_9"
                    ],
                    "instanceType": "ScheduledActivityInstance",
                    "name": "act_9@enc_10",
                    "encounterId": "enc_10"
                  },
                  {
                    "id": "c96cd67f-d7dd-4986-a0ae-6fdfb2873268",
                    "activityIds": [
                      "act_10"
                    ],
                    "instanceType": "ScheduledActivityInstance",
                    "name": "act_10@enc_2",
                    "encounterId": "enc_2"
                  },
                  {
                    "id": "9c9d41f0-f126-4c2c-8dc6-2578e3ce7882",
                    "activityIds": [
                      "act_10"
                    ],
                    "instanceType": "ScheduledActivityInstance",
                    "name": "act_10@enc_3",
                    "encounterId": "enc_3"
                  },
                  {
                    "id": "3ed52fc4-6771-472f-a2ae-47f51cf71031",
                    "activityIds": [
                      "act_10"
                    ],
                    "instanceType": "ScheduledActivityInstance",
                    "name": "act_10@enc_4",
                    "encounterId": "enc_4"
                  },
                  {
                    "id": "8246294b-43f6-4d96-a5d6-4ff6e5dc75bf",
                    "activityIds": [
                      "act_10"
                    ],
                    "instanceType": "ScheduledActivityInstance",
                    "name": "act_10@enc_5",
                    "encounterId": "enc_5"
                  },
                  {
                    "id": "2e1f3054-dec8-4b7e-97df-1e89f4996645",
                    "activityIds": [
                      "act_10"
                    ],
                    "instanceType": "ScheduledActivityInstance",
                    "name": "act_10@enc_6",
                    "encounterId": "enc_6"
                  },
                  {
                    "id": "51127792-490b-49fa-94f0-226a76710567",
                    "activityIds": [
                      "act_10"
                    ],
                    "instanceType": "ScheduledActivityInstance",
                    "name": "act_10@enc_7",
                    "encounterId": "enc_7"
                  },
                  {
                    "id": "175db5e8-6d6c-418e-8f18-fef6bd555cc3",
                    "activityIds": [
                      "act_10"
                    ],
                    "instanceType": "ScheduledActivityInstance",
                    "name": "act_10@enc_8",
                    "encounterId": "enc_8"
                  },
                  {
                    "id": "ce115b80-46a4-43fb-a620-75992ec4b447",
                    "activityIds": [
                      "act_10"
                    ],
                    "instanceType": "ScheduledActivityInstance",
                    "name": "act_10@enc_9",
                    "encounterId": "enc_9"
                  },
                  {
                    "id": "c1ab7046-70bc-484a-ad0f-4828339b517b",
                    "activityIds": [
                      "act_11"
                    ],
                    "instanceType": "ScheduledActivityInstance",
                    "name": "act_11@enc_2",
                    "encounterId": "enc_2"
                  },
                  {
                    "id": "3345fd01-f1a1-4136-9d87-275c3ce42634",
                    "activityIds": [
                      "act_11"
                    ],
                    "instanceType": "ScheduledActivityInstance",
                    "name": "act_11@enc_3",
                    "encounterId": "enc_3"
                  },
                  {
                    "id": "0ad1f355-0d09-4ed2-889e-1870e58aace5",
                    "activityIds": [
                      "act_11"
                    ],
                    "instanceType": "ScheduledActivityInstance",
                    "name": "act_11@enc_4",
                    "encounterId": "enc_4"
                  },
                  {
                    "id": "976029fa-cbb0-45be-85fa-989cb9290c13",
                    "activityIds": [
                      "act_11"
                    ],
                    "instanceType": "ScheduledActivityInstance",
                    "name": "act_11@enc_5",
                    "encounterId": "enc_5"
                  },
                  {
                    "id": "cafb4134-bcc3-4ce0-b06b-9b3c6a864e8d",
                    "activityIds": [
                      "act_11"
                    ],
                    "instanceType": "ScheduledActivityInstance",
                    "name": "act_11@enc_6",
                    "encounterId": "enc_6"
                  },
                  {
                    "id": "368dcfa2-3193-4d01-845d-0c8650d99358",
                    "activityIds": [
                      "act_11"
                    ],
                    "instanceType": "ScheduledActivityInstance",
                    "name": "act_11@enc_7",
                    "encounterId": "enc_7"
                  },
                  {
                    "id": "3f0ee5fd-7477-4f0c-800d-07351aefc75a",
                    "activityIds": [
                      "act_12"
                    ],
                    "instanceType": "ScheduledActivityInstance",
                    "name": "act_12@enc_2",
                    "encounterId": "enc_2"
                  },
                  {
                    "id": "3ee76550-be0b-427a-8017-2da0729f8a20",
                    "activityIds": [
                      "act_13"
                    ],
                    "instanceType": "ScheduledActivityInstance",
                    "name": "act_13@enc_2",
                    "encounterId": "enc_2"
                  },
                  {
                    "id": "64f9830c-0174-4d78-b5d5-529becbf483f",
                    "activityIds": [
                      "act_14"
                    ],
                    "instanceType": "ScheduledActivityInstance",
                    "name": "act_14@enc_1",
                    "encounterId": "enc_1"
                  },
                  {
                    "id": "eee7c345-53cc-4973-84d0-ceaa13aa05a2",
                    "activityIds": [
                      "act_15"
                    ],
                    "instanceType": "ScheduledActivityInstance",
                    "name": "act_15@enc_2",
                    "encounterId": "enc_2"
                  },
                  {
                    "id": "0d6807d1-1db5-4b71-8cd3-a538cd2ac645",
                    "activityIds": [
                      "act_15"
                    ],
                    "instanceType": "ScheduledActivityInstance",
                    "name": "act_15@enc_3",
                    "encounterId": "enc_3"
                  },
                  {
                    "id": "688688cb-aad3-42c3-b7cc-bf8f369df06a",
                    "activityIds": [
                      "act_15"
                    ],
                    "instanceType": "ScheduledActivityInstance",
                    "name": "act_15@enc_7",
                    "encounterId": "enc_7"
                  },
                  {
                    "id": "b77238f5-7716-436b-8a31-fe40e19714f3",
                    "activityIds": [
                      "act_15"
                    ],
                    "instanceType": "ScheduledActivityInstance",
                    "name": "act_15@enc_8",
                    "encounterId": "enc_8"
                  },
                  {
                    "id": "33e34edd-d1a3-4dfd-a86d-f5fc7b5e68df",
                    "activityIds": [
                      "act_15"
                    ],
                    "instanceType": "ScheduledActivityInstance",
                    "name": "act_15@enc_9",
                    "encounterId": "enc_9"
                  },
                  {
                    "id": "d744e84d-ff5a-47e7-922d-99cdee8d65a9",
                    "activityIds": [
                      "act_16"
                    ],
                    "instanceType": "ScheduledActivityInstance",
                    "name": "act_16@enc_1",
                    "encounterId": "enc_1"
                  },
                  {
                    "id": "8a9f7fe1-2d24-4ccb-98bc-a2f62460012a",
                    "activityIds": [
                      "act_16"
                    ],
                    "instanceType": "ScheduledActivityInstance",
                    "name": "act_16@enc_7",
                    "encounterId": "enc_7"
                  },
                  {
                    "id": "53650245-2321-4edd-b9e2-1d0d5b382b5e",
                    "activityIds": [
                      "act_17"
                    ],
                    "instanceType": "ScheduledActivityInstance",
                    "name": "act_17@enc_2",
                    "encounterId": "enc_2"
                  },
                  {
                    "id": "a6ce78b4-77aa-49c9-b28a-7c7cfc3ed424",
                    "activityIds": [
                      "act_17"
                    ],
                    "instanceType": "ScheduledActivityInstance",
                    "name": "act_17@enc_7",
                    "encounterId": "enc_7"
                  },
                  {
                    "id": "bd42f5b6-cd64-436f-b540-dc1906e1be60",
                    "activityIds": [
                      "act_18"
                    ],
                    "instanceType": "ScheduledActivityInstance",
                    "name": "act_18@enc_3",
                    "encounterId": "enc_3"
                  },
                  {
                    "id": "4dc6a96d-e0b9-4015-942d-fc6d07c426a7",
                    "activityIds": [
                      "act_18"
                    ],
                    "instanceType": "ScheduledActivityInstance",
                    "name": "act_18@enc_7",
                    "encounterId": "enc_7"
                  },
                  {
                    "id": "3fbca25c-dca4-4705-b16f-b55464913dfa",
                    "activityIds": [
                      "act_19"
                    ],
                    "instanceType": "ScheduledActivityInstance",
                    "name": "act_19@enc_3",
                    "encounterId": "enc_3"
                  },
                  {
                    "id": "836c5406-4ffa-4e84-a6a1-dfd1e38f1a98",
                    "activityIds": [
                      "act_19"
                    ],
                    "instanceType": "ScheduledActivityInstance",
                    "name": "act_19@enc_4",
                    "encounterId": "enc_4"
                  },
                  {
                    "id": "c4876c7e-ed9e-4879-8c1c-84055b34754b",
                    "activityIds": [
                      "act_19"
                    ],
                    "instanceType": "ScheduledActivityInstance",
                    "name": "act_19@enc_5",
                    "encounterId": "enc_5"
                  },
                  {
                    "id": "bae1b232-9bda-4182-b217-16afab795f0b",
                    "activityIds": [
                      "act_19"
                    ],
                    "instanceType": "ScheduledActivityInstance",
                    "name": "act_19@enc_6",
                    "encounterId": "enc_6"
                  },
                  {
                    "id": "c899fa71-4db2-4fe0-a8e9-a34cbd776969",
                    "activityIds": [
                      "act_20"
                    ],
                    "instanceType": "ScheduledActivityInstance",
                    "name": "act_20@enc_3",
                    "encounterId": "enc_3"
                  },
                  {
                    "id": "79b6bbeb-49d9-47a6-821d-868a290b7ddc",
                    "activityIds": [
                      "act_20"
                    ],
                    "instanceType": "ScheduledActivityInstance",
                    "name": "act_20@enc_6",
                    "encounterId": "enc_6"
                  },
                  {
                    "id": "bd79b29c-f362-4ee1-86e2-6a3f8ee3015a",
                    "activityIds": [
                      "act_21"
                    ],
                    "instanceType": "ScheduledActivityInstance",
                    "name": "act_21@enc_1",
                    "encounterId": "enc_1"
                  },
                  {
                    "id": "106b1110-1e2c-4209-b5de-e80302481a52",
                    "activityIds": [
                      "act_21"
                    ],
                    "instanceType": "ScheduledActivityInstance",
                    "name": "act_21@enc_2",
                    "encounterId": "enc_2"
                  },
                  {
                    "id": "31fd4bf6-ebd0-4b06-966b-b74d5b571531",
                    "activityIds": [
                      "act_21"
                    ],
                    "instanceType": "ScheduledActivityInstance",
                    "name": "act_21@enc_3",
                    "encounterId": "enc_3"
                  },
                  {
                    "id": "5c50c9be-b3c0-4548-ad62-1d7f6d8deda8",
                    "activityIds": [
                      "act_21"
                    ],
                    "instanceType": "ScheduledActivityInstance",
                    "name": "act_21@enc_4",
                    "encounterId": "enc_4"
                  },
                  {
                    "id": "88b4a3e7-98bf-4389-b57f-537ddb305712",
                    "activityIds": [
                      "act_21"
                    ],
                    "instanceType": "ScheduledActivityInstance",
                    "name": "act_21@enc_5",
                    "encounterId": "enc_5"
                  },
                  {
                    "id": "640bbd29-d310-4ccf-82a0-bcd0f6e49f3d",
                    "activityIds": [
                      "act_21"
                    ],
                    "instanceType": "ScheduledActivityInstance",
                    "name": "act_21@enc_6",
                    "encounterId": "enc_6"
                  },
                  {
                    "id": "6f353806-ae3a-4c5f-818a-5e9276cca34d",
                    "activityIds": [
                      "act_21"
                    ],
                    "instanceType": "ScheduledActivityInstance",
                    "name": "act_21@enc_7",
                    "encounterId": "enc_7"
                  },
                  {
                    "id": "9e193ade-9f9b-46a6-abb0-d114187dbb52",
                    "activityIds": [
                      "act_21"
                    ],
                    "instanceType": "ScheduledActivityInstance",
                    "name": "act_21@enc_8",
                    "encounterId": "enc_8"
                  },
                  {
                    "id": "a131c00f-0332-4759-8855-ba9c18294d88",
                    "activityIds": [
                      "act_21"
                    ],
                    "instanceType": "ScheduledActivityInstance",
                    "name": "act_21@enc_9",
                    "encounterId": "enc_9"
                  },
                  {
                    "id": "5331283c-a6cb-4734-b848-9bdcf1a2674d",
                    "activityIds": [
                      "act_22"
                    ],
                    "instanceType": "ScheduledActivityInstance",
                    "name": "act_22@enc_1",
                    "encounterId": "enc_1"
                  },
                  {
                    "id": "cdbac5ff-24c7-4446-bfc5-fecbb1fdb028",
                    "activityIds": [
                      "act_22"
                    ],
                    "instanceType": "ScheduledActivityInstance",
                    "name": "act_22@enc_2",
                    "encounterId": "enc_2"
                  },
                  {
                    "id": "9c63f82a-d98f-4705-99b1-b97535ec5f99",
                    "activityIds": [
                      "act_22"
                    ],
                    "instanceType": "ScheduledActivityInstance",
                    "name": "act_22@enc_3",
                    "encounterId": "enc_3"
                  },
                  {
                    "id": "191e1841-c07a-4353-b33f-50718e082fc3",
                    "activityIds": [
                      "act_22"
                    ],
                    "instanceType": "ScheduledActivityInstance",
                    "name": "act_22@enc_4",
                    "encounterId": "enc_4"
                  },
                  {
                    "id": "70537443-97c9-464b-938c-fcc263a07b4c",
                    "activityIds": [
                      "act_22"
                    ],
                    "instanceType": "ScheduledActivityInstance",
                    "name": "act_22@enc_5",
                    "encounterId": "enc_5"
                  },
                  {
                    "id": "64d46790-25cc-4ec8-8bb8-66ea98a44614",
                    "activityIds": [
                      "act_22"
                    ],
                    "instanceType": "ScheduledActivityInstance",
                    "name": "act_22@enc_6",
                    "encounterId": "enc_6"
                  },
                  {
                    "id": "3d65a87d-75ec-4dff-bd32-6c2bacdaa9d2",
                    "activityIds": [
                      "act_22"
                    ],
                    "instanceType": "ScheduledActivityInstance",
                    "name": "act_22@enc_7",
                    "encounterId": "enc_7"
                  },
                  {
                    "id": "0f922169-8068-420b-96ae-d09b82404904",
                    "activityIds": [
                      "act_22"
                    ],
                    "instanceType": "ScheduledActivityInstance",
                    "name": "act_22@enc_8",
                    "encounterId": "enc_8"
                  },
                  {
                    "id": "206e8733-3047-411a-9492-baff3987e60c",
                    "activityIds": [
                      "act_22"
                    ],
                    "instanceType": "ScheduledActivityInstance",
                    "name": "act_22@enc_9",
                    "encounterId": "enc_9"
                  },
                  {
                    "id": "b0fb4e99-8ea8-47b1-8611-e525973b441b",
                    "activityIds": [
                      "act_23"
                    ],
                    "instanceType": "ScheduledActivityInstance",
                    "name": "act_23@enc_7",
                    "encounterId": "enc_7"
                  },
                  {
                    "id": "eec7d54d-fe23-498d-b133-2f3e0a5521de",
                    "activityIds": [
                      "act_23"
                    ],
                    "instanceType": "ScheduledActivityInstance",
                    "name": "act_23@enc_8",
                    "encounterId": "enc_8"
                  },
                  {
                    "id": "f13bcf44-1db3-4a67-a8df-65b544a2f698",
                    "activityIds": [
                      "act_23"
                    ],
                    "instanceType": "ScheduledActivityInstance",
                    "name": "act_23@enc_9",
                    "encounterId": "enc_9"
                  },
                  {
                    "id": "fce24b6e-d1df-41cf-8a71-4737100e96cf",
                    "activityIds": [
                      "act_23"
                    ],
                    "instanceType": "ScheduledActivityInstance",
                    "name": "act_23@enc_10",
                    "encounterId": "enc_10"
                  },
                  {
                    "id": "98f2e005-3e54-4611-9d92-4efca3a752ad",
                    "activityIds": [
                      "act_24"
                    ],
                    "instanceType": "ScheduledActivityInstance",
                    "name": "act_24@enc_10",
                    "encounterId": "enc_10"
                  }
                ]
              }
            ]
          }
        ]
      }
    ]
  }
}