{
  "usdmVersion": "4.0",
  "systemName": "Protocol2USDM",
  "systemVersion": "6.2.0",
  "study": {
    "id": "e32ffcb8-96d2-4120-9d61-199704ffcb79",
    "name": "",
    "instanceType": "Study",
    "versions": [
      {
        "id": "9456bc8e-e972-4201-bd7b-e668f637b36e",
        "versionIdentifier": "1.0",
        "rationale": "Initial protocol version",
        "instanceType": "StudyVersion",
        "studyDesigns": [
          {
            "id": "sd_1",
            "name": "Study Design",
            "rationale": "Protocol-defined study design",
            "instanceType": "InterventionalStudyDesign",
            "blindingSchema": {
              "id": "b1f7c57e-ed68-4d8f-9af2-9db982e6b997",
              "instanceType": "AliasCode",
              "standardCode": {
                "id": "441bb68f-f536-4a81-af2a-a08ea9d62323",
                "code": "C49656",
                "codeSystem": "http://www.cdisc.org",
                "codeSystemVersion": "2024-09-27",
                "decode": "Open Label",
                "instanceType": "Code"
              }
            },
            "model": {
              "id": "5e99c496-5c4e-4104-b2ce-96197d15fbe1",
              "code": "C82638",
              "codeSystem": "http://www.cdisc.org",
              "codeSystemVersion": "2024-09-27",
              "decode": "Single Group Study",
              "instanceType": "Code"
            },
            "epochs": [
              {
                "id": "epoch_1",
                "name": "Screening",
                "instanceType": "StudyEpoch",
                "type": {
                  "id": "79c0a74e-93b0-495e-89ec-2486f268e25e",
                  "code": "C98779",
                  "codeSystem": "http://www.cdisc.org",
                  "codeSystemVersion": "2024-09-27",
                  "decode": "Screening Epoch",
                  "instanceType": "Code"
                }
              },
              {
                "id": "epoch_2",
                "name": "Treatment Phase",
                "instanceType": "StudyEpoch",
                "type": {
                  "id": "579c98af-1915-4d21-b119-52989460c979",
                  "code": "C98780",
                  "codeSystem": "http://www.cdisc.org",
                  "codeSystemVersion": "2024-09-27",
                  "decode": "Treatment Epoch",
                  "instanceType": "Code"
                }
              },
              {
                "id": "epoch_3",
                "name": "End of Treatment (EOT)",
                "instanceType": "StudyEpoch",
                "type": {
                  "id": "f69b6108-fd81-4d72-82aa-679603106244",
                  "code": "C98780",
                  "codeSystem": "http://www.cdisc.org",
                  "codeSystemVersion": "2024-09-27",
                  "decode": "Treatment Epoch",
                  "instanceType": "Code"
                }
              },
              {
                "id": "epoch_4",
                "name": "Post Treatment Follow-up Phase",
                "instanceType": "StudyEpoch",
                "type": {
                  "id": "d24905a3-c03b-4705-ad72-9abadc7c5632",
                  "code": "C98780",
                  "codeSystem": "http://www.cdisc.org",
                  "codeSystemVersion": "2024-09-27",
                  "decode": "Treatment Epoch",
                  "instanceType": "Code"
                }
              }
            ],
            "activities": [
              {
                "id": "grp_2",
                "name": "Laboratory Assessments",
                "instanceType": "Activity",
                "childIds": [
                  "act_8",
                  "act_9",
                  "act_10",
                  "act_11",
                  "act_12",
                  "act_13",
                  "act_14",
                  "act_15"
                ]
              },
              {
                "id": "grp_3",
                "name": "Disease Assessment",
                "instanceType": "Activity",
                "childIds": [
                  "act_16",
                  "act_17",
                  "act_18",
                  "act_19",
                  "act_20"
                ]
              },
              {
                "id": "act_2",
                "name": "Demography, Medical/Surgical and Disease History",
                "instanceType": "Activity",
                "description": "Demography, Medical/Surgical and Disease History"
              },
              {
                "id": "act_3",
                "name": "Physical examination",
                "instanceType": "Activity",
                "description": "Physical examination"
              },
              {
                "id": "act_4",
                "name": "Height (at baseline only) /Weight/ ECOG (HCC,SCCHN,EOC) or Karnofsky PS (GBM)",
                "instanceType": "Activity",
                "description": "Height (at baseline only) /Weight/ ECOG (HCC,SCCHN,EOC) or Karnofsky PS (GBM)"
              },
              {
                "id": "act_5",
                "name": "Vital Signs",
                "instanceType": "Activity",
                "description": "Vital Signs"
              },
              {
                "id": "act_6",
                "name": "Resting O2 saturation for SCCHN",
                "instanceType": "Activity",
                "description": "Resting O2 saturation for SCCHN"
              },
              {
                "id": "act_7",
                "name": "12-Lead ECG",
                "instanceType": "Activity",
                "description": "12-Lead ECG"
              },
              {
                "id": "act_8",
                "name": "Pregnancy test (WOCBP only)",
                "instanceType": "Activity",
                "description": "Women of child bearing potential must have a negative serum pregnancy test result within 7 days prior to first IMP administration."
              },
              {
                "id": "act_9",
                "name": "Blood Chemistry",
                "instanceType": "Activity",
                "description": "Blood Chemistry"
              },
              {
                "id": "act_10",
                "name": "Hematology",
                "instanceType": "Activity",
                "description": "Hematology"
              },
              {
                "id": "act_11",
                "name": "Coagulation(GBM)",
                "instanceType": "Activity",
                "description": "Coagulation(GBM)"
              },
              {
                "id": "act_12",
                "name": "Coagulation (for HCC, SCCHN, and EOC)",
                "instanceType": "Activity",
                "description": "Coagulation (for HCC, SCCHN, and EOC)"
              },
              {
                "id": "act_13",
                "name": "Blood Typing Interference Test",
                "instanceType": "Activity",
                "description": "Blood Typing Interference Test - Before each transfusion."
              },
              {
                "id": "act_14",
                "name": "Serology HBV and HCV (for HCC only)",
                "instanceType": "Activity",
                "description": "Serology HBV and HCV (for HCC only)"
              },
              {
                "id": "act_15",
                "name": "Urinalysis (at baseline and if required) /urine dipstick",
                "instanceType": "Activity",
                "description": "Urinalysis (at baseline and if required) /urine dipstick"
              },
              {
                "id": "act_16",
                "name": "CT/MRI (for HCC, SCCHN, and EOC)",
                "instanceType": "Activity",
                "description": "CT/MRI (for HCC, SCCHN, and EOC)"
              },
              {
                "id": "act_17",
                "name": "Brain MRI (for GBM only)",
                "instanceType": "Activity",
                "description": "Brain MRI (for GBM only)"
              },
              {
                "id": "act_18",
                "name": "AFP (for HCC) / CA125 (for EOC)",
                "instanceType": "Activity",
                "description": "AFP (for HCC) / CA125 (for EOC)"
              },
              {
                "id": "act_19",
                "name": "Isatuximab Administration",
                "instanceType": "Activity",
                "description": "Isatuximab Administration"
              },
              {
                "id": "act_20",
                "name": "Atezolizumab Administration",
                "instanceType": "Activity",
                "description": "Atezolizumab Administration"
              },
              {
                "id": "act_21",
                "name": "AE/SAE Assessment",
                "instanceType": "Activity",
                "description": "AE/SAE Assessment - Continuously throughout period"
              },
              {
                "id": "act_22",
                "name": "Prior/Concomitant Medication",
                "instanceType": "Activity",
                "description": "Prior/Concomitant Medication - within 14 days prior to first dose, continuously throughout period"
              },
              {
                "id": "act_23",
                "name": "Subsequent Anticancer Therapy Status",
                "instanceType": "Activity",
                "description": "Subsequent Anticancer Therapy Status"
              },
              {
                "id": "act_24",
                "name": "Survival Status",
                "instanceType": "Activity",
                "description": "Survival Status"
              }
            ],
            "encounters": [
              {
                "id": "enc_1",
                "name": "Screening D-28 to D-15",
                "instanceType": "Encounter",
                "type": {
                  "id": "c47acc6d-4584-4120-b4c7-efa6e701e06f",
                  "code": "C48262",
                  "codeSystem": "http://www.cdisc.org",
                  "codeSystemVersion": "2024-09-27",
                  "decode": "Screening",
                  "instanceType": "Code"
                },
                "epochId": "epoch_1"
              },
              {
                "id": "enc_2",
                "name": "Screening D-14 to D-1",
                "instanceType": "Encounter",
                "type": {
                  "id": "4f729291-96ea-4dde-9381-f655b9e9b613",
                  "code": "C48262",
                  "codeSystem": "http://www.cdisc.org",
                  "codeSystemVersion": "2024-09-27",
                  "decode": "Screening",
                  "instanceType": "Code"
                },
                "epochId": "epoch_1"
              },
              {
                "id": "enc_3",
                "name": "Cycle 1 D1 (±1)",
                "instanceType": "Encounter",
                "type": {
                  "id": "97c1b066-d064-4e7c-8461-edfeba7653a6",
                  "code": "C99156",
                  "codeSystem": "http://www.cdisc.org",
                  "codeSystemVersion": "2024-09-27",
                  "decode": "Scheduled Visit",
                  "instanceType": "Code"
                },
                "epochId": "epoch_2"
              },
              {
                "id": "enc_4",
                "name": "Cycle 1 D8 (±1)",
                "instanceType": "Encounter",
                "type": {
                  "id": "90cbe16a-f3bf-4d83-801b-d4d33ec4fcf8",
                  "code": "C99156",
                  "codeSystem": "http://www.cdisc.org",
                  "codeSystemVersion": "2024-09-27",
                  "decode": "Scheduled Visit",
                  "instanceType": "Code"
                },
                "epochId": "epoch_2"
              },
              {
                "id": "enc_5",
                "name": "Cycle 1 D15 (±1)",
                "instanceType": "Encounter",
                "type": {
                  "id": "a4f396e4-1b26-4583-aec3-516392ec0378",
                  "code": "C99156",
                  "codeSystem": "http://www.cdisc.org",
                  "codeSystemVersion": "2024-09-27",
                  "decode": "Scheduled Visit",
                  "instanceType": "Code"
                },
                "epochId": "epoch_2"
              },
              {
                "id": "enc_6",
                "name": "Cycle 2 and Beyond D1 (±2)",
                "instanceType": "Encounter",
                "type": {
                  "id": "711d2305-bdf4-40b4-9fef-422c56333c73",
                  "code": "C99156",
                  "codeSystem": "http://www.cdisc.org",
                  "codeSystemVersion": "2024-09-27",
                  "decode": "Scheduled Visit",
                  "instanceType": "Code"
                },
                "epochId": "epoch_2"
              },
              {
                "id": "enc_7",
                "name": "EOT 30 (±7) days after last IMPs admin",
                "instanceType": "Encounter",
                "type": {
                  "id": "debf37a5-a34b-4e0c-9993-813d06dd4ae3",
                  "code": "C99156",
                  "codeSystem": "http://www.cdisc.org",
                  "codeSystemVersion": "2024-09-27",
                  "decode": "Scheduled Visit",
                  "instanceType": "Code"
                },
                "epochId": "epoch_3"
              },
              {
                "id": "enc_8",
                "name": "Safety At 60 (±7) days after last IMPs admin",
                "instanceType": "Encounter",
                "type": {
                  "id": "438368fb-3e38-4c62-b150-b9485e3af46e",
                  "code": "C99156",
                  "codeSystem": "http://www.cdisc.org",
                  "codeSystemVersion": "2024-09-27",
                  "decode": "Scheduled Visit",
                  "instanceType": "Code"
                },
                "epochId": "epoch_4"
              },
              {
                "id": "enc_9",
                "name": "Safety At 90 (±7) days after last IMPs admin",
                "instanceType": "Encounter",
                "type": {
                  "id": "34aa0524-133b-4722-8efb-ad3f4ca7d353",
                  "code": "C99156",
                  "codeSystem": "http://www.cdisc.org",
                  "codeSystemVersion": "2024-09-27",
                  "decode": "Scheduled Visit",
                  "instanceType": "Code"
                },
                "epochId": "epoch_4"
              },
              {
                "id": "enc_10",
                "name": "Survival Every 90 days (±7)",
                "instanceType": "Encounter",
                "type": {
                  "id": "46b27417-f57b-4d7c-8259-e6c2f3b2e486",
                  "code": "C99156",
                  "codeSystem": "http://www.cdisc.org",
                  "codeSystemVersion": "2024-09-27",
                  "decode": "Scheduled Visit",
                  "instanceType": "Code"
                },
                "epochId": "epoch_4"
              }
            ],
            "scheduleTimelines": [
              {
                "id": "timeline_1",
                "name": "Main Schedule Timeline",
                "mainTimeline": true,
                "instanceType": "ScheduleTimeline",
                "entryCondition": "Subject enrolled in study",
                "entryId": "9961e7d6-cd4b-4c2c-bc87-0ce89f7f1f02",
                "instances": [
                  {
                    "id": "9961e7d6-cd4b-4c2c-bc87-0ce89f7f1f02",
                    "activityIds": [
                      "act_1"
                    ],
                    "instanceType": "ScheduledActivityInstance",
                    "name": "act_1@enc_1",
                    "encounterId": "enc_1"
                  },
                  {
                    "id": "bd14ba76-2fe1-463b-998f-442bdb7b580f",
                    "activityIds": [
                      "act_2"
                    ],
                    "instanceType": "ScheduledActivityInstance",
                    "name": "act_2@enc_1",
                    "encounterId": "enc_1"
                  },
                  {
                    "id": "4b750f6a-df02-4a45-b388-9dc859dd90a0",
                    "activityIds": [
                      "act_3"
                    ],
                    "instanceType": "ScheduledActivityInstance",
                    "name": "act_3@enc_2",
                    "encounterId": "enc_2"
                  },
                  {
                    "id": "79b2b7da-3b45-4017-807e-cec336096a8e",
                    "activityIds": [
                      "act_3"
                    ],
                    "instanceType": "ScheduledActivityInstance",
                    "name": "act_3@enc_4",
                    "encounterId": "enc_4"
                  },
                  {
                    "id": "4dee18cd-ebfb-4ff9-9c1a-d21420601a91",
                    "activityIds": [
                      "act_3"
                    ],
                    "instanceType": "ScheduledActivityInstance",
                    "name": "act_3@enc_5",
                    "encounterId": "enc_5"
                  },
                  {
                    "id": "4d2002e2-d7f7-40a2-8678-545e432e5782",
                    "activityIds": [
                      "act_3"
                    ],
                    "instanceType": "ScheduledActivityInstance",
                    "name": "act_3@enc_6",
                    "encounterId": "enc_6"
                  },
                  {
                    "id": "29c052bd-2d7e-41ee-b932-90c195cb11d0",
                    "activityIds": [
                      "act_3"
                    ],
                    "instanceType": "ScheduledActivityInstance",
                    "name": "act_3@enc_7",
                    "encounterId": "enc_7"
                  },
                  {
                    "id": "dd1f00b8-0198-4eb5-bffd-5fbc325b432b",
                    "activityIds": [
                      "act_3"
                    ],
                    "instanceType": "ScheduledActivityInstance",
                    "name": "act_3@enc_8",
                    "encounterId": "enc_8"
                  },
                  {
                    "id": "71df8345-dd6b-4b26-9ec6-08ec737e93dd",
                    "activityIds": [
                      "act_3"
                    ],
                    "instanceType": "ScheduledActivityInstance",
                    "name": "act_3@enc_9",
                    "encounterId": "enc_9"
                  },
                  {
                    "id": "dfc4bb7f-d28b-4bd6-86a6-057ff6acf80b",
                    "activityIds": [
                      "act_4"
                    ],
                    "instanceType": "ScheduledActivityInstance",
                    "name": "act_4@enc_3",
                    "encounterId": "enc_3"
                  },
                  {
                    "id": "e54eb6e8-c6fa-4644-93a4-b71cbdc087fe",
                    "activityIds": [
                      "act_4"
                    ],
                    "instanceType": "ScheduledActivityInstance",
                    "name": "act_4@enc_4",
                    "encounterId": "enc_4"
                  },
                  {
                    "id": "939c0c7c-5033-40dc-81b3-a5a0a1797c56",
                    "activityIds": [
                      "act_4"
                    ],
                    "instanceType": "ScheduledActivityInstance",
                    "name": "act_4@enc_5",
                    "encounterId": "enc_5"
                  },
                  {
                    "id": "1f1f5dc3-730b-4d6c-8003-adf9fbd2c707",
                    "activityIds": [
                      "act_4"
                    ],
                    "instanceType": "ScheduledActivityInstance",
                    "name": "act_4@enc_6",
                    "encounterId": "enc_6"
                  },
                  {
                    "id": "09e0d773-3171-46ea-9f1a-d8f075522a47",
                    "activityIds": [
                      "act_4"
                    ],
                    "instanceType": "ScheduledActivityInstance",
                    "name": "act_4@enc_7",
                    "encounterId": "enc_7"
                  },
                  {
                    "id": "79aced01-5c68-49ee-88cd-4abb405bed7f",
                    "activityIds": [
                      "act_4"
                    ],
                    "instanceType": "ScheduledActivityInstance",
                    "name": "act_4@enc_8",
                    "encounterId": "enc_8"
                  },
                  {
                    "id": "3949c67b-5e66-4901-8a09-c9dc12347721",
                    "activityIds": [
                      "act_4"
                    ],
                    "instanceType": "ScheduledActivityInstance",
                    "name": "act_4@enc_9",
                    "encounterId": "enc_9"
                  },
                  {
                    "id": "ba14d2e9-6342-405c-a791-23016b640902",
                    "activityIds": [
                      "act_5"
                    ],
                    "instanceType": "ScheduledActivityInstance",
                    "name": "act_5@enc_1",
                    "encounterId": "enc_1"
                  },
                  {
                    "id": "7f5efae3-e9b3-4902-a712-9d1696b3f03b",
                    "activityIds": [
                      "act_5"
                    ],
                    "instanceType": "ScheduledActivityInstance",
                    "name": "act_5@enc_2",
                    "encounterId": "enc_2"
                  },
                  {
                    "id": "b6ed992c-9151-4c0f-994f-07805b5aee86",
                    "activityIds": [
                      "act_5"
                    ],
                    "instanceType": "ScheduledActivityInstance",
                    "name": "act_5@enc_3",
                    "encounterId": "enc_3"
                  },
                  {
                    "id": "af6be982-d26f-4f0b-aca4-c9f100e6ed1e",
                    "activityIds": [
                      "act_5"
                    ],
                    "instanceType": "ScheduledActivityInstance",
                    "name": "act_5@enc_4",
                    "encounterId": "enc_4"
                  },
                  {
                    "id": "17004f90-5ed9-4891-a36e-4c3ff6a4fdc0",
                    "activityIds": [
                      "act_5"
                    ],
                    "instanceType": "ScheduledActivityInstance",
                    "name": "act_5@enc_6",
                    "encounterId": "enc_6"
                  },
                  {
                    "id": "deaea1c6-069f-4db6-9c4d-b3f9cca44d81",
                    "activityIds": [
                      "act_5"
                    ],
                    "instanceType": "ScheduledActivityInstance",
                    "name": "act_5@enc_7",
                    "encounterId": "enc_7"
                  },
                  {
                    "id": "e1787e30-9073-4ae8-aacf-0f353a501dd5",
                    "activityIds": [
                      "act_5"
                    ],
                    "instanceType": "ScheduledActivityInstance",
                    "name": "act_5@enc_8",
                    "encounterId": "enc_8"
                  },
                  {
                    "id": "81adcc40-39b6-4cf4-94b4-245d71ee50bf",
                    "activityIds": [
                      "act_5"
                    ],
                    "instanceType": "ScheduledActivityInstance",
                    "name": "act_5@enc_9",
                    "encounterId": "enc_9"
                  },
                  {
                    "id": "4fed22a0-49ac-416a-83b4-b0fc371eac60",
                    "activityIds": [
                      "act_6"
                    ],
                    "instanceType": "ScheduledActivityInstance",
                    "name": "act_6@enc_1",
                    "encounterId": "enc_1"
                  },
                  {
                    "id": "0afc77b5-73c8-4a92-8428-5a278714edd4",
                    "activityIds": [
                      "act_6"
                    ],
                    "instanceType": "ScheduledActivityInstance",
                    "name": "act_6@enc_2",
                    "encounterId": "enc_2"
                  },
                  {
                    "id": "ba3e48be-00dc-4c5a-9600-b66314aad12e",
                    "activityIds": [
                      "act_6"
                    ],
                    "instanceType": "ScheduledActivityInstance",
                    "name": "act_6@enc_3",
                    "encounterId": "enc_3"
                  },
                  {
                    "id": "3140e521-a066-48d4-a5b8-accf052d0acc",
                    "activityIds": [
                      "act_6"
                    ],
                    "instanceType": "ScheduledActivityInstance",
                    "name": "act_6@enc_4",
                    "encounterId": "enc_4"
                  },
                  {
                    "id": "1ddc7191-0efd-40ba-bc85-f5632a7502fd",
                    "activityIds": [
                      "act_6"
                    ],
                    "instanceType": "ScheduledActivityInstance",
                    "name": "act_6@enc_6",
                    "encounterId": "enc_6"
                  },
                  {
                    "id": "44a696be-eb35-40df-814e-2beac048d442",
                    "activityIds": [
                      "act_6"
                    ],
                    "instanceType": "ScheduledActivityInstance",
                    "name": "act_6@enc_7",
                    "encounterId": "enc_7"
                  },
                  {
                    "id": "9d17fa01-66fa-4a44-afcb-e8a7c5f1770a",
                    "activityIds": [
                      "act_7"
                    ],
                    "instanceType": "ScheduledActivityInstance",
                    "name": "act_7@enc_1",
                    "encounterId": "enc_1"
                  },
                  {
                    "id": "88b1939c-46af-4584-9468-e934e44798f4",
                    "activityIds": [
                      "act_8"
                    ],
                    "instanceType": "ScheduledActivityInstance",
                    "name": "act_8@enc_2",
                    "encounterId": "enc_2"
                  },
                  {
                    "id": "96451f48-4198-4fb2-bd78-25947c741088",
                    "activityIds": [
                      "act_8"
                    ],
                    "instanceType": "ScheduledActivityInstance",
                    "name": "act_8@enc_6",
                    "encounterId": "enc_6"
                  },
                  {
                    "id": "c66a5c5f-d8d1-4b28-9907-c3da893909d4",
                    "activityIds": [
                      "act_8"
                    ],
                    "instanceType": "ScheduledActivityInstance",
                    "name": "act_8@enc_7",
                    "encounterId": "enc_7"
                  },
                  {
                    "id": "37c9ac91-fec3-4e95-baa2-f1b7355ee56b",
                    "activityIds": [
                      "act_8"
                    ],
                    "instanceType": "ScheduledActivityInstance",
                    "name": "act_8@enc_8",
                    "encounterId": "enc_8"
                  },
                  {
                    "id": "a8bd36cf-0213-4572-b199-40d027a0ef66",
                    "activityIds": [
                      "act_8"
                    ],
                    "instanceType": "ScheduledActivityInstance",
                    "name": "act_8@enc_9",
                    "encounterId": "enc_9"
                  },
                  {
                    "id": "e46db989-d094-4e49-9e56-83314315d0f6",
                    "activityIds": [
                      "act_9"
                    ],
                    "instanceType": "ScheduledActivityInstance",
                    "name": "act_9@enc_2",
                    "encounterId": "enc_2"
                  },
                  {
                    "id": "c159a513-4d50-4813-a78a-6fbe22681234",
                    "activityIds": [
                      "act_9"
                    ],
                    "instanceType": "ScheduledActivityInstance",
                    "name": "act_9@enc_3",
                    "encounterId": "enc_3"
                  },
                  {
                    "id": "64b8872a-b26e-4172-9217-9f4ab1ca560c",
                    "activityIds": [
                      "act_9"
                    ],
                    "instanceType": "ScheduledActivityInstance",
                    "name": "act_9@enc_4",
                    "encounterId": "enc_4"
                  },
                  {
                    "id": "77ec7ca1-906d-4144-a4f4-ae20a59de509",
                    "activityIds": [
                      "act_9"
                    ],
                    "instanceType": "ScheduledActivityInstance",
                    "name": "act_9@enc_5",
                    "encounterId": "enc_5"
                  },
                  {
                    "id": "371162ef-239e-4706-9e65-443994045227",
                    "activityIds": [
                      "act_9"
                    ],
                    "instanceType": "ScheduledActivityInstance",
                    "name": "act_9@enc_6",
                    "encounterId": "enc_6"
                  },
                  {
                    "id": "47999e83-a3d6-4407-a878-1662db85bc10",
                    "activityIds": [
                      "act_9"
                    ],
                    "instanceType": "ScheduledActivityInstance",
                    "name": "act_9@enc_7",
                    "encounterId": "enc_7"
                  },
                  {
                    "id": "6c7998cf-c804-48d6-b527-a3f6a5b28337",
                    "activityIds": [
                      "act_9"
                    ],
                    "instanceType": "ScheduledActivityInstance",
                    "name": "act_9@enc_8",
                    "encounterId": "enc_8"
                  },
                  {
                    "id": "cb58f214-193f-47df-82d2-1195f764db0c",
                    "activityIds": [
                      "act_9"
                    ],
                    "instanceType": "ScheduledActivityInstance",
                    "name": "act_9@enc_10",
                    "encounterId": "enc_10"
                  },
                  {
                    "id": "299281e5-b21f-4dba-aa68-28c5ec8ce85b",
                    "activityIds": [
                      "act_10"
                    ],
                    "instanceType": "ScheduledActivityInstance",
                    "name": "act_10@enc_2",
                    "encounterId": "enc_2"
                  },
                  {
                    "id": "daf0676e-b631-4a41-849d-5368e8d257e5",
                    "activityIds": [
                      "act_10"
                    ],
                    "instanceType": "ScheduledActivityInstance",
                    "name": "act_10@enc_3",
                    "encounterId": "enc_3"
                  },
                  {
                    "id": "4f143b9b-4e7c-4084-afc8-f5e27d5948a5",
                    "activityIds": [
                      "act_10"
                    ],
                    "instanceType": "ScheduledActivityInstance",
                    "name": "act_10@enc_4",
                    "encounterId": "enc_4"
                  },
                  {
                    "id": "439f5f0c-968a-4156-8e3e-e8c2a031c0ff",
                    "activityIds": [
                      "act_10"
                    ],
                    "instanceType": "ScheduledActivityInstance",
                    "name": "act_10@enc_5",
                    "encounterId": "enc_5"
                  },
                  {
                    "id": "ad90994c-a026-4260-b3e0-92014f7d8683",
                    "activityIds": [
                      "act_10"
                    ],
                    "instanceType": "ScheduledActivityInstance",
                    "name": "act_10@enc_6",
                    "encounterId": "enc_6"
                  },
                  {
                    "id": "31664605-0d29-4176-8a29-22e46d0d326c",
                    "activityIds": [
                      "act_10"
                    ],
                    "instanceType": "ScheduledActivityInstance",
                    "name": "act_10@enc_7",
                    "encounterId": "enc_7"
                  },
                  {
                    "id": "703d9a8d-15bb-4dc8-b040-554710c4d19d",
                    "activityIds": [
                      "act_10"
                    ],
                    "instanceType": "ScheduledActivityInstance",
                    "name": "act_10@enc_8",
                    "encounterId": "enc_8"
                  },
                  {
                    "id": "2e909873-b660-4174-aa46-3de3c55f44c8",
                    "activityIds": [
                      "act_10"
                    ],
                    "instanceType": "ScheduledActivityInstance",
                    "name": "act_10@enc_9",
                    "encounterId": "enc_9"
                  },
                  {
                    "id": "bfab0898-f9a1-48aa-8335-5c88ef384e03",
                    "activityIds": [
                      "act_11"
                    ],
                    "instanceType": "ScheduledActivityInstance",
                    "name": "act_11@enc_2",
                    "encounterId": "enc_2"
                  },
                  {
                    "id": "c50557ff-12f6-4480-ada2-b4ae8b40a4f0",
                    "activityIds": [
                      "act_11"
                    ],
                    "instanceType": "ScheduledActivityInstance",
                    "name": "act_11@enc_3",
                    "encounterId": "enc_3"
                  },
                  {
                    "id": "89f95dc0-21cd-478e-9d55-f365ae128a94",
                    "activityIds": [
                      "act_11"
                    ],
                    "instanceType": "ScheduledActivityInstance",
                    "name": "act_11@enc_4",
                    "encounterId": "enc_4"
                  },
                  {
                    "id": "41748a4c-ea0d-4ef5-900d-cccb09828744",
                    "activityIds": [
                      "act_11"
                    ],
                    "instanceType": "ScheduledActivityInstance",
                    "name": "act_11@enc_5",
                    "encounterId": "enc_5"
                  },
                  {
                    "id": "ceba217e-b2c9-4857-be9a-7989c416e556",
                    "activityIds": [
                      "act_11"
                    ],
                    "instanceType": "ScheduledActivityInstance",
                    "name": "act_11@enc_6",
                    "encounterId": "enc_6"
                  },
                  {
                    "id": "03c7fce2-fb59-447b-9cc8-5da3ccad4a51",
                    "activityIds": [
                      "act_11"
                    ],
                    "instanceType": "ScheduledActivityInstance",
                    "name": "act_11@enc_7",
                    "encounterId": "enc_7"
                  },
                  {
                    "id": "a2ffbfb1-235f-443f-84da-7260863251c7",
                    "activityIds": [
                      "act_12"
                    ],
                    "instanceType": "ScheduledActivityInstance",
                    "name": "act_12@enc_2",
                    "encounterId": "enc_2"
                  },
                  {
                    "id": "60eee84b-5c22-4300-ae3f-534c02320908",
                    "activityIds": [
                      "act_13"
                    ],
                    "instanceType": "ScheduledActivityInstance",
                    "name": "act_13@enc_2",
                    "encounterId": "enc_2"
                  },
                  {
                    "id": "d382995d-0e3f-4a1a-8c05-f78ecdc856d7",
                    "activityIds": [
                      "act_14"
                    ],
                    "instanceType": "ScheduledActivityInstance",
                    "name": "act_14@enc_1",
                    "encounterId": "enc_1"
                  },
                  {
                    "id": "b214f180-7362-44af-91d3-53e0f29daff7",
                    "activityIds": [
                      "act_15"
                    ],
                    "instanceType": "ScheduledActivityInstance",
                    "name": "act_15@enc_2",
                    "encounterId": "enc_2"
                  },
                  {
                    "id": "5a83aaba-9bfa-4d88-b106-cf77d4f5ca42",
                    "activityIds": [
                      "act_15"
                    ],
                    "instanceType": "ScheduledActivityInstance",
                    "name": "act_15@enc_3",
                    "encounterId": "enc_3"
                  },
                  {
                    "id": "4b8e7a86-b811-49f3-ad58-8190cc8f52ad",
                    "activityIds": [
                      "act_15"
                    ],
                    "instanceType": "ScheduledActivityInstance",
                    "name": "act_15@enc_7",
                    "encounterId": "enc_7"
                  },
                  {
                    "id": "55207af6-b061-4a76-9db4-894295960c75",
                    "activityIds": [
                      "act_15"
                    ],
                    "instanceType": "ScheduledActivityInstance",
                    "name": "act_15@enc_8",
                    "encounterId": "enc_8"
                  },
                  {
                    "id": "952ef9f7-4d06-4700-90d3-19523b5551ba",
                    "activityIds": [
                      "act_15"
                    ],
                    "instanceType": "ScheduledActivityInstance",
                    "name": "act_15@enc_9",
                    "encounterId": "enc_9"
                  },
                  {
                    "id": "d53ef6bd-d80f-4f45-bdb9-01f65f891f46",
                    "activityIds": [
                      "act_16"
                    ],
                    "instanceType": "ScheduledActivityInstance",
                    "name": "act_16@enc_1",
                    "encounterId": "enc_1"
                  },
                  {
                    "id": "9925ae45-5ff4-417a-8cf2-0cf1fa348fc6",
                    "activityIds": [
                      "act_16"
                    ],
                    "instanceType": "ScheduledActivityInstance",
                    "name": "act_16@enc_7",
                    "encounterId": "enc_7"
                  },
                  {
                    "id": "06cdff1f-7b25-4c10-aaef-3aecea76e24e",
                    "activityIds": [
                      "act_17"
                    ],
                    "instanceType": "ScheduledActivityInstance",
                    "name": "act_17@enc_2",
                    "encounterId": "enc_2"
                  },
                  {
                    "id": "2790c8ab-7706-400c-82ff-400988865252",
                    "activityIds": [
                      "act_17"
                    ],
                    "instanceType": "ScheduledActivityInstance",
                    "name": "act_17@enc_7",
                    "encounterId": "enc_7"
                  },
                  {
                    "id": "10aa525d-1be0-4bea-a12d-695d5372f741",
                    "activityIds": [
                      "act_18"
                    ],
                    "instanceType": "ScheduledActivityInstance",
                    "name": "act_18@enc_3",
                    "encounterId": "enc_3"
                  },
                  {
                    "id": "a35193d8-8375-4e4b-b98b-c4e42a825bf8",
                    "activityIds": [
                      "act_18"
                    ],
                    "instanceType": "ScheduledActivityInstance",
                    "name": "act_18@enc_7",
                    "encounterId": "enc_7"
                  },
                  {
                    "id": "878a9df7-474a-4a44-a7f9-4f5932330b71",
                    "activityIds": [
                      "act_19"
                    ],
                    "instanceType": "ScheduledActivityInstance",
                    "name": "act_19@enc_3",
                    "encounterId": "enc_3"
                  },
                  {
                    "id": "3f563a20-98ee-45f2-acfe-723eae11f554",
                    "activityIds": [
                      "act_19"
                    ],
                    "instanceType": "ScheduledActivityInstance",
                    "name": "act_19@enc_4",
                    "encounterId": "enc_4"
                  },
                  {
                    "id": "e9fabcd4-ab7c-4acf-8396-5bceb04bfe42",
                    "activityIds": [
                      "act_19"
                    ],
                    "instanceType": "ScheduledActivityInstance",
                    "name": "act_19@enc_5",
                    "encounterId": "enc_5"
                  },
                  {
                    "id": "b9bfae3d-fc5b-4b08-a0d3-549e312dbb1a",
                    "activityIds": [
                      "act_19"
                    ],
                    "instanceType": "ScheduledActivityInstance",
                    "name": "act_19@enc_6",
                    "encounterId": "enc_6"
                  },
                  {
                    "id": "9658385a-5d36-403f-b012-1ee0c8682bb8",
                    "activityIds": [
                      "act_20"
                    ],
                    "instanceType": "ScheduledActivityInstance",
                    "name": "act_20@enc_3",
                    "encounterId": "enc_3"
                  },
                  {
                    "id": "3d83739c-e48f-4686-bb5f-ec31709a620b",
                    "activityIds": [
                      "act_20"
                    ],
                    "instanceType": "ScheduledActivityInstance",
                    "name": "act_20@enc_6",
                    "encounterId": "enc_6"
                  },
                  {
                    "id": "235fc9a7-c427-4006-8946-d61ef7f1920f",
                    "activityIds": [
                      "act_21"
                    ],
                    "instanceType": "ScheduledActivityInstance",
                    "name": "act_21@enc_1",
                    "encounterId": "enc_1"
                  },
                  {
                    "id": "7dd94db3-0eab-403d-ba60-97f11f7da779",
                    "activityIds": [
                      "act_21"
                    ],
                    "instanceType": "ScheduledActivityInstance",
                    "name": "act_21@enc_2",
                    "encounterId": "enc_2"
                  },
                  {
                    "id": "5e54064d-61ad-4a40-b6a2-926d63445c23",
                    "activityIds": [
                      "act_21"
                    ],
                    "instanceType": "ScheduledActivityInstance",
                    "name": "act_21@enc_3",
                    "encounterId": "enc_3"
                  },
                  {
                    "id": "90d9aa4c-3fbc-4c54-9526-b39461c8912b",
                    "activityIds": [
                      "act_21"
                    ],
                    "instanceType": "ScheduledActivityInstance",
                    "name": "act_21@enc_4",
                    "encounterId": "enc_4"
                  },
                  {
                    "id": "2593c1e5-856f-42af-bcec-dd1470250812",
                    "activityIds": [
                      "act_21"
                    ],
                    "instanceType": "ScheduledActivityInstance",
                    "name": "act_21@enc_5",
                    "encounterId": "enc_5"
                  },
                  {
                    "id": "5410b969-60b3-4063-86ac-b41b17cb4723",
                    "activityIds": [
                      "act_21"
                    ],
                    "instanceType": "ScheduledActivityInstance",
                    "name": "act_21@enc_6",
                    "encounterId": "enc_6"
                  },
                  {
                    "id": "e5c3b522-8363-4d8e-bbfc-3f81e1d37bf9",
                    "activityIds": [
                      "act_21"
                    ],
                    "instanceType": "ScheduledActivityInstance",
                    "name": "act_21@enc_7",
                    "encounterId": "enc_7"
                  },
                  {
                    "id": "0e62bd4e-a15d-4de6-ab68-2d6a12ac6263",
                    "activityIds": [
                      "act_21"
                    ],
                    "instanceType": "ScheduledActivityInstance",
                    "name": "act_21@enc_8",
                    "encounterId": "enc_8"
                  },
                  {
                    "id": "69817fa1-a1a4-406b-ac06-6d308a44136c",
                    "activityIds": [
                      "act_21"
                    ],
                    "instanceType": "ScheduledActivityInstance",
                    "name": "act_21@enc_9",
                    "encounterId": "enc_9"
                  },
                  {
                    "id": "b7ea604c-cbfd-412e-9553-680fd9cc644a",
                    "activityIds": [
                      "act_22"
                    ],
                    "instanceType": "ScheduledActivityInstance",
                    "name": "act_22@enc_1",
                    "encounterId": "enc_1"
                  },
                  {
                    "id": "c2dbb56a-142c-4c4e-bad9-124e32d76693",
                    "activityIds": [
                      "act_22"
                    ],
                    "instanceType": "ScheduledActivityInstance",
                    "name": "act_22@enc_2",
                    "encounterId": "enc_2"
                  },
                  {
                    "id": "92f0abc0-3e24-4ffb-aa9e-d2887f657613",
                    "activityIds": [
                      "act_22"
                    ],
                    "instanceType": "ScheduledActivityInstance",
                    "name": "act_22@enc_3",
                    "encounterId": "enc_3"
                  },
                  {
                    "id": "5910c067-5be6-440d-89e4-a37809b67041",
                    "activityIds": [
                      "act_22"
                    ],
                    "instanceType": "ScheduledActivityInstance",
                    "name": "act_22@enc_4",
                    "encounterId": "enc_4"
                  },
                  {
                    "id": "61864238-758f-4805-b5dd-787b2760d2bd",
                    "activityIds": [
                      "act_22"
                    ],
                    "instanceType": "ScheduledActivityInstance",
                    "name": "act_22@enc_5",
                    "encounterId": "enc_5"
                  },
                  {
                    "id": "b37ce3c7-d1a9-4fb8-b65e-bd698a37e02f",
                    "activityIds": [
                      "act_22"
                    ],
                    "instanceType": "ScheduledActivityInstance",
                    "name": "act_22@enc_6",
                    "encounterId": "enc_6"
                  },
                  {
                    "id": "bca169d8-3d13-4ea4-b0fe-471a1fe7005f",
                    "activityIds": [
                      "act_22"
                    ],
                    "instanceType": "ScheduledActivityInstance",
                    "name": "act_22@enc_7",
                    "encounterId": "enc_7"
                  },
                  {
                    "id": "d508565a-4780-4f21-bf1c-8b7ba2ff7c2c",
                    "activityIds": [
                      "act_22"
                    ],
                    "instanceType": "ScheduledActivityInstance",
                    "name": "act_22@enc_8",
                    "encounterId": "enc_8"
                  },
                  {
                    "id": "dbf7abff-7f96-4485-9210-232b04aed169",
                    "activityIds": [
                      "act_22"
                    ],
                    "instanceType": "ScheduledActivityInstance",
                    "name": "act_22@enc_9",
                    "encounterId": "enc_9"
                  },
                  {
                    "id": "b06cd43c-aa87-467f-84c5-7f719a2c4712",
                    "activityIds": [
                      "act_23"
                    ],
                    "instanceType": "ScheduledActivityInstance",
                    "name": "act_23@enc_7",
                    "encounterId": "enc_7"
                  },
                  {
                    "id": "0aea51d3-95e8-4720-b94b-6083f8de9bca",
                    "activityIds": [
                      "act_23"
                    ],
                    "instanceType": "ScheduledActivityInstance",
                    "name": "act_23@enc_8",
                    "encounterId": "enc_8"
                  },
                  {
                    "id": "d759d00b-d03e-4507-9bab-5dd0b5ea244b",
                    "activityIds": [
                      "act_23"
                    ],
                    "instanceType": "ScheduledActivityInstance",
                    "name": "act_23@enc_9",
                    "encounterId": "enc_9"
                  },
                  {
                    "id": "625a26bc-b4a9-474d-81f8-160cbac4d0e5",
                    "activityIds": [
                      "act_23"
                    ],
                    "instanceType": "ScheduledActivityInstance",
                    "name": "act_23@enc_10",
                    "encounterId": "enc_10"
                  },
                  {
                    "id": "edcb85cd-73b9-4529-a78b-e34b997ea01f",
                    "activityIds": [
                      "act_24"
                    ],
                    "instanceType": "ScheduledActivityInstance",
                    "name": "act_24@enc_10",
                    "encounterId": "enc_10"
                  }
                ]
              }
            ],
            "notes": [
              {
                "id": "soa_fn_1",
                "text": "a A cycle is 21 days",
                "instanceType": "CommentAnnotation"
              },
              {
                "id": "soa_fn_2",
                "text": "b Women of child bearing potential must have a negative serum pregnancy test result within 7 days prior to first IMP administration.",
                "instanceType": "CommentAnnotation"
              },
              {
                "id": "soa_fn_3",
                "text": "c evaluation not applicable for Cohort E",
                "instanceType": "CommentAnnotation"
              }
            ]
          }
        ]
      }
    ]
  }
}