{
  "columnHierarchy": {
    "epochs": [
      {
        "id": "epoch_1",
        "name": "Screening",
        "instanceType": "StudyEpoch",
        "type": {
          "id": "ace69e78-730a-4bb5-9c33-a4a1c19ad3a3",
          "code": "C98779",
          "codeSystem": "http://www.cdisc.org",
          "codeSystemVersion": "2024-09-27",
          "decode": "Screening Epoch",
          "instanceType": "Code"
        }
      },
      {
        "id": "epoch_2",
        "name": "Treatment Period",
        "instanceType": "StudyEpoch",
        "type": {
          "id": "19aa4ad0-acd2-4b8d-a46f-1c9280b1da3d",
          "code": "C98780",
          "codeSystem": "http://www.cdisc.org",
          "codeSystemVersion": "2024-09-27",
          "decode": "Treatment Epoch",
          "instanceType": "Code"
        }
      },
      {
        "id": "epoch_3",
        "name": "Short-term Follow-up",
        "instanceType": "StudyEpoch",
        "type": {
          "id": "ac903442-adf3-4d0e-be55-eceadb91a824",
          "code": "C98781",
          "codeSystem": "http://www.cdisc.org",
          "codeSystemVersion": "2024-09-27",
          "decode": "Follow-up Epoch",
          "instanceType": "Code"
        }
      },
      {
        "id": "epoch_4",
        "name": "Long-term Follow-up",
        "instanceType": "StudyEpoch",
        "type": {
          "id": "2d167478-5f1e-4d96-a7da-7a3bbdc9aefc",
          "code": "C98781",
          "codeSystem": "http://www.cdisc.org",
          "codeSystemVersion": "2024-09-27",
          "decode": "Follow-up Epoch",
          "instanceType": "Code"
        }
      }
    ],
    "encounters": [
      {
        "id": "enc_1",
        "name": "Screening (≤28 days prior to C1D1)",
        "instanceType": "Encounter",
        "type": {
          "id": "95afd15c-de9b-4866-bb41-6c77178e4bd3",
          "code": "C48262",
          "codeSystem": "http://www.cdisc.org",
          "codeSystemVersion": "2024-09-27",
          "decode": "Screening",
          "instanceType": "Code"
        },
        "epochId": "epoch_1"
      },
      {
        "id": "enc_2",
        "name": "Cycle 1 Day 1",
        "instanceType": "Encounter",
        "type": {
          "id": "c401f188-792c-47a0-af88-85c7a3d041d5",
          "code": "C82517",
          "codeSystem": "http://www.cdisc.org",
          "codeSystemVersion": "2024-09-27",
          "decode": "Baseline",
          "instanceType": "Code"
        },
        "epochId": "epoch_2"
      },
      {
        "id": "enc_3",
        "name": "Cycle 1 Day 8",
        "instanceType": "Encounter",
        "type": {
          "id": "f7005503-a715-4a0f-a46f-8de65e4fb76a",
          "code": "C99156",
          "codeSystem": "http://www.cdisc.org",
          "codeSystemVersion": "2024-09-27",
          "decode": "Scheduled Visit",
          "instanceType": "Code"
        },
        "epochId": "epoch_2"
      },
      {
        "id": "enc_4",
        "name": "Cycle 1 Day 15",
        "instanceType": "Encounter",
        "type": {
          "id": "7d143dd6-7f4b-4c43-bc18-4f0faf209e36",
          "code": "C82517",
          "codeSystem": "http://www.cdisc.org",
          "codeSystemVersion": "2024-09-27",
          "decode": "Baseline",
          "instanceType": "Code"
        },
        "epochId": "epoch_2"
      },
      {
        "id": "enc_5",
        "name": "Cycle 2+ Day 1",
        "instanceType": "Encounter",
        "type": {
          "id": "38c0ebc8-be17-4274-894c-ccb9efe31d62",
          "code": "C82517",
          "codeSystem": "http://www.cdisc.org",
          "codeSystemVersion": "2024-09-27",
          "decode": "Baseline",
          "instanceType": "Code"
        },
        "epochId": "epoch_2"
      },
      {
        "id": "enc_6",
        "name": "Cycle 2+ Day 8",
        "instanceType": "Encounter",
        "type": {
          "id": "7d043b3f-87db-40de-8030-abf3d0e23851",
          "code": "C99156",
          "codeSystem": "http://www.cdisc.org",
          "codeSystemVersion": "2024-09-27",
          "decode": "Scheduled Visit",
          "instanceType": "Code"
        },
        "epochId": "epoch_2"
      },
      {
        "id": "enc_7",
        "name": "Cycle 2+ Day 15",
        "instanceType": "Encounter",
        "type": {
          "id": "68b8d8a8-06f3-4d73-8711-348265f10873",
          "code": "C82517",
          "codeSystem": "http://www.cdisc.org",
          "codeSystemVersion": "2024-09-27",
          "decode": "Baseline",
          "instanceType": "Code"
        },
        "epochId": "epoch_2"
      },
      {
        "id": "enc_8",
        "name": "Every 3 Cycles Day 1",
        "instanceType": "Encounter",
        "type": {
          "id": "25dcd2d7-f209-4b33-84ef-94f01280c5d8",
          "code": "C82517",
          "codeSystem": "http://www.cdisc.org",
          "codeSystemVersion": "2024-09-27",
          "decode": "Baseline",
          "instanceType": "Code"
        },
        "epochId": "epoch_2"
      },
      {
        "id": "enc_9",
        "name": "30-day Follow-up",
        "instanceType": "Encounter",
        "type": {
          "id": "d8450a41-3d6f-48c0-8839-dc86fc36d0bf",
          "code": "C99158",
          "codeSystem": "http://www.cdisc.org",
          "codeSystemVersion": "2024-09-27",
          "decode": "Follow-up",
          "instanceType": "Code"
        },
        "epochId": "epoch_3"
      },
      {
        "id": "enc_10",
        "name": "Every 8 Weeks",
        "instanceType": "Encounter",
        "type": {
          "id": "41ffd176-d7e9-4015-9759-85e5fbbe4856",
          "code": "C99156",
          "codeSystem": "http://www.cdisc.org",
          "codeSystemVersion": "2024-09-27",
          "decode": "Scheduled Visit",
          "instanceType": "Code"
        },
        "epochId": "epoch_4"
      },
      {
        "id": "enc_11",
        "name": "Survival Follow-up",
        "instanceType": "Encounter",
        "type": {
          "id": "07ad8d2a-5c9b-4e9f-996e-4d486a47c780",
          "code": "C99158",
          "codeSystem": "http://www.cdisc.org",
          "codeSystemVersion": "2024-09-27",
          "decode": "Follow-up",
          "instanceType": "Code"
        },
        "epochId": "epoch_4"
      }
    ],
    "plannedTimepoints": [
      {
        "id": "pt_1",
        "visit": "≤28 days prior to C1D1",
        "epoch": "",
        "epochId": "",
        "day": "",
        "window": null,
        "encounterId": "enc_1",
        "instanceType": "Timing"
      },
      {
        "id": "pt_2",
        "visit": "C1D1",
        "epoch": "",
        "epochId": "",
        "day": "",
        "window": null,
        "encounterId": "enc_2",
        "instanceType": "Timing"
      },
      {
        "id": "pt_3",
        "visit": "C1D8",
        "epoch": "",
        "epochId": "",
        "day": "",
        "window": null,
        "encounterId": "enc_3",
        "instanceType": "Timing"
      },
      {
        "id": "pt_4",
        "visit": "C1D15",
        "epoch": "",
        "epochId": "",
        "day": "",
        "window": null,
        "encounterId": "enc_4",
        "instanceType": "Timing"
      },
      {
        "id": "pt_5",
        "visit": "C2+ D1",
        "epoch": "",
        "epochId": "",
        "day": "",
        "window": null,
        "encounterId": "enc_5",
        "instanceType": "Timing"
      },
      {
        "id": "pt_6",
        "visit": "C2+ D8",
        "epoch": "",
        "epochId": "",
        "day": "",
        "window": null,
        "encounterId": "enc_6",
        "instanceType": "Timing"
      },
      {
        "id": "pt_7",
        "visit": "C2+ D15",
        "epoch": "",
        "epochId": "",
        "day": "",
        "window": null,
        "encounterId": "enc_7",
        "instanceType": "Timing"
      },
      {
        "id": "pt_8",
        "visit": "Q3C D1",
        "epoch": "",
        "epochId": "",
        "day": "",
        "window": null,
        "encounterId": "enc_8",
        "instanceType": "Timing"
      },
      {
        "id": "pt_9",
        "visit": "30 days post last dose",
        "epoch": "",
        "epochId": "",
        "day": "",
        "window": null,
        "encounterId": "enc_9",
        "instanceType": "Timing"
      },
      {
        "id": "pt_10",
        "visit": "Q8W",
        "epoch": "",
        "epochId": "",
        "day": "",
        "window": null,
        "encounterId": "enc_10",
        "instanceType": "Timing"
      },
      {
        "id": "pt_11",
        "visit": "Ongoing",
        "epoch": "",
        "epochId": "",
        "day": "",
        "window": null,
        "encounterId": "enc_11",
        "instanceType": "Timing"
      }
    ]
  },
  "rowGroups": [
    {
      "id": "grp_1",
      "name": "Study Procedures",
      "description": null,
      "childIds": [],
      "instanceType": "Activity",
      "activityNames": [
        "Informed Consent",
        "Demographics",
        "Medical History",
        "Physical Examination",
        "Vital Signs",
        "ECOG Performance Status",
        "Height",
        "Weight",
        "12-lead ECG"
      ]
    },
    {
      "id": "grp_2",
      "name": "Laboratory Assessments",
      "description": null,
      "childIds": [],
      "instanceType": "Activity",
      "activityNames": [
        "Hematology",
        "Serum Chemistry",
        "Coagulation",
        "Urinalysis",
        "Pregnancy Test",
        "Hepatitis B/C and HIV Testing",
        "Thyroid Function Tests"
      ]
    },
    {
      "id": "grp_3",
      "name": "Tumor Assessments",
      "description": null,
      "childIds": [],
      "instanceType": "Activity",
      "activityNames": [
        "CT/MRI Scan",
        "Tumor Biopsy"
      ]
    },
    {
      "id": "grp_4",
      "name": "Study Drug Administration",
      "description": null,
      "childIds": [],
      "instanceType": "Activity",
      "activityNames": [
        "Ramucirumab SC Administration",
        "Combination Therapy Administration"
      ]
    },
    {
      "id": "grp_5",
      "name": "Pharmacokinetic Assessments",
      "description": null,
      "childIds": [],
      "instanceType": "Activity",
      "activityNames": [
        "PK Blood Sampling",
        "Immunogenicity Sampling"
      ]
    },
    {
      "id": "grp_6",
      "name": "Safety Monitoring",
      "description": null,
      "childIds": [],
      "instanceType": "Activity",
      "activityNames": [
        "Adverse Events",
        "Concomitant Medications",
        "Injection Site Reactions"
      ]
    }
  ],
  "footnotes": [
    "a. In Sub-Cohort B1, the loading dose will not be given",
    "b. MD: Weekly dosing starting on Week 2 (Cycle 1 Day 8) except for B1 when it will be starting on Week 1 (Cycle 1, Day 1)",
    "c. Only 1 dosing regimen (one LD - MD level) will be investigated in Sub-Cohort B2 and Sub-Cohort B3. Dose will be selected based on PK and safety data",
    "LD = loading dose; MD = maintenance dose; QW = every week; SC = subcutaneous; Q2W = every 2 weeks",
    "AUC = area under the plasma concentration versus time curve; eq = equivalent; F = bioavailability; IV = intravenous"
  ]
}