{
  "usdmVersion": "4.0",
  "systemName": "Protocol2USDM",
  "systemVersion": "0.1.0",
  "study": {
    "id": "48a76f1f-4007-49c0-b431-146daf011df1",
    "name": "",
    "instanceType": "Study",
    "versions": [
      {
        "id": "3374f126-15ce-4bb2-b5f2-5e1b8aa51704",
        "versionIdentifier": "1.0",
        "rationale": "Initial protocol version",
        "instanceType": "StudyVersion",
        "studyDesigns": [
          {
            "id": "sd_1",
            "name": "Study Design",
            "rationale": "Protocol-defined study design",
            "instanceType": "InterventionalStudyDesign",
            "blindingSchema": {
              "id": "ee4a6e5a-393b-40a4-9e1a-76981cab2116",
              "instanceType": "AliasCode",
              "standardCode": {
                "id": "dcb30401-a411-4767-ae78-34792ee7104d",
                "code": "C49656",
                "codeSystem": "http://www.cdisc.org",
                "codeSystemVersion": "2024-09-27",
                "decode": "Open Label",
                "instanceType": "Code"
              }
            },
            "model": {
              "id": "08938e9f-088b-468c-be16-3a0d842a9fb4",
              "code": "C82638",
              "codeSystem": "http://www.cdisc.org",
              "codeSystemVersion": "2024-09-27",
              "decode": "Single Group Study",
              "instanceType": "Code"
            },
            "epochs": [
              {
                "id": "epoch_1",
                "name": "Screening",
                "instanceType": "StudyEpoch",
                "type": {
                  "id": "dd2c1bd7-cc36-4fa5-a06e-5d716bc0c1c9",
                  "code": "C98779",
                  "codeSystem": "http://www.cdisc.org",
                  "codeSystemVersion": "2024-09-27",
                  "decode": "Screening Epoch",
                  "instanceType": "Code"
                }
              },
              {
                "id": "epoch_2",
                "name": "Treatment Period",
                "instanceType": "StudyEpoch",
                "type": {
                  "id": "d91daf92-c69c-4e2f-9f36-dd2c4f51f001",
                  "code": "C98780",
                  "codeSystem": "http://www.cdisc.org",
                  "codeSystemVersion": "2024-09-27",
                  "decode": "Treatment Epoch",
                  "instanceType": "Code"
                }
              },
              {
                "id": "epoch_3",
                "name": "Short-term Follow-up",
                "instanceType": "StudyEpoch",
                "type": {
                  "id": "c97ad6cf-f481-4494-b6b2-d6976bdfff38",
                  "code": "C98781",
                  "codeSystem": "http://www.cdisc.org",
                  "codeSystemVersion": "2024-09-27",
                  "decode": "Follow-up Epoch",
                  "instanceType": "Code"
                }
              },
              {
                "id": "epoch_4",
                "name": "Long-term Follow-up",
                "instanceType": "StudyEpoch",
                "type": {
                  "id": "94f8766a-7142-4a60-8352-a18134c75242",
                  "code": "C98781",
                  "codeSystem": "http://www.cdisc.org",
                  "codeSystemVersion": "2024-09-27",
                  "decode": "Follow-up Epoch",
                  "instanceType": "Code"
                }
              }
            ],
            "activities": [
              {
                "id": "grp_1",
                "name": "Study Procedures",
                "instanceType": "Activity",
                "childIds": [
                  "act_1",
                  "act_2",
                  "act_3",
                  "act_4",
                  "act_5",
                  "act_6",
                  "act_7",
                  "act_8",
                  "act_9"
                ]
              },
              {
                "id": "grp_2",
                "name": "Laboratory Assessments",
                "instanceType": "Activity",
                "childIds": [
                  "act_10",
                  "act_11",
                  "act_12",
                  "act_13",
                  "act_14",
                  "act_15",
                  "act_16"
                ]
              },
              {
                "id": "grp_3",
                "name": "Tumor Assessments",
                "instanceType": "Activity",
                "childIds": [
                  "act_17",
                  "act_18"
                ]
              },
              {
                "id": "grp_4",
                "name": "Study Drug Administration",
                "instanceType": "Activity",
                "childIds": [
                  "act_19",
                  "act_20"
                ]
              },
              {
                "id": "grp_5",
                "name": "Pharmacokinetic Assessments",
                "instanceType": "Activity",
                "childIds": [
                  "act_21",
                  "act_22"
                ]
              },
              {
                "id": "grp_6",
                "name": "Safety Monitoring",
                "instanceType": "Activity",
                "childIds": [
                  "act_23",
                  "act_24",
                  "act_25"
                ]
              },
              {
                "id": "act_1",
                "name": "Informed Consent",
                "instanceType": "Activity",
                "description": "Obtain written informed consent from participant"
              },
              {
                "id": "act_2",
                "name": "Demographics",
                "instanceType": "Activity",
                "description": "Collect participant demographic information"
              },
              {
                "id": "act_3",
                "name": "Medical History",
                "instanceType": "Activity",
                "description": "Collect participant medical history"
              },
              {
                "id": "act_4",
                "name": "Physical Examination",
                "instanceType": "Activity",
                "description": "Complete physical examination"
              },
              {
                "id": "act_5",
                "name": "Vital Signs",
                "instanceType": "Activity",
                "description": "Measure vital signs"
              },
              {
                "id": "act_6",
                "name": "ECOG Performance Status",
                "instanceType": "Activity",
                "description": "Assess ECOG performance status"
              },
              {
                "id": "act_7",
                "name": "Height",
                "instanceType": "Activity",
                "description": "Measure participant height"
              },
              {
                "id": "act_8",
                "name": "Weight",
                "instanceType": "Activity",
                "description": "Measure participant weight"
              },
              {
                "id": "act_9",
                "name": "12-lead ECG",
                "instanceType": "Activity",
                "description": "Perform 12-lead electrocardiogram"
              },
              {
                "id": "act_10",
                "name": "Hematology",
                "instanceType": "Activity",
                "description": "Hematology laboratory assessment"
              },
              {
                "id": "act_11",
                "name": "Serum Chemistry",
                "instanceType": "Activity",
                "description": "Serum chemistry laboratory assessment including ALT, AST, total bilirubin"
              },
              {
                "id": "act_12",
                "name": "Coagulation",
                "instanceType": "Activity",
                "description": "Coagulation laboratory assessment including PT-INR"
              },
              {
                "id": "act_13",
                "name": "Urinalysis",
                "instanceType": "Activity",
                "description": "Urinalysis laboratory assessment"
              },
              {
                "id": "act_14",
                "name": "Pregnancy Test",
                "instanceType": "Activity",
                "description": "Pregnancy test for women of childbearing potential"
              },
              {
                "id": "act_15",
                "name": "Hepatitis B/C and HIV Testing",
                "instanceType": "Activity",
                "description": "Serological tests for viral hepatitis A, B, C, E and HIV"
              },
              {
                "id": "act_16",
                "name": "Thyroid Function Tests",
                "instanceType": "Activity",
                "description": "Thyroid function laboratory assessment"
              },
              {
                "id": "act_17",
                "name": "CT/MRI Scan",
                "instanceType": "Activity",
                "description": "Computed tomography or MRI scan for tumor assessment per RECIST 1.1"
              },
              {
                "id": "act_18",
                "name": "Tumor Biopsy",
                "instanceType": "Activity",
                "description": "Tumor biopsy for assessment"
              },
              {
                "id": "act_19",
                "name": "Ramucirumab SC Administration",
                "instanceType": "Activity",
                "description": "Subcutaneous ramucirumab administration with loading dose and maintenance dose regimen"
              },
              {
                "id": "act_20",
                "name": "Combination Therapy Administration",
                "instanceType": "Activity",
                "description": "Administration of combination therapy (paclitaxel, FOLFIRI, erlotinib, or docetaxel)"
              },
              {
                "id": "act_21",
                "name": "PK Blood Sampling",
                "instanceType": "Activity",
                "description": "Pharmacokinetic blood sampling for ramucirumab concentration analysis"
              },
              {
                "id": "act_22",
                "name": "Immunogenicity Sampling",
                "instanceType": "Activity",
                "description": "Blood sampling for immunogenicity assessment"
              },
              {
                "id": "act_23",
                "name": "Adverse Events",
                "instanceType": "Activity",
                "description": "Adverse event assessment and documentation"
              },
              {
                "id": "act_24",
                "name": "Concomitant Medications",
                "instanceType": "Activity",
                "description": "Review and documentation of concomitant medications"
              },
              {
                "id": "act_25",
                "name": "Injection Site Reactions",
                "instanceType": "Activity",
                "description": "Assessment of injection site reactions"
              }
            ],
            "encounters": [
              {
                "id": "enc_1",
                "name": "Screening (≤28 days prior to C1D1)",
                "instanceType": "Encounter",
                "type": {
                  "id": "e40a9312-e63e-4bb8-ac26-301c9e3f7c8b",
                  "code": "C48262",
                  "codeSystem": "http://www.cdisc.org",
                  "codeSystemVersion": "2024-09-27",
                  "decode": "Screening",
                  "instanceType": "Code"
                },
                "epochId": "epoch_1"
              },
              {
                "id": "enc_2",
                "name": "Cycle 1 Day 1",
                "instanceType": "Encounter",
                "type": {
                  "id": "d4d94052-40c6-4cb6-b795-3dcc1a191a00",
                  "code": "C82517",
                  "codeSystem": "http://www.cdisc.org",
                  "codeSystemVersion": "2024-09-27",
                  "decode": "Baseline",
                  "instanceType": "Code"
                },
                "epochId": "epoch_2"
              },
              {
                "id": "enc_3",
                "name": "Cycle 1 Day 8",
                "instanceType": "Encounter",
                "type": {
                  "id": "da539416-1cea-423a-849b-b051dfedb2fc",
                  "code": "C99156",
                  "codeSystem": "http://www.cdisc.org",
                  "codeSystemVersion": "2024-09-27",
                  "decode": "Scheduled Visit",
                  "instanceType": "Code"
                },
                "epochId": "epoch_2"
              },
              {
                "id": "enc_4",
                "name": "Cycle 1 Day 15",
                "instanceType": "Encounter",
                "type": {
                  "id": "a3302823-dcf1-493a-a70a-5922fb718de6",
                  "code": "C82517",
                  "codeSystem": "http://www.cdisc.org",
                  "codeSystemVersion": "2024-09-27",
                  "decode": "Baseline",
                  "instanceType": "Code"
                },
                "epochId": "epoch_2"
              },
              {
                "id": "enc_5",
                "name": "Cycle 2+ Day 1",
                "instanceType": "Encounter",
                "type": {
                  "id": "27216916-3ee1-4d9b-8125-cd4774efed5f",
                  "code": "C82517",
                  "codeSystem": "http://www.cdisc.org",
                  "codeSystemVersion": "2024-09-27",
                  "decode": "Baseline",
                  "instanceType": "Code"
                },
                "epochId": "epoch_2"
              },
              {
                "id": "enc_6",
                "name": "Cycle 2+ Day 8",
                "instanceType": "Encounter",
                "type": {
                  "id": "39ddb6eb-1458-4bc6-8ca7-bea903e74a90",
                  "code": "C99156",
                  "codeSystem": "http://www.cdisc.org",
                  "codeSystemVersion": "2024-09-27",
                  "decode": "Scheduled Visit",
                  "instanceType": "Code"
                },
                "epochId": "epoch_2"
              },
              {
                "id": "enc_7",
                "name": "Cycle 2+ Day 15",
                "instanceType": "Encounter",
                "type": {
                  "id": "20dd2417-5c01-4952-8f8f-33817841f85a",
                  "code": "C82517",
                  "codeSystem": "http://www.cdisc.org",
                  "codeSystemVersion": "2024-09-27",
                  "decode": "Baseline",
                  "instanceType": "Code"
                },
                "epochId": "epoch_2"
              },
              {
                "id": "enc_8",
                "name": "Every 3 Cycles Day 1",
                "instanceType": "Encounter",
                "type": {
                  "id": "05986a9f-972c-4fb7-9842-bd642b47abab",
                  "code": "C82517",
                  "codeSystem": "http://www.cdisc.org",
                  "codeSystemVersion": "2024-09-27",
                  "decode": "Baseline",
                  "instanceType": "Code"
                },
                "epochId": "epoch_2"
              },
              {
                "id": "enc_9",
                "name": "30-day Follow-up",
                "instanceType": "Encounter",
                "type": {
                  "id": "7553cdf8-bb64-43c9-8eb1-af34aea16a6f",
                  "code": "C99158",
                  "codeSystem": "http://www.cdisc.org",
                  "codeSystemVersion": "2024-09-27",
                  "decode": "Follow-up",
                  "instanceType": "Code"
                },
                "epochId": "epoch_3"
              },
              {
                "id": "enc_10",
                "name": "Every 8 Weeks",
                "instanceType": "Encounter",
                "type": {
                  "id": "b85c1658-b16c-44f5-8ddb-67fea4acf64b",
                  "code": "C99156",
                  "codeSystem": "http://www.cdisc.org",
                  "codeSystemVersion": "2024-09-27",
                  "decode": "Scheduled Visit",
                  "instanceType": "Code"
                },
                "epochId": "epoch_4"
              },
              {
                "id": "enc_11",
                "name": "Survival Follow-up",
                "instanceType": "Encounter",
                "type": {
                  "id": "5766b72b-08e5-4ba8-b0d7-8c64b361cefe",
                  "code": "C99158",
                  "codeSystem": "http://www.cdisc.org",
                  "codeSystemVersion": "2024-09-27",
                  "decode": "Follow-up",
                  "instanceType": "Code"
                },
                "epochId": "epoch_4"
              }
            ],
            "scheduleTimelines": [
              {
                "id": "timeline_1",
                "name": "Main Schedule Timeline",
                "mainTimeline": true,
                "instanceType": "ScheduleTimeline",
                "entryCondition": "Subject enrolled in study",
                "entryId": "573f368b-75f8-46c4-bf18-ecded3de88ab",
                "instances": [
                  {
                    "id": "573f368b-75f8-46c4-bf18-ecded3de88ab",
                    "activityIds": [
                      "act_1"
                    ],
                    "instanceType": "ScheduledActivityInstance",
                    "name": "act_1@enc_1",
                    "encounterId": "enc_1"
                  },
                  {
                    "id": "54d6035a-c5d9-4305-8b45-d1b817ee509c",
                    "activityIds": [
                      "act_2"
                    ],
                    "instanceType": "ScheduledActivityInstance",
                    "name": "act_2@enc_1",
                    "encounterId": "enc_1"
                  },
                  {
                    "id": "acb8a605-6af9-4b32-aebf-83af52654f8f",
                    "activityIds": [
                      "act_3"
                    ],
                    "instanceType": "ScheduledActivityInstance",
                    "name": "act_3@enc_1",
                    "encounterId": "enc_1"
                  },
                  {
                    "id": "6f6e21a8-36f5-42e9-b6ca-68b306d29915",
                    "activityIds": [
                      "act_4"
                    ],
                    "instanceType": "ScheduledActivityInstance",
                    "name": "act_4@enc_1",
                    "encounterId": "enc_1"
                  },
                  {
                    "id": "f253e663-c761-4bfd-b331-36f55ee9fd6a",
                    "activityIds": [
                      "act_5"
                    ],
                    "instanceType": "ScheduledActivityInstance",
                    "name": "act_5@enc_1",
                    "encounterId": "enc_1"
                  },
                  {
                    "id": "88d263ed-2099-466c-bd4d-af0d2a531c04",
                    "activityIds": [
                      "act_6"
                    ],
                    "instanceType": "ScheduledActivityInstance",
                    "name": "act_6@enc_1",
                    "encounterId": "enc_1"
                  },
                  {
                    "id": "1328ea7b-e73a-40eb-a90f-3c05f8a30268",
                    "activityIds": [
                      "act_7"
                    ],
                    "instanceType": "ScheduledActivityInstance",
                    "name": "act_7@enc_1",
                    "encounterId": "enc_1"
                  },
                  {
                    "id": "a2fa73ab-676a-4f37-87e7-011d59fe66f1",
                    "activityIds": [
                      "act_8"
                    ],
                    "instanceType": "ScheduledActivityInstance",
                    "name": "act_8@enc_1",
                    "encounterId": "enc_1"
                  },
                  {
                    "id": "da4ee0dd-c072-471a-9e42-959fbaee9a03",
                    "activityIds": [
                      "act_9"
                    ],
                    "instanceType": "ScheduledActivityInstance",
                    "name": "act_9@enc_1",
                    "encounterId": "enc_1"
                  },
                  {
                    "id": "6e72ac88-6865-4e30-b4f3-e96f2534e486",
                    "activityIds": [
                      "act_10"
                    ],
                    "instanceType": "ScheduledActivityInstance",
                    "name": "act_10@enc_1",
                    "encounterId": "enc_1"
                  },
                  {
                    "id": "cb26d2e0-6895-48e6-a692-615fa8d8e030",
                    "activityIds": [
                      "act_11"
                    ],
                    "instanceType": "ScheduledActivityInstance",
                    "name": "act_11@enc_1",
                    "encounterId": "enc_1"
                  },
                  {
                    "id": "2f0282ad-c128-4d07-8521-75df0732ae03",
                    "activityIds": [
                      "act_12"
                    ],
                    "instanceType": "ScheduledActivityInstance",
                    "name": "act_12@enc_1",
                    "encounterId": "enc_1"
                  },
                  {
                    "id": "7986fa46-99e5-4a11-9d3d-a3e581778158",
                    "activityIds": [
                      "act_13"
                    ],
                    "instanceType": "ScheduledActivityInstance",
                    "name": "act_13@enc_1",
                    "encounterId": "enc_1"
                  },
                  {
                    "id": "18e06a66-bd24-4434-9380-ad591dcb55e2",
                    "activityIds": [
                      "act_14"
                    ],
                    "instanceType": "ScheduledActivityInstance",
                    "name": "act_14@enc_1",
                    "encounterId": "enc_1"
                  },
                  {
                    "id": "ccad33da-0629-4cb3-856b-dc36df706f96",
                    "activityIds": [
                      "act_15"
                    ],
                    "instanceType": "ScheduledActivityInstance",
                    "name": "act_15@enc_1",
                    "encounterId": "enc_1"
                  },
                  {
                    "id": "0e2c3554-0a6c-40ae-8d33-2276a22ed878",
                    "activityIds": [
                      "act_16"
                    ],
                    "instanceType": "ScheduledActivityInstance",
                    "name": "act_16@enc_1",
                    "encounterId": "enc_1"
                  },
                  {
                    "id": "7b5f5a65-73e9-46a6-91a0-f08f348ffddc",
                    "activityIds": [
                      "act_17"
                    ],
                    "instanceType": "ScheduledActivityInstance",
                    "name": "act_17@enc_1",
                    "encounterId": "enc_1"
                  },
                  {
                    "id": "100b2cca-9781-4913-b1c6-b3081aad4324",
                    "activityIds": [
                      "act_4"
                    ],
                    "instanceType": "ScheduledActivityInstance",
                    "name": "act_4@enc_2",
                    "encounterId": "enc_2"
                  },
                  {
                    "id": "48ea2363-1666-4cf1-9999-b736d8383c3c",
                    "activityIds": [
                      "act_5"
                    ],
                    "instanceType": "ScheduledActivityInstance",
                    "name": "act_5@enc_2",
                    "encounterId": "enc_2"
                  },
                  {
                    "id": "1e2c0578-207b-4d80-8819-982263344f63",
                    "activityIds": [
                      "act_6"
                    ],
                    "instanceType": "ScheduledActivityInstance",
                    "name": "act_6@enc_2",
                    "encounterId": "enc_2"
                  },
                  {
                    "id": "41676d6f-f41e-4b31-84bb-28f66a51752d",
                    "activityIds": [
                      "act_8"
                    ],
                    "instanceType": "ScheduledActivityInstance",
                    "name": "act_8@enc_2",
                    "encounterId": "enc_2"
                  },
                  {
                    "id": "12bf3c81-7a1f-4ea8-aba9-924092fbd43e",
                    "activityIds": [
                      "act_9"
                    ],
                    "instanceType": "ScheduledActivityInstance",
                    "name": "act_9@enc_2",
                    "encounterId": "enc_2"
                  },
                  {
                    "id": "9407c28c-c414-4d45-94f1-e27b2614d9f4",
                    "activityIds": [
                      "act_10"
                    ],
                    "instanceType": "ScheduledActivityInstance",
                    "name": "act_10@enc_2",
                    "encounterId": "enc_2"
                  },
                  {
                    "id": "80a6c017-f974-481f-bd40-caa2f69324d3",
                    "activityIds": [
                      "act_11"
                    ],
                    "instanceType": "ScheduledActivityInstance",
                    "name": "act_11@enc_2",
                    "encounterId": "enc_2"
                  },
                  {
                    "id": "62061958-f6f9-4281-8a85-1ba1d4b2619b",
                    "activityIds": [
                      "act_19"
                    ],
                    "instanceType": "ScheduledActivityInstance",
                    "name": "act_19@enc_2",
                    "encounterId": "enc_2"
                  },
                  {
                    "id": "22181367-70ec-4709-bf50-6b773d52fb15",
                    "activityIds": [
                      "act_20"
                    ],
                    "instanceType": "ScheduledActivityInstance",
                    "name": "act_20@enc_2",
                    "encounterId": "enc_2"
                  },
                  {
                    "id": "527faf4e-45f8-4066-9e71-b3c4d75dd9ea",
                    "activityIds": [
                      "act_21"
                    ],
                    "instanceType": "ScheduledActivityInstance",
                    "name": "act_21@enc_2",
                    "encounterId": "enc_2"
                  },
                  {
                    "id": "c93e3080-bc8e-411d-bb33-355ac77ff201",
                    "activityIds": [
                      "act_22"
                    ],
                    "instanceType": "ScheduledActivityInstance",
                    "name": "act_22@enc_2",
                    "encounterId": "enc_2"
                  },
                  {
                    "id": "067c84a3-92dd-407b-937e-e969078b88d7",
                    "activityIds": [
                      "act_23"
                    ],
                    "instanceType": "ScheduledActivityInstance",
                    "name": "act_23@enc_2",
                    "encounterId": "enc_2"
                  },
                  {
                    "id": "1d9c6e1a-38ec-4ebc-9d35-c535ba6e3879",
                    "activityIds": [
                      "act_24"
                    ],
                    "instanceType": "ScheduledActivityInstance",
                    "name": "act_24@enc_2",
                    "encounterId": "enc_2"
                  },
                  {
                    "id": "21a93e78-2404-4206-b7a1-50691491bd27",
                    "activityIds": [
                      "act_25"
                    ],
                    "instanceType": "ScheduledActivityInstance",
                    "name": "act_25@enc_2",
                    "encounterId": "enc_2"
                  },
                  {
                    "id": "b84542f0-fd44-4eb4-86fa-b5a73e1ff8c6",
                    "activityIds": [
                      "act_5"
                    ],
                    "instanceType": "ScheduledActivityInstance",
                    "name": "act_5@enc_3",
                    "encounterId": "enc_3"
                  },
                  {
                    "id": "da89faa7-cfa1-48d7-b909-071f55c8d3f6",
                    "activityIds": [
                      "act_10"
                    ],
                    "instanceType": "ScheduledActivityInstance",
                    "name": "act_10@enc_3",
                    "encounterId": "enc_3"
                  },
                  {
                    "id": "cf17f86a-7156-45e4-96a9-e57f48f51aa0",
                    "activityIds": [
                      "act_11"
                    ],
                    "instanceType": "ScheduledActivityInstance",
                    "name": "act_11@enc_3",
                    "encounterId": "enc_3"
                  },
                  {
                    "id": "503d161c-0f78-4fe4-b0da-a2bc7ca6a330",
                    "activityIds": [
                      "act_19"
                    ],
                    "instanceType": "ScheduledActivityInstance",
                    "name": "act_19@enc_3",
                    "encounterId": "enc_3"
                  },
                  {
                    "id": "f71634e0-5c6c-4bb1-9bee-e8b4a96b148a",
                    "activityIds": [
                      "act_20"
                    ],
                    "instanceType": "ScheduledActivityInstance",
                    "name": "act_20@enc_3",
                    "encounterId": "enc_3"
                  },
                  {
                    "id": "6f5d8ced-4c14-4044-98b9-32ac0f1844c0",
                    "activityIds": [
                      "act_21"
                    ],
                    "instanceType": "ScheduledActivityInstance",
                    "name": "act_21@enc_3",
                    "encounterId": "enc_3"
                  },
                  {
                    "id": "5f8f7fd0-06af-4bea-9083-04b98a199dc7",
                    "activityIds": [
                      "act_23"
                    ],
                    "instanceType": "ScheduledActivityInstance",
                    "name": "act_23@enc_3",
                    "encounterId": "enc_3"
                  },
                  {
                    "id": "a683dc09-c602-4ca0-9ed4-5cd9092fbf66",
                    "activityIds": [
                      "act_24"
                    ],
                    "instanceType": "ScheduledActivityInstance",
                    "name": "act_24@enc_3",
                    "encounterId": "enc_3"
                  },
                  {
                    "id": "b3d77bc2-15d8-458f-b104-5036f15d410c",
                    "activityIds": [
                      "act_25"
                    ],
                    "instanceType": "ScheduledActivityInstance",
                    "name": "act_25@enc_3",
                    "encounterId": "enc_3"
                  },
                  {
                    "id": "4e36346e-6326-4317-b1d5-d3b2e89a8220",
                    "activityIds": [
                      "act_5"
                    ],
                    "instanceType": "ScheduledActivityInstance",
                    "name": "act_5@enc_4",
                    "encounterId": "enc_4"
                  },
                  {
                    "id": "0e07cd65-a602-4d54-97e3-8ff00836630d",
                    "activityIds": [
                      "act_10"
                    ],
                    "instanceType": "ScheduledActivityInstance",
                    "name": "act_10@enc_4",
                    "encounterId": "enc_4"
                  },
                  {
                    "id": "94de16ed-a311-42e6-9e0d-b98cfb657f28",
                    "activityIds": [
                      "act_11"
                    ],
                    "instanceType": "ScheduledActivityInstance",
                    "name": "act_11@enc_4",
                    "encounterId": "enc_4"
                  },
                  {
                    "id": "8033c7e5-78ef-4b81-a7dd-db27bf816b85",
                    "activityIds": [
                      "act_19"
                    ],
                    "instanceType": "ScheduledActivityInstance",
                    "name": "act_19@enc_4",
                    "encounterId": "enc_4"
                  },
                  {
                    "id": "a2b25abf-9656-48d9-8297-dc144113cb88",
                    "activityIds": [
                      "act_20"
                    ],
                    "instanceType": "ScheduledActivityInstance",
                    "name": "act_20@enc_4",
                    "encounterId": "enc_4"
                  },
                  {
                    "id": "652e12c3-0a9a-441d-8267-e57e3e794441",
                    "activityIds": [
                      "act_21"
                    ],
                    "instanceType": "ScheduledActivityInstance",
                    "name": "act_21@enc_4",
                    "encounterId": "enc_4"
                  },
                  {
                    "id": "4393ce6f-4455-4e41-bb23-d1454d427a33",
                    "activityIds": [
                      "act_23"
                    ],
                    "instanceType": "ScheduledActivityInstance",
                    "name": "act_23@enc_4",
                    "encounterId": "enc_4"
                  },
                  {
                    "id": "39c07e82-3a14-466c-9acf-7986a814df44",
                    "activityIds": [
                      "act_24"
                    ],
                    "instanceType": "ScheduledActivityInstance",
                    "name": "act_24@enc_4",
                    "encounterId": "enc_4"
                  },
                  {
                    "id": "b5bd0b37-34c6-446e-ae6d-fcb82684ed05",
                    "activityIds": [
                      "act_25"
                    ],
                    "instanceType": "ScheduledActivityInstance",
                    "name": "act_25@enc_4",
                    "encounterId": "enc_4"
                  },
                  {
                    "id": "4af2782a-0414-4641-aee1-41e129beb1ba",
                    "activityIds": [
                      "act_4"
                    ],
                    "instanceType": "ScheduledActivityInstance",
                    "name": "act_4@enc_5",
                    "encounterId": "enc_5"
                  },
                  {
                    "id": "438ee5b9-bb94-42a7-a0fa-b7b8088d23e0",
                    "activityIds": [
                      "act_5"
                    ],
                    "instanceType": "ScheduledActivityInstance",
                    "name": "act_5@enc_5",
                    "encounterId": "enc_5"
                  },
                  {
                    "id": "d542256a-6d7d-4c91-812e-e1422016b086",
                    "activityIds": [
                      "act_6"
                    ],
                    "instanceType": "ScheduledActivityInstance",
                    "name": "act_6@enc_5",
                    "encounterId": "enc_5"
                  },
                  {
                    "id": "db62cf20-9282-46ab-8ef0-42490a4489dd",
                    "activityIds": [
                      "act_8"
                    ],
                    "instanceType": "ScheduledActivityInstance",
                    "name": "act_8@enc_5",
                    "encounterId": "enc_5"
                  },
                  {
                    "id": "6a93ba5e-d62c-4847-b73d-0b773e465ba0",
                    "activityIds": [
                      "act_10"
                    ],
                    "instanceType": "ScheduledActivityInstance",
                    "name": "act_10@enc_5",
                    "encounterId": "enc_5"
                  },
                  {
                    "id": "12b58be3-053f-4e0e-b2de-89c9d0fffbbc",
                    "activityIds": [
                      "act_11"
                    ],
                    "instanceType": "ScheduledActivityInstance",
                    "name": "act_11@enc_5",
                    "encounterId": "enc_5"
                  },
                  {
                    "id": "190a335d-975d-496c-beb1-25b395ae6f45",
                    "activityIds": [
                      "act_19"
                    ],
                    "instanceType": "ScheduledActivityInstance",
                    "name": "act_19@enc_5",
                    "encounterId": "enc_5"
                  },
                  {
                    "id": "2987c822-5d7b-400e-9e2f-51f6f102caf8",
                    "activityIds": [
                      "act_20"
                    ],
                    "instanceType": "ScheduledActivityInstance",
                    "name": "act_20@enc_5",
                    "encounterId": "enc_5"
                  },
                  {
                    "id": "e3e6320d-fd6b-4913-8dfb-7bfe187a15ab",
                    "activityIds": [
                      "act_21"
                    ],
                    "instanceType": "ScheduledActivityInstance",
                    "name": "act_21@enc_5",
                    "encounterId": "enc_5"
                  },
                  {
                    "id": "28a76c91-37a6-4451-950d-9080d6fb0d69",
                    "activityIds": [
                      "act_22"
                    ],
                    "instanceType": "ScheduledActivityInstance",
                    "name": "act_22@enc_5",
                    "encounterId": "enc_5"
                  },
                  {
                    "id": "bc323e95-3eed-4ec6-ab0f-ab341acc40de",
                    "activityIds": [
                      "act_23"
                    ],
                    "instanceType": "ScheduledActivityInstance",
                    "name": "act_23@enc_5",
                    "encounterId": "enc_5"
                  },
                  {
                    "id": "035213e6-67ab-447c-9b75-4492a585b605",
                    "activityIds": [
                      "act_24"
                    ],
                    "instanceType": "ScheduledActivityInstance",
                    "name": "act_24@enc_5",
                    "encounterId": "enc_5"
                  },
                  {
                    "id": "41b4462d-e6e5-4c5d-a39f-f3ed337a24d7",
                    "activityIds": [
                      "act_25"
                    ],
                    "instanceType": "ScheduledActivityInstance",
                    "name": "act_25@enc_5",
                    "encounterId": "enc_5"
                  },
                  {
                    "id": "6aedf975-ef0a-43b2-8e9e-cdc3192f8421",
                    "activityIds": [
                      "act_5"
                    ],
                    "instanceType": "ScheduledActivityInstance",
                    "name": "act_5@enc_6",
                    "encounterId": "enc_6"
                  },
                  {
                    "id": "32de1c04-13bf-4c55-8265-60bb02c68390",
                    "activityIds": [
                      "act_10"
                    ],
                    "instanceType": "ScheduledActivityInstance",
                    "name": "act_10@enc_6",
                    "encounterId": "enc_6"
                  },
                  {
                    "id": "81f2d78d-0f1e-4f44-89cd-0717b39ed015",
                    "activityIds": [
                      "act_11"
                    ],
                    "instanceType": "ScheduledActivityInstance",
                    "name": "act_11@enc_6",
                    "encounterId": "enc_6"
                  },
                  {
                    "id": "301cf7e0-4000-4da9-870e-eac058e3ef96",
                    "activityIds": [
                      "act_19"
                    ],
                    "instanceType": "ScheduledActivityInstance",
                    "name": "act_19@enc_6",
                    "encounterId": "enc_6"
                  },
                  {
                    "id": "02738c62-22bb-41dd-be1d-5d1500a7223f",
                    "activityIds": [
                      "act_20"
                    ],
                    "instanceType": "ScheduledActivityInstance",
                    "name": "act_20@enc_6",
                    "encounterId": "enc_6"
                  },
                  {
                    "id": "461255e5-6ec2-4911-a24f-66bde0131ac0",
                    "activityIds": [
                      "act_23"
                    ],
                    "instanceType": "ScheduledActivityInstance",
                    "name": "act_23@enc_6",
                    "encounterId": "enc_6"
                  },
                  {
                    "id": "805ffcf5-7f63-4ab7-b166-c5d8877b5ff0",
                    "activityIds": [
                      "act_24"
                    ],
                    "instanceType": "ScheduledActivityInstance",
                    "name": "act_24@enc_6",
                    "encounterId": "enc_6"
                  },
                  {
                    "id": "1896574b-0e6b-43eb-9a45-985fb747a392",
                    "activityIds": [
                      "act_25"
                    ],
                    "instanceType": "ScheduledActivityInstance",
                    "name": "act_25@enc_6",
                    "encounterId": "enc_6"
                  },
                  {
                    "id": "c624893d-924d-4264-9455-041c8d46d1d7",
                    "activityIds": [
                      "act_5"
                    ],
                    "instanceType": "ScheduledActivityInstance",
                    "name": "act_5@enc_7",
                    "encounterId": "enc_7"
                  },
                  {
                    "id": "16b4847c-d301-4464-90c0-db01d38adaa9",
                    "activityIds": [
                      "act_10"
                    ],
                    "instanceType": "ScheduledActivityInstance",
                    "name": "act_10@enc_7",
                    "encounterId": "enc_7"
                  },
                  {
                    "id": "26928049-7583-483b-a49b-350a28edf066",
                    "activityIds": [
                      "act_11"
                    ],
                    "instanceType": "ScheduledActivityInstance",
                    "name": "act_11@enc_7",
                    "encounterId": "enc_7"
                  },
                  {
                    "id": "de38ce05-fd8e-40e0-8332-e1baaa877041",
                    "activityIds": [
                      "act_19"
                    ],
                    "instanceType": "ScheduledActivityInstance",
                    "name": "act_19@enc_7",
                    "encounterId": "enc_7"
                  },
                  {
                    "id": "37751cfd-374d-4adf-894a-86fd88ab4fad",
                    "activityIds": [
                      "act_20"
                    ],
                    "instanceType": "ScheduledActivityInstance",
                    "name": "act_20@enc_7",
                    "encounterId": "enc_7"
                  },
                  {
                    "id": "01c07f44-307e-4cf2-976b-d85414993eae",
                    "activityIds": [
                      "act_23"
                    ],
                    "instanceType": "ScheduledActivityInstance",
                    "name": "act_23@enc_7",
                    "encounterId": "enc_7"
                  },
                  {
                    "id": "f339ac1d-9050-45b2-be18-b60cff2f1483",
                    "activityIds": [
                      "act_24"
                    ],
                    "instanceType": "ScheduledActivityInstance",
                    "name": "act_24@enc_7",
                    "encounterId": "enc_7"
                  },
                  {
                    "id": "9014231a-5582-4138-86b5-7eae285f401e",
                    "activityIds": [
                      "act_25"
                    ],
                    "instanceType": "ScheduledActivityInstance",
                    "name": "act_25@enc_7",
                    "encounterId": "enc_7"
                  },
                  {
                    "id": "7b0a78bc-dda6-4d3b-b681-3fb08bc51e5c",
                    "activityIds": [
                      "act_17"
                    ],
                    "instanceType": "ScheduledActivityInstance",
                    "name": "act_17@enc_8",
                    "encounterId": "enc_8"
                  },
                  {
                    "id": "b5c7cd65-8f34-4dff-aa82-c360241510b0",
                    "activityIds": [
                      "act_4"
                    ],
                    "instanceType": "ScheduledActivityInstance",
                    "name": "act_4@enc_9",
                    "encounterId": "enc_9"
                  },
                  {
                    "id": "265cce9c-56c6-43fa-ba0f-d479c5dd94b5",
                    "activityIds": [
                      "act_5"
                    ],
                    "instanceType": "ScheduledActivityInstance",
                    "name": "act_5@enc_9",
                    "encounterId": "enc_9"
                  },
                  {
                    "id": "c9541fce-e1d0-47a0-a828-6dd16732150c",
                    "activityIds": [
                      "act_6"
                    ],
                    "instanceType": "ScheduledActivityInstance",
                    "name": "act_6@enc_9",
                    "encounterId": "enc_9"
                  },
                  {
                    "id": "21c75a98-6a7e-4d6b-b40f-79f3e406c5e8",
                    "activityIds": [
                      "act_8"
                    ],
                    "instanceType": "ScheduledActivityInstance",
                    "name": "act_8@enc_9",
                    "encounterId": "enc_9"
                  },
                  {
                    "id": "3a0b95d7-d7ed-404f-9aab-eefbfd84c51c",
                    "activityIds": [
                      "act_9"
                    ],
                    "instanceType": "ScheduledActivityInstance",
                    "name": "act_9@enc_9",
                    "encounterId": "enc_9"
                  },
                  {
                    "id": "f22650d8-1f91-4e22-9b4a-77d7e1d62531",
                    "activityIds": [
                      "act_10"
                    ],
                    "instanceType": "ScheduledActivityInstance",
                    "name": "act_10@enc_9",
                    "encounterId": "enc_9"
                  },
                  {
                    "id": "f1e308e9-1acc-462b-9c5e-43f3ccc6d701",
                    "activityIds": [
                      "act_11"
                    ],
                    "instanceType": "ScheduledActivityInstance",
                    "name": "act_11@enc_9",
                    "encounterId": "enc_9"
                  },
                  {
                    "id": "e9047659-e044-4bf7-b4fa-fab02c9296e3",
                    "activityIds": [
                      "act_13"
                    ],
                    "instanceType": "ScheduledActivityInstance",
                    "name": "act_13@enc_9",
                    "encounterId": "enc_9"
                  },
                  {
                    "id": "bef2e258-22c4-43fb-a4f7-1120d31f2bcb",
                    "activityIds": [
                      "act_21"
                    ],
                    "instanceType": "ScheduledActivityInstance",
                    "name": "act_21@enc_9",
                    "encounterId": "enc_9"
                  },
                  {
                    "id": "da2ede4c-7866-4abd-ad02-3f1c2f4b2e65",
                    "activityIds": [
                      "act_22"
                    ],
                    "instanceType": "ScheduledActivityInstance",
                    "name": "act_22@enc_9",
                    "encounterId": "enc_9"
                  },
                  {
                    "id": "2168690e-105b-499a-b396-cfc73abd6465",
                    "activityIds": [
                      "act_23"
                    ],
                    "instanceType": "ScheduledActivityInstance",
                    "name": "act_23@enc_9",
                    "encounterId": "enc_9"
                  },
                  {
                    "id": "584a97ad-b224-44c0-a6b2-b242c1f2e1f0",
                    "activityIds": [
                      "act_24"
                    ],
                    "instanceType": "ScheduledActivityInstance",
                    "name": "act_24@enc_9",
                    "encounterId": "enc_9"
                  },
                  {
                    "id": "07634bb5-1545-4de8-a2dc-39b1e1a34ef9",
                    "activityIds": [
                      "act_17"
                    ],
                    "instanceType": "ScheduledActivityInstance",
                    "name": "act_17@enc_10",
                    "encounterId": "enc_10"
                  },
                  {
                    "id": "5454b111-a6ef-4d90-a7f6-d11f8f20dd31",
                    "activityIds": [
                      "act_23"
                    ],
                    "instanceType": "ScheduledActivityInstance",
                    "name": "act_23@enc_11",
                    "encounterId": "enc_11"
                  }
                ]
              }
            ]
          }
        ]
      }
    ]
  }
}