{
  "usdmVersion": "4.0",
  "systemName": "Protocol2USDM",
  "systemVersion": "6.2.0",
  "study": {
    "id": "17506cbe-24d2-4fa7-8540-0822e7255ee6",
    "name": "",
    "instanceType": "Study",
    "versions": [
      {
        "id": "0ed47d9c-499b-48d1-a11c-2bb43c70ed81",
        "versionIdentifier": "1.0",
        "rationale": "Initial protocol version",
        "instanceType": "StudyVersion",
        "studyDesigns": [
          {
            "id": "sd_1",
            "name": "Study Design",
            "rationale": "Protocol-defined study design",
            "instanceType": "InterventionalStudyDesign",
            "blindingSchema": {
              "id": "313fb8b2-1109-4f78-9930-35143dc3cf31",
              "instanceType": "AliasCode",
              "standardCode": {
                "id": "ca2d929a-a1ad-454d-9087-369fe8c685c6",
                "code": "C49656",
                "codeSystem": "http://www.cdisc.org",
                "codeSystemVersion": "2024-09-27",
                "decode": "Open Label",
                "instanceType": "Code"
              }
            },
            "model": {
              "id": "b9e6d2e5-8d74-422e-ae3c-d226a55e13ac",
              "code": "C82638",
              "codeSystem": "http://www.cdisc.org",
              "codeSystemVersion": "2024-09-27",
              "decode": "Single Group Study",
              "instanceType": "Code"
            },
            "epochs": [
              {
                "id": "epoch_1",
                "name": "Screening",
                "instanceType": "StudyEpoch",
                "type": {
                  "id": "25821f11-f087-49b2-a1de-143eec9d89c5",
                  "code": "C98779",
                  "codeSystem": "http://www.cdisc.org",
                  "codeSystemVersion": "2024-09-27",
                  "decode": "Screening Epoch",
                  "instanceType": "Code"
                }
              },
              {
                "id": "epoch_2",
                "name": "Treatment Period",
                "instanceType": "StudyEpoch",
                "type": {
                  "id": "b7a990ab-92da-4d33-97ab-15109e366b36",
                  "code": "C98780",
                  "codeSystem": "http://www.cdisc.org",
                  "codeSystemVersion": "2024-09-27",
                  "decode": "Treatment Epoch",
                  "instanceType": "Code"
                }
              },
              {
                "id": "epoch_3",
                "name": "Short-term Follow-up",
                "instanceType": "StudyEpoch",
                "type": {
                  "id": "1cf164d8-d057-46c1-94c3-330c481c7047",
                  "code": "C98781",
                  "codeSystem": "http://www.cdisc.org",
                  "codeSystemVersion": "2024-09-27",
                  "decode": "Follow-up Epoch",
                  "instanceType": "Code"
                }
              },
              {
                "id": "epoch_4",
                "name": "Long-term Follow-up",
                "instanceType": "StudyEpoch",
                "type": {
                  "id": "c55662ec-59c3-48fb-9b7e-e6fb0de83b48",
                  "code": "C98781",
                  "codeSystem": "http://www.cdisc.org",
                  "codeSystemVersion": "2024-09-27",
                  "decode": "Follow-up Epoch",
                  "instanceType": "Code"
                }
              }
            ],
            "activities": [
              {
                "id": "grp_1",
                "name": "Study Procedures",
                "instanceType": "Activity",
                "childIds": [
                  "act_1",
                  "act_2",
                  "act_3",
                  "act_4",
                  "act_5",
                  "act_6",
                  "act_7",
                  "act_8",
                  "act_9"
                ]
              },
              {
                "id": "grp_2",
                "name": "Laboratory Assessments",
                "instanceType": "Activity",
                "childIds": [
                  "act_10",
                  "act_11",
                  "act_12",
                  "act_13",
                  "act_14",
                  "act_15",
                  "act_16"
                ]
              },
              {
                "id": "grp_3",
                "name": "Tumor Assessments",
                "instanceType": "Activity",
                "childIds": [
                  "act_17",
                  "act_18"
                ]
              },
              {
                "id": "grp_4",
                "name": "Study Drug Administration",
                "instanceType": "Activity",
                "childIds": [
                  "act_19",
                  "act_20"
                ]
              },
              {
                "id": "grp_5",
                "name": "Pharmacokinetic Assessments",
                "instanceType": "Activity",
                "childIds": [
                  "act_21",
                  "act_22"
                ]
              },
              {
                "id": "grp_6",
                "name": "Safety Monitoring",
                "instanceType": "Activity",
                "childIds": [
                  "act_23",
                  "act_24",
                  "act_25"
                ]
              },
              {
                "id": "act_1",
                "name": "Informed Consent",
                "instanceType": "Activity",
                "description": "Obtain written informed consent from participant"
              },
              {
                "id": "act_2",
                "name": "Demographics",
                "instanceType": "Activity",
                "description": "Collect participant demographic information"
              },
              {
                "id": "act_3",
                "name": "Medical History",
                "instanceType": "Activity",
                "description": "Collect participant medical history"
              },
              {
                "id": "act_4",
                "name": "Physical Examination",
                "instanceType": "Activity",
                "description": "Complete physical examination"
              },
              {
                "id": "act_5",
                "name": "Vital Signs",
                "instanceType": "Activity",
                "description": "Measure vital signs"
              },
              {
                "id": "act_6",
                "name": "ECOG Performance Status",
                "instanceType": "Activity",
                "description": "Assess ECOG performance status"
              },
              {
                "id": "act_7",
                "name": "Height",
                "instanceType": "Activity",
                "description": "Measure participant height"
              },
              {
                "id": "act_8",
                "name": "Weight",
                "instanceType": "Activity",
                "description": "Measure participant weight"
              },
              {
                "id": "act_9",
                "name": "12-lead ECG",
                "instanceType": "Activity",
                "description": "Perform 12-lead electrocardiogram"
              },
              {
                "id": "act_10",
                "name": "Hematology",
                "instanceType": "Activity",
                "description": "Hematology laboratory assessment"
              },
              {
                "id": "act_11",
                "name": "Serum Chemistry",
                "instanceType": "Activity",
                "description": "Serum chemistry laboratory assessment including ALT, AST, total bilirubin"
              },
              {
                "id": "act_12",
                "name": "Coagulation",
                "instanceType": "Activity",
                "description": "Coagulation laboratory assessment including PT-INR"
              },
              {
                "id": "act_13",
                "name": "Urinalysis",
                "instanceType": "Activity",
                "description": "Urinalysis laboratory assessment"
              },
              {
                "id": "act_14",
                "name": "Pregnancy Test",
                "instanceType": "Activity",
                "description": "Pregnancy test for women of childbearing potential"
              },
              {
                "id": "act_15",
                "name": "Hepatitis B/C and HIV Testing",
                "instanceType": "Activity",
                "description": "Serological tests for viral hepatitis A, B, C, E and HIV"
              },
              {
                "id": "act_16",
                "name": "Thyroid Function Tests",
                "instanceType": "Activity",
                "description": "Thyroid function laboratory assessment"
              },
              {
                "id": "act_17",
                "name": "CT/MRI Scan",
                "instanceType": "Activity",
                "description": "Computed tomography or MRI scan for tumor assessment per RECIST 1.1"
              },
              {
                "id": "act_18",
                "name": "Tumor Biopsy",
                "instanceType": "Activity",
                "description": "Tumor biopsy for assessment"
              },
              {
                "id": "act_19",
                "name": "Ramucirumab SC Administration",
                "instanceType": "Activity",
                "description": "Subcutaneous ramucirumab administration with loading dose and maintenance dose regimen"
              },
              {
                "id": "act_20",
                "name": "Combination Therapy Administration",
                "instanceType": "Activity",
                "description": "Administration of combination therapy (paclitaxel, FOLFIRI, erlotinib, or docetaxel)"
              },
              {
                "id": "act_21",
                "name": "PK Blood Sampling",
                "instanceType": "Activity",
                "description": "Pharmacokinetic blood sampling for ramucirumab concentration analysis"
              },
              {
                "id": "act_22",
                "name": "Immunogenicity Sampling",
                "instanceType": "Activity",
                "description": "Blood sampling for immunogenicity assessment"
              },
              {
                "id": "act_23",
                "name": "Adverse Events",
                "instanceType": "Activity",
                "description": "Adverse event assessment and documentation"
              },
              {
                "id": "act_24",
                "name": "Concomitant Medications",
                "instanceType": "Activity",
                "description": "Review and documentation of concomitant medications"
              },
              {
                "id": "act_25",
                "name": "Injection Site Reactions",
                "instanceType": "Activity",
                "description": "Assessment of injection site reactions"
              }
            ],
            "encounters": [
              {
                "id": "enc_1",
                "name": "Screening (≤28 days prior to C1D1)",
                "instanceType": "Encounter",
                "type": {
                  "id": "2fb356b4-6c40-4cf5-a9ef-5bccf1881c47",
                  "code": "C48262",
                  "codeSystem": "http://www.cdisc.org",
                  "codeSystemVersion": "2024-09-27",
                  "decode": "Screening",
                  "instanceType": "Code"
                },
                "epochId": "epoch_1"
              },
              {
                "id": "enc_2",
                "name": "Cycle 1 Day 1",
                "instanceType": "Encounter",
                "type": {
                  "id": "148355a7-f95c-4125-b5e5-83dc930ba49c",
                  "code": "C82517",
                  "codeSystem": "http://www.cdisc.org",
                  "codeSystemVersion": "2024-09-27",
                  "decode": "Baseline",
                  "instanceType": "Code"
                },
                "epochId": "epoch_2"
              },
              {
                "id": "enc_3",
                "name": "Cycle 1 Day 8",
                "instanceType": "Encounter",
                "type": {
                  "id": "d8c27296-4251-4fea-a12a-87c1854c6413",
                  "code": "C99156",
                  "codeSystem": "http://www.cdisc.org",
                  "codeSystemVersion": "2024-09-27",
                  "decode": "Scheduled Visit",
                  "instanceType": "Code"
                },
                "epochId": "epoch_2"
              },
              {
                "id": "enc_4",
                "name": "Cycle 1 Day 15",
                "instanceType": "Encounter",
                "type": {
                  "id": "12b38252-f64c-4f04-9dbf-04a1792f8bb9",
                  "code": "C82517",
                  "codeSystem": "http://www.cdisc.org",
                  "codeSystemVersion": "2024-09-27",
                  "decode": "Baseline",
                  "instanceType": "Code"
                },
                "epochId": "epoch_2"
              },
              {
                "id": "enc_5",
                "name": "Cycle 2+ Day 1",
                "instanceType": "Encounter",
                "type": {
                  "id": "409a7e44-42da-4d31-929d-63fb3c1b877a",
                  "code": "C82517",
                  "codeSystem": "http://www.cdisc.org",
                  "codeSystemVersion": "2024-09-27",
                  "decode": "Baseline",
                  "instanceType": "Code"
                },
                "epochId": "epoch_2"
              },
              {
                "id": "enc_6",
                "name": "Cycle 2+ Day 8",
                "instanceType": "Encounter",
                "type": {
                  "id": "cde8f24b-b80e-458f-b17b-187085525562",
                  "code": "C99156",
                  "codeSystem": "http://www.cdisc.org",
                  "codeSystemVersion": "2024-09-27",
                  "decode": "Scheduled Visit",
                  "instanceType": "Code"
                },
                "epochId": "epoch_2"
              },
              {
                "id": "enc_7",
                "name": "Cycle 2+ Day 15",
                "instanceType": "Encounter",
                "type": {
                  "id": "abe1f7b2-893e-46e0-9fca-983a4ba31ac5",
                  "code": "C82517",
                  "codeSystem": "http://www.cdisc.org",
                  "codeSystemVersion": "2024-09-27",
                  "decode": "Baseline",
                  "instanceType": "Code"
                },
                "epochId": "epoch_2"
              },
              {
                "id": "enc_8",
                "name": "Every 3 Cycles Day 1",
                "instanceType": "Encounter",
                "type": {
                  "id": "b040aff5-e6d0-4b0e-b536-b9d6dc9f5b08",
                  "code": "C82517",
                  "codeSystem": "http://www.cdisc.org",
                  "codeSystemVersion": "2024-09-27",
                  "decode": "Baseline",
                  "instanceType": "Code"
                },
                "epochId": "epoch_2"
              },
              {
                "id": "enc_9",
                "name": "30-day Follow-up",
                "instanceType": "Encounter",
                "type": {
                  "id": "b2064975-ed57-4778-a998-4522b36dbd35",
                  "code": "C99158",
                  "codeSystem": "http://www.cdisc.org",
                  "codeSystemVersion": "2024-09-27",
                  "decode": "Follow-up",
                  "instanceType": "Code"
                },
                "epochId": "epoch_3"
              },
              {
                "id": "enc_10",
                "name": "Every 8 Weeks",
                "instanceType": "Encounter",
                "type": {
                  "id": "c7a456e3-7938-45f6-bcc5-a947425bbb35",
                  "code": "C99156",
                  "codeSystem": "http://www.cdisc.org",
                  "codeSystemVersion": "2024-09-27",
                  "decode": "Scheduled Visit",
                  "instanceType": "Code"
                },
                "epochId": "epoch_4"
              },
              {
                "id": "enc_11",
                "name": "Survival Follow-up",
                "instanceType": "Encounter",
                "type": {
                  "id": "6d1155ec-7ea3-4f37-bf44-b08354746298",
                  "code": "C99158",
                  "codeSystem": "http://www.cdisc.org",
                  "codeSystemVersion": "2024-09-27",
                  "decode": "Follow-up",
                  "instanceType": "Code"
                },
                "epochId": "epoch_4"
              }
            ],
            "scheduleTimelines": [
              {
                "id": "timeline_1",
                "name": "Main Schedule Timeline",
                "mainTimeline": true,
                "instanceType": "ScheduleTimeline",
                "entryCondition": "Subject enrolled in study",
                "entryId": "0303258c-8cf3-4cd5-ba1c-b946de0ab865",
                "instances": [
                  {
                    "id": "0303258c-8cf3-4cd5-ba1c-b946de0ab865",
                    "activityIds": [
                      "act_1"
                    ],
                    "instanceType": "ScheduledActivityInstance",
                    "name": "act_1@enc_1",
                    "encounterId": "enc_1"
                  },
                  {
                    "id": "e349d0aa-9e42-4d78-a38a-bdcde6b551ca",
                    "activityIds": [
                      "act_2"
                    ],
                    "instanceType": "ScheduledActivityInstance",
                    "name": "act_2@enc_1",
                    "encounterId": "enc_1"
                  },
                  {
                    "id": "06c9f159-c49a-4deb-9aa7-b77615ea4aff",
                    "activityIds": [
                      "act_3"
                    ],
                    "instanceType": "ScheduledActivityInstance",
                    "name": "act_3@enc_1",
                    "encounterId": "enc_1"
                  },
                  {
                    "id": "f0888442-b3a5-4ed7-b037-efc25fc1d9f3",
                    "activityIds": [
                      "act_4"
                    ],
                    "instanceType": "ScheduledActivityInstance",
                    "name": "act_4@enc_1",
                    "encounterId": "enc_1"
                  },
                  {
                    "id": "eaecd9f0-6402-4438-8aa1-540da5d3aea9",
                    "activityIds": [
                      "act_5"
                    ],
                    "instanceType": "ScheduledActivityInstance",
                    "name": "act_5@enc_1",
                    "encounterId": "enc_1"
                  },
                  {
                    "id": "1bf69da4-c040-4146-9bf7-c76080793454",
                    "activityIds": [
                      "act_6"
                    ],
                    "instanceType": "ScheduledActivityInstance",
                    "name": "act_6@enc_1",
                    "encounterId": "enc_1"
                  },
                  {
                    "id": "606f8484-f9c9-4843-b3bb-b0a1e992e677",
                    "activityIds": [
                      "act_7"
                    ],
                    "instanceType": "ScheduledActivityInstance",
                    "name": "act_7@enc_1",
                    "encounterId": "enc_1"
                  },
                  {
                    "id": "5896b144-8c8d-4dba-ab41-68d96a182eff",
                    "activityIds": [
                      "act_8"
                    ],
                    "instanceType": "ScheduledActivityInstance",
                    "name": "act_8@enc_1",
                    "encounterId": "enc_1"
                  },
                  {
                    "id": "c0e54729-6d65-4b1b-a864-0682d13347b4",
                    "activityIds": [
                      "act_9"
                    ],
                    "instanceType": "ScheduledActivityInstance",
                    "name": "act_9@enc_1",
                    "encounterId": "enc_1"
                  },
                  {
                    "id": "e6e9aa83-1613-4b47-b43b-49a5fcbb958c",
                    "activityIds": [
                      "act_10"
                    ],
                    "instanceType": "ScheduledActivityInstance",
                    "name": "act_10@enc_1",
                    "encounterId": "enc_1"
                  },
                  {
                    "id": "d9a0701d-15c2-4e87-9bc6-b007e81ac9ad",
                    "activityIds": [
                      "act_11"
                    ],
                    "instanceType": "ScheduledActivityInstance",
                    "name": "act_11@enc_1",
                    "encounterId": "enc_1"
                  },
                  {
                    "id": "e3a429ae-e05a-4522-8755-ec0358c6d1be",
                    "activityIds": [
                      "act_12"
                    ],
                    "instanceType": "ScheduledActivityInstance",
                    "name": "act_12@enc_1",
                    "encounterId": "enc_1"
                  },
                  {
                    "id": "795db4f4-e09b-40d5-83b0-4b58c7176865",
                    "activityIds": [
                      "act_13"
                    ],
                    "instanceType": "ScheduledActivityInstance",
                    "name": "act_13@enc_1",
                    "encounterId": "enc_1"
                  },
                  {
                    "id": "1f0b6aa2-1288-46da-b40e-9b9356defb93",
                    "activityIds": [
                      "act_14"
                    ],
                    "instanceType": "ScheduledActivityInstance",
                    "name": "act_14@enc_1",
                    "encounterId": "enc_1"
                  },
                  {
                    "id": "34f04aec-ca3b-4177-9aeb-46e72f9a8952",
                    "activityIds": [
                      "act_15"
                    ],
                    "instanceType": "ScheduledActivityInstance",
                    "name": "act_15@enc_1",
                    "encounterId": "enc_1"
                  },
                  {
                    "id": "7d957361-f98d-45f8-b182-97d7596593d1",
                    "activityIds": [
                      "act_16"
                    ],
                    "instanceType": "ScheduledActivityInstance",
                    "name": "act_16@enc_1",
                    "encounterId": "enc_1"
                  },
                  {
                    "id": "0af656c6-a364-4b8a-942f-1c1cbf67e8be",
                    "activityIds": [
                      "act_17"
                    ],
                    "instanceType": "ScheduledActivityInstance",
                    "name": "act_17@enc_1",
                    "encounterId": "enc_1"
                  },
                  {
                    "id": "08651045-a636-4dab-b045-a549eda1af53",
                    "activityIds": [
                      "act_4"
                    ],
                    "instanceType": "ScheduledActivityInstance",
                    "name": "act_4@enc_2",
                    "encounterId": "enc_2"
                  },
                  {
                    "id": "6d5a5667-8d54-4cc5-824d-a79f86e7db46",
                    "activityIds": [
                      "act_5"
                    ],
                    "instanceType": "ScheduledActivityInstance",
                    "name": "act_5@enc_2",
                    "encounterId": "enc_2"
                  },
                  {
                    "id": "64810d3d-19c0-450e-9131-86a4f3a7ddff",
                    "activityIds": [
                      "act_6"
                    ],
                    "instanceType": "ScheduledActivityInstance",
                    "name": "act_6@enc_2",
                    "encounterId": "enc_2"
                  },
                  {
                    "id": "e6fa7dee-9b7d-4bbf-9d4d-9f92eeef9e2d",
                    "activityIds": [
                      "act_8"
                    ],
                    "instanceType": "ScheduledActivityInstance",
                    "name": "act_8@enc_2",
                    "encounterId": "enc_2"
                  },
                  {
                    "id": "57a0046f-a896-4183-9830-1a237861af73",
                    "activityIds": [
                      "act_9"
                    ],
                    "instanceType": "ScheduledActivityInstance",
                    "name": "act_9@enc_2",
                    "encounterId": "enc_2"
                  },
                  {
                    "id": "eb72f97b-a360-400c-9da0-1608dfe28110",
                    "activityIds": [
                      "act_10"
                    ],
                    "instanceType": "ScheduledActivityInstance",
                    "name": "act_10@enc_2",
                    "encounterId": "enc_2"
                  },
                  {
                    "id": "c430f20e-c4cd-42e4-b3c4-be40fc3017a9",
                    "activityIds": [
                      "act_11"
                    ],
                    "instanceType": "ScheduledActivityInstance",
                    "name": "act_11@enc_2",
                    "encounterId": "enc_2"
                  },
                  {
                    "id": "e7476656-da24-4772-ac77-d6944e2236ca",
                    "activityIds": [
                      "act_19"
                    ],
                    "instanceType": "ScheduledActivityInstance",
                    "name": "act_19@enc_2",
                    "encounterId": "enc_2"
                  },
                  {
                    "id": "771541ee-7316-4065-93e1-8b522a2ee885",
                    "activityIds": [
                      "act_20"
                    ],
                    "instanceType": "ScheduledActivityInstance",
                    "name": "act_20@enc_2",
                    "encounterId": "enc_2"
                  },
                  {
                    "id": "5601a8e2-0225-4ae2-93ae-133b92a43673",
                    "activityIds": [
                      "act_21"
                    ],
                    "instanceType": "ScheduledActivityInstance",
                    "name": "act_21@enc_2",
                    "encounterId": "enc_2"
                  },
                  {
                    "id": "7f728494-260b-4eee-9b1d-db6c022a9a79",
                    "activityIds": [
                      "act_22"
                    ],
                    "instanceType": "ScheduledActivityInstance",
                    "name": "act_22@enc_2",
                    "encounterId": "enc_2"
                  },
                  {
                    "id": "4701e5e0-7d5b-4192-8066-b2424d2e930c",
                    "activityIds": [
                      "act_23"
                    ],
                    "instanceType": "ScheduledActivityInstance",
                    "name": "act_23@enc_2",
                    "encounterId": "enc_2"
                  },
                  {
                    "id": "d2c6daee-1dcb-4dac-bb8d-12efc01d8695",
                    "activityIds": [
                      "act_24"
                    ],
                    "instanceType": "ScheduledActivityInstance",
                    "name": "act_24@enc_2",
                    "encounterId": "enc_2"
                  },
                  {
                    "id": "05d39beb-160d-4e9c-99a9-a0583f5f7462",
                    "activityIds": [
                      "act_25"
                    ],
                    "instanceType": "ScheduledActivityInstance",
                    "name": "act_25@enc_2",
                    "encounterId": "enc_2"
                  },
                  {
                    "id": "9c936f82-c4b9-4080-b56b-e6d66b051634",
                    "activityIds": [
                      "act_5"
                    ],
                    "instanceType": "ScheduledActivityInstance",
                    "name": "act_5@enc_3",
                    "encounterId": "enc_3"
                  },
                  {
                    "id": "75cf2df0-cbab-4b77-a559-0aca8ad1e5bb",
                    "activityIds": [
                      "act_10"
                    ],
                    "instanceType": "ScheduledActivityInstance",
                    "name": "act_10@enc_3",
                    "encounterId": "enc_3"
                  },
                  {
                    "id": "e856fe6b-a22f-4420-9213-b2b09af7e16e",
                    "activityIds": [
                      "act_11"
                    ],
                    "instanceType": "ScheduledActivityInstance",
                    "name": "act_11@enc_3",
                    "encounterId": "enc_3"
                  },
                  {
                    "id": "e15ae6cb-6e86-405b-a528-65e6764d79af",
                    "activityIds": [
                      "act_19"
                    ],
                    "instanceType": "ScheduledActivityInstance",
                    "name": "act_19@enc_3",
                    "encounterId": "enc_3"
                  },
                  {
                    "id": "a8383119-8f76-425c-a9f6-05a9037be471",
                    "activityIds": [
                      "act_20"
                    ],
                    "instanceType": "ScheduledActivityInstance",
                    "name": "act_20@enc_3",
                    "encounterId": "enc_3"
                  },
                  {
                    "id": "7553e710-499b-403b-af56-f3f35ef1837f",
                    "activityIds": [
                      "act_21"
                    ],
                    "instanceType": "ScheduledActivityInstance",
                    "name": "act_21@enc_3",
                    "encounterId": "enc_3"
                  },
                  {
                    "id": "fffc85ca-5a14-470a-b4b3-b53d290bac48",
                    "activityIds": [
                      "act_23"
                    ],
                    "instanceType": "ScheduledActivityInstance",
                    "name": "act_23@enc_3",
                    "encounterId": "enc_3"
                  },
                  {
                    "id": "c9eb97b9-eca1-42a5-8ce2-004f088eb8c0",
                    "activityIds": [
                      "act_24"
                    ],
                    "instanceType": "ScheduledActivityInstance",
                    "name": "act_24@enc_3",
                    "encounterId": "enc_3"
                  },
                  {
                    "id": "c50e2378-10e2-4eba-bb64-64bd31e3c875",
                    "activityIds": [
                      "act_25"
                    ],
                    "instanceType": "ScheduledActivityInstance",
                    "name": "act_25@enc_3",
                    "encounterId": "enc_3"
                  },
                  {
                    "id": "3ddd1e47-b88c-47ed-9f27-293dbdf13036",
                    "activityIds": [
                      "act_5"
                    ],
                    "instanceType": "ScheduledActivityInstance",
                    "name": "act_5@enc_4",
                    "encounterId": "enc_4"
                  },
                  {
                    "id": "95b19d60-d6c5-4412-8bad-33a3b0b972bb",
                    "activityIds": [
                      "act_10"
                    ],
                    "instanceType": "ScheduledActivityInstance",
                    "name": "act_10@enc_4",
                    "encounterId": "enc_4"
                  },
                  {
                    "id": "ce95c7d7-b045-4c86-8d56-f227712bb45c",
                    "activityIds": [
                      "act_11"
                    ],
                    "instanceType": "ScheduledActivityInstance",
                    "name": "act_11@enc_4",
                    "encounterId": "enc_4"
                  },
                  {
                    "id": "8148d5a3-6f03-44c7-85c2-b5bfbcdfc32f",
                    "activityIds": [
                      "act_19"
                    ],
                    "instanceType": "ScheduledActivityInstance",
                    "name": "act_19@enc_4",
                    "encounterId": "enc_4"
                  },
                  {
                    "id": "fd489424-8ed6-4ac5-822b-9a314e78015f",
                    "activityIds": [
                      "act_20"
                    ],
                    "instanceType": "ScheduledActivityInstance",
                    "name": "act_20@enc_4",
                    "encounterId": "enc_4"
                  },
                  {
                    "id": "172358bb-7c61-4f33-bc7f-5a6ce0871b7d",
                    "activityIds": [
                      "act_21"
                    ],
                    "instanceType": "ScheduledActivityInstance",
                    "name": "act_21@enc_4",
                    "encounterId": "enc_4"
                  },
                  {
                    "id": "4696ad14-02dd-405c-9802-674443f7a243",
                    "activityIds": [
                      "act_23"
                    ],
                    "instanceType": "ScheduledActivityInstance",
                    "name": "act_23@enc_4",
                    "encounterId": "enc_4"
                  },
                  {
                    "id": "cb61c5cc-6a06-4aed-b2ab-1c3ca1a22f7f",
                    "activityIds": [
                      "act_24"
                    ],
                    "instanceType": "ScheduledActivityInstance",
                    "name": "act_24@enc_4",
                    "encounterId": "enc_4"
                  },
                  {
                    "id": "635c1ee3-0111-481c-b2ca-3c24617ee707",
                    "activityIds": [
                      "act_25"
                    ],
                    "instanceType": "ScheduledActivityInstance",
                    "name": "act_25@enc_4",
                    "encounterId": "enc_4"
                  },
                  {
                    "id": "d9363799-01e2-4504-9087-45ad4507fec7",
                    "activityIds": [
                      "act_4"
                    ],
                    "instanceType": "ScheduledActivityInstance",
                    "name": "act_4@enc_5",
                    "encounterId": "enc_5"
                  },
                  {
                    "id": "cb37d063-6b3b-4a9e-abc6-ef0312d4492f",
                    "activityIds": [
                      "act_5"
                    ],
                    "instanceType": "ScheduledActivityInstance",
                    "name": "act_5@enc_5",
                    "encounterId": "enc_5"
                  },
                  {
                    "id": "2cb1d4cb-929d-4fc9-aa1a-7c8ad340bb08",
                    "activityIds": [
                      "act_6"
                    ],
                    "instanceType": "ScheduledActivityInstance",
                    "name": "act_6@enc_5",
                    "encounterId": "enc_5"
                  },
                  {
                    "id": "b9f778b4-70f7-4eb2-82d6-8dfeb207b94e",
                    "activityIds": [
                      "act_8"
                    ],
                    "instanceType": "ScheduledActivityInstance",
                    "name": "act_8@enc_5",
                    "encounterId": "enc_5"
                  },
                  {
                    "id": "20e3c9b3-9253-4212-a9a8-b86b734219a3",
                    "activityIds": [
                      "act_10"
                    ],
                    "instanceType": "ScheduledActivityInstance",
                    "name": "act_10@enc_5",
                    "encounterId": "enc_5"
                  },
                  {
                    "id": "d30f1430-64e7-4f95-9cae-670bee381971",
                    "activityIds": [
                      "act_11"
                    ],
                    "instanceType": "ScheduledActivityInstance",
                    "name": "act_11@enc_5",
                    "encounterId": "enc_5"
                  },
                  {
                    "id": "e8db0d5c-53f6-450b-a494-32150c0ad09d",
                    "activityIds": [
                      "act_19"
                    ],
                    "instanceType": "ScheduledActivityInstance",
                    "name": "act_19@enc_5",
                    "encounterId": "enc_5"
                  },
                  {
                    "id": "e5c450ae-a9d6-4005-960a-2ec697ab2c58",
                    "activityIds": [
                      "act_20"
                    ],
                    "instanceType": "ScheduledActivityInstance",
                    "name": "act_20@enc_5",
                    "encounterId": "enc_5"
                  },
                  {
                    "id": "d1d358ce-bd8a-4a29-a581-7bc96416ea9d",
                    "activityIds": [
                      "act_21"
                    ],
                    "instanceType": "ScheduledActivityInstance",
                    "name": "act_21@enc_5",
                    "encounterId": "enc_5"
                  },
                  {
                    "id": "1f81ea9f-7a59-4e98-a36d-5800b3db886d",
                    "activityIds": [
                      "act_22"
                    ],
                    "instanceType": "ScheduledActivityInstance",
                    "name": "act_22@enc_5",
                    "encounterId": "enc_5"
                  },
                  {
                    "id": "3beb0d05-b45a-4185-a6fe-7987f69e04e5",
                    "activityIds": [
                      "act_23"
                    ],
                    "instanceType": "ScheduledActivityInstance",
                    "name": "act_23@enc_5",
                    "encounterId": "enc_5"
                  },
                  {
                    "id": "3225f1ef-501c-414d-b749-74e37677b6b1",
                    "activityIds": [
                      "act_24"
                    ],
                    "instanceType": "ScheduledActivityInstance",
                    "name": "act_24@enc_5",
                    "encounterId": "enc_5"
                  },
                  {
                    "id": "58c55510-6301-4180-86f3-4f638ba86489",
                    "activityIds": [
                      "act_25"
                    ],
                    "instanceType": "ScheduledActivityInstance",
                    "name": "act_25@enc_5",
                    "encounterId": "enc_5"
                  },
                  {
                    "id": "b5cdf627-9a1f-4602-aebb-e8f940b196a9",
                    "activityIds": [
                      "act_5"
                    ],
                    "instanceType": "ScheduledActivityInstance",
                    "name": "act_5@enc_6",
                    "encounterId": "enc_6"
                  },
                  {
                    "id": "a16262e7-9e30-4413-9422-c283c9615899",
                    "activityIds": [
                      "act_10"
                    ],
                    "instanceType": "ScheduledActivityInstance",
                    "name": "act_10@enc_6",
                    "encounterId": "enc_6"
                  },
                  {
                    "id": "35c8d60e-8eb4-4189-93b2-59720d110195",
                    "activityIds": [
                      "act_11"
                    ],
                    "instanceType": "ScheduledActivityInstance",
                    "name": "act_11@enc_6",
                    "encounterId": "enc_6"
                  },
                  {
                    "id": "34b7b42e-a295-430e-8c4e-6515854e90d0",
                    "activityIds": [
                      "act_19"
                    ],
                    "instanceType": "ScheduledActivityInstance",
                    "name": "act_19@enc_6",
                    "encounterId": "enc_6"
                  },
                  {
                    "id": "6b089d00-2d8e-48c2-bf21-cc91a7567ba6",
                    "activityIds": [
                      "act_20"
                    ],
                    "instanceType": "ScheduledActivityInstance",
                    "name": "act_20@enc_6",
                    "encounterId": "enc_6"
                  },
                  {
                    "id": "298fc92a-b05d-4b16-92bd-e5913f8a6f79",
                    "activityIds": [
                      "act_23"
                    ],
                    "instanceType": "ScheduledActivityInstance",
                    "name": "act_23@enc_6",
                    "encounterId": "enc_6"
                  },
                  {
                    "id": "6155bb75-eb1a-4c43-945a-733c54131349",
                    "activityIds": [
                      "act_24"
                    ],
                    "instanceType": "ScheduledActivityInstance",
                    "name": "act_24@enc_6",
                    "encounterId": "enc_6"
                  },
                  {
                    "id": "7b75c263-220a-47f6-94fe-7fc16394a0b1",
                    "activityIds": [
                      "act_25"
                    ],
                    "instanceType": "ScheduledActivityInstance",
                    "name": "act_25@enc_6",
                    "encounterId": "enc_6"
                  },
                  {
                    "id": "464b0ba4-5a95-4a33-bc14-6dad1277fe78",
                    "activityIds": [
                      "act_5"
                    ],
                    "instanceType": "ScheduledActivityInstance",
                    "name": "act_5@enc_7",
                    "encounterId": "enc_7"
                  },
                  {
                    "id": "bb21138d-2b9d-41c0-a9d4-f0fd7114b0ec",
                    "activityIds": [
                      "act_10"
                    ],
                    "instanceType": "ScheduledActivityInstance",
                    "name": "act_10@enc_7",
                    "encounterId": "enc_7"
                  },
                  {
                    "id": "1ff25a6a-4f00-408c-b9b9-4c0698f547a8",
                    "activityIds": [
                      "act_11"
                    ],
                    "instanceType": "ScheduledActivityInstance",
                    "name": "act_11@enc_7",
                    "encounterId": "enc_7"
                  },
                  {
                    "id": "9825d727-bfb7-4f14-ab24-82a5665058c6",
                    "activityIds": [
                      "act_19"
                    ],
                    "instanceType": "ScheduledActivityInstance",
                    "name": "act_19@enc_7",
                    "encounterId": "enc_7"
                  },
                  {
                    "id": "777b14e9-ef2a-43f8-9723-62d9f1c150be",
                    "activityIds": [
                      "act_20"
                    ],
                    "instanceType": "ScheduledActivityInstance",
                    "name": "act_20@enc_7",
                    "encounterId": "enc_7"
                  },
                  {
                    "id": "f2feaa84-342c-46d8-8cfc-cd78cee7ac4a",
                    "activityIds": [
                      "act_23"
                    ],
                    "instanceType": "ScheduledActivityInstance",
                    "name": "act_23@enc_7",
                    "encounterId": "enc_7"
                  },
                  {
                    "id": "0a5fcc32-def3-4ae2-ad4d-0baaa5b5cc52",
                    "activityIds": [
                      "act_24"
                    ],
                    "instanceType": "ScheduledActivityInstance",
                    "name": "act_24@enc_7",
                    "encounterId": "enc_7"
                  },
                  {
                    "id": "5b1345fd-3c2c-45ef-9aba-1e711b77626e",
                    "activityIds": [
                      "act_25"
                    ],
                    "instanceType": "ScheduledActivityInstance",
                    "name": "act_25@enc_7",
                    "encounterId": "enc_7"
                  },
                  {
                    "id": "1e47c607-81f5-4d37-ae58-daaae5ad0a2e",
                    "activityIds": [
                      "act_17"
                    ],
                    "instanceType": "ScheduledActivityInstance",
                    "name": "act_17@enc_8",
                    "encounterId": "enc_8"
                  },
                  {
                    "id": "385d17dc-68e2-4afa-8267-110de8135e8d",
                    "activityIds": [
                      "act_4"
                    ],
                    "instanceType": "ScheduledActivityInstance",
                    "name": "act_4@enc_9",
                    "encounterId": "enc_9"
                  },
                  {
                    "id": "a34847c1-921b-46d4-92e2-c8f8ff3e742b",
                    "activityIds": [
                      "act_5"
                    ],
                    "instanceType": "ScheduledActivityInstance",
                    "name": "act_5@enc_9",
                    "encounterId": "enc_9"
                  },
                  {
                    "id": "b7d60d49-0c63-4d5f-aa35-d3029b755f53",
                    "activityIds": [
                      "act_6"
                    ],
                    "instanceType": "ScheduledActivityInstance",
                    "name": "act_6@enc_9",
                    "encounterId": "enc_9"
                  },
                  {
                    "id": "c719592e-a554-4540-a254-d9192180a34d",
                    "activityIds": [
                      "act_8"
                    ],
                    "instanceType": "ScheduledActivityInstance",
                    "name": "act_8@enc_9",
                    "encounterId": "enc_9"
                  },
                  {
                    "id": "0004b21f-da37-4847-9bc7-c4eba2880af7",
                    "activityIds": [
                      "act_9"
                    ],
                    "instanceType": "ScheduledActivityInstance",
                    "name": "act_9@enc_9",
                    "encounterId": "enc_9"
                  },
                  {
                    "id": "7666c7a0-0052-4db9-8b46-ad6f7ddeadaa",
                    "activityIds": [
                      "act_10"
                    ],
                    "instanceType": "ScheduledActivityInstance",
                    "name": "act_10@enc_9",
                    "encounterId": "enc_9"
                  },
                  {
                    "id": "86be5f2a-cda5-4cd8-90e2-a20ac975341d",
                    "activityIds": [
                      "act_11"
                    ],
                    "instanceType": "ScheduledActivityInstance",
                    "name": "act_11@enc_9",
                    "encounterId": "enc_9"
                  },
                  {
                    "id": "b71bbe97-3626-4db7-a442-04a8d91d4230",
                    "activityIds": [
                      "act_13"
                    ],
                    "instanceType": "ScheduledActivityInstance",
                    "name": "act_13@enc_9",
                    "encounterId": "enc_9"
                  },
                  {
                    "id": "69e84c1b-50cb-437f-ab5e-91e10c1bd492",
                    "activityIds": [
                      "act_21"
                    ],
                    "instanceType": "ScheduledActivityInstance",
                    "name": "act_21@enc_9",
                    "encounterId": "enc_9"
                  },
                  {
                    "id": "2a81d80d-505b-490d-b1ba-af03e0c89356",
                    "activityIds": [
                      "act_22"
                    ],
                    "instanceType": "ScheduledActivityInstance",
                    "name": "act_22@enc_9",
                    "encounterId": "enc_9"
                  },
                  {
                    "id": "3118a4a8-feee-4652-b820-b7d5a5fd9327",
                    "activityIds": [
                      "act_23"
                    ],
                    "instanceType": "ScheduledActivityInstance",
                    "name": "act_23@enc_9",
                    "encounterId": "enc_9"
                  },
                  {
                    "id": "9fca9b33-b65f-41a6-8f09-7a5985d5768e",
                    "activityIds": [
                      "act_24"
                    ],
                    "instanceType": "ScheduledActivityInstance",
                    "name": "act_24@enc_9",
                    "encounterId": "enc_9"
                  },
                  {
                    "id": "f1c5d62d-88ce-4750-9940-e045e2a64eb3",
                    "activityIds": [
                      "act_17"
                    ],
                    "instanceType": "ScheduledActivityInstance",
                    "name": "act_17@enc_10",
                    "encounterId": "enc_10"
                  },
                  {
                    "id": "a24feeea-7b95-4fd4-ad95-055adcac0361",
                    "activityIds": [
                      "act_23"
                    ],
                    "instanceType": "ScheduledActivityInstance",
                    "name": "act_23@enc_11",
                    "encounterId": "enc_11"
                  }
                ]
              }
            ],
            "notes": [
              {
                "id": "soa_fn_1",
                "text": "a. In Sub-Cohort B1, the loading dose will not be given",
                "instanceType": "CommentAnnotation"
              },
              {
                "id": "soa_fn_2",
                "text": "b. MD: Weekly dosing starting on Week 2 (Cycle 1 Day 8) except for B1 when it will be starting on Week 1 (Cycle 1, Day 1)",
                "instanceType": "CommentAnnotation"
              },
              {
                "id": "soa_fn_3",
                "text": "c. Only 1 dosing regimen (one LD - MD level) will be investigated in Sub-Cohort B2 and Sub-Cohort B3. Dose will be selected based on PK and safety data",
                "instanceType": "CommentAnnotation"
              },
              {
                "id": "soa_fn_4",
                "text": "LD = loading dose; MD = maintenance dose; QW = every week; SC = subcutaneous; Q2W = every 2 weeks",
                "instanceType": "CommentAnnotation"
              },
              {
                "id": "soa_fn_5",
                "text": "AUC = area under the plasma concentration versus time curve; eq = equivalent; F = bioavailability; IV = intravenous",
                "instanceType": "CommentAnnotation"
              }
            ]
          }
        ]
      }
    ]
  }
}