{
  "columnHierarchy": {
    "epochs": [
      {
        "id": "epoch_1",
        "name": "Period I - Pre-Screening",
        "instanceType": "StudyEpoch",
        "type": {
          "id": "734f9bc6-23e8-42ec-ad54-d63ebeae81bf",
          "code": "C98779",
          "codeSystem": "http://www.cdisc.org",
          "codeSystemVersion": "2024-09-27",
          "decode": "Screening Epoch",
          "instanceType": "Code"
        }
      },
      {
        "id": "epoch_2",
        "name": "Period II - Screening",
        "instanceType": "StudyEpoch",
        "type": {
          "id": "f220e3d7-c0d7-43c8-855c-d93e7be83d6b",
          "code": "C98779",
          "codeSystem": "http://www.cdisc.org",
          "codeSystemVersion": "2024-09-27",
          "decode": "Screening Epoch",
          "instanceType": "Code"
        }
      },
      {
        "id": "epoch_3",
        "name": "Period III - Treatment and Assessment Period",
        "instanceType": "StudyEpoch",
        "type": {
          "id": "4bb8dbe0-0140-4119-8937-d34f6cc51fe3",
          "code": "C98780",
          "codeSystem": "http://www.cdisc.org",
          "codeSystemVersion": "2024-09-27",
          "decode": "Treatment Epoch",
          "instanceType": "Code"
        }
      }
    ],
    "encounters": [
      {
        "id": "enc_1",
        "name": "Visit 601",
        "instanceType": "Encounter",
        "type": {
          "id": "0037befd-47c9-4f17-95e0-c84603c4c56e",
          "code": "C99156",
          "codeSystem": "http://www.cdisc.org",
          "codeSystemVersion": "2024-09-27",
          "decode": "Scheduled Visit",
          "instanceType": "Code"
        },
        "epochId": "epoch_1"
      },
      {
        "id": "enc_2",
        "name": "Visit 1",
        "instanceType": "Encounter",
        "type": {
          "id": "e70ba98a-f079-46f0-a719-ac8bcc44d1e3",
          "code": "C99156",
          "codeSystem": "http://www.cdisc.org",
          "codeSystemVersion": "2024-09-27",
          "decode": "Scheduled Visit",
          "instanceType": "Code"
        },
        "epochId": "epoch_2"
      },
      {
        "id": "enc_3",
        "name": "Visit 2",
        "instanceType": "Encounter",
        "type": {
          "id": "ad30488e-1dfd-425e-855d-524dbf892e38",
          "code": "C99156",
          "codeSystem": "http://www.cdisc.org",
          "codeSystemVersion": "2024-09-27",
          "decode": "Scheduled Visit",
          "instanceType": "Code"
        },
        "epochId": "epoch_3"
      },
      {
        "id": "enc_4",
        "name": "Visit 3",
        "instanceType": "Encounter",
        "type": {
          "id": "b4389a09-abc4-412f-ad65-c72dce00c285",
          "code": "C99156",
          "codeSystem": "http://www.cdisc.org",
          "codeSystemVersion": "2024-09-27",
          "decode": "Scheduled Visit",
          "instanceType": "Code"
        },
        "epochId": "epoch_3"
      },
      {
        "id": "enc_5",
        "name": "Visit 4",
        "instanceType": "Encounter",
        "type": {
          "id": "9dfc18de-83af-46b5-beb3-bf6673e8248d",
          "code": "C99156",
          "codeSystem": "http://www.cdisc.org",
          "codeSystemVersion": "2024-09-27",
          "decode": "Scheduled Visit",
          "instanceType": "Code"
        },
        "epochId": "epoch_3"
      },
      {
        "id": "enc_6",
        "name": "Visit 5",
        "instanceType": "Encounter",
        "type": {
          "id": "ab6a3c01-2288-4850-8052-21195666c7c4",
          "code": "C99156",
          "codeSystem": "http://www.cdisc.org",
          "codeSystemVersion": "2024-09-27",
          "decode": "Scheduled Visit",
          "instanceType": "Code"
        },
        "epochId": "epoch_3"
      },
      {
        "id": "enc_7",
        "name": "Visit 6",
        "instanceType": "Encounter",
        "type": {
          "id": "9ca9426e-cd7b-4bfc-9303-e592b9b26f03",
          "code": "C99156",
          "codeSystem": "http://www.cdisc.org",
          "codeSystemVersion": "2024-09-27",
          "decode": "Scheduled Visit",
          "instanceType": "Code"
        },
        "epochId": "epoch_3"
      },
      {
        "id": "enc_8",
        "name": "Visit 7",
        "instanceType": "Encounter",
        "type": {
          "id": "e7c357a5-453f-47b7-8e53-c5eada292ca2",
          "code": "C99156",
          "codeSystem": "http://www.cdisc.org",
          "codeSystemVersion": "2024-09-27",
          "decode": "Scheduled Visit",
          "instanceType": "Code"
        },
        "epochId": "epoch_3"
      },
      {
        "id": "enc_9",
        "name": "Visit 8",
        "instanceType": "Encounter",
        "type": {
          "id": "9a4544aa-ecee-4fed-83b0-aa1fb99a283e",
          "code": "C99156",
          "codeSystem": "http://www.cdisc.org",
          "codeSystemVersion": "2024-09-27",
          "decode": "Scheduled Visit",
          "instanceType": "Code"
        },
        "epochId": "epoch_3"
      },
      {
        "id": "enc_10",
        "name": "Visit 9",
        "instanceType": "Encounter",
        "type": {
          "id": "a8423056-7c58-43e1-849e-ccc9bc2813dc",
          "code": "C99156",
          "codeSystem": "http://www.cdisc.org",
          "codeSystemVersion": "2024-09-27",
          "decode": "Scheduled Visit",
          "instanceType": "Code"
        },
        "epochId": "epoch_3"
      },
      {
        "id": "enc_11",
        "name": "Visit 10",
        "instanceType": "Encounter",
        "type": {
          "id": "3f874c17-68c9-489b-81bb-7158381e6220",
          "code": "C99156",
          "codeSystem": "http://www.cdisc.org",
          "codeSystemVersion": "2024-09-27",
          "decode": "Scheduled Visit",
          "instanceType": "Code"
        },
        "epochId": "epoch_3"
      },
      {
        "id": "enc_12",
        "name": "Visit 11",
        "instanceType": "Encounter",
        "type": {
          "id": "0be1e911-557f-4411-94db-ca4236b23af4",
          "code": "C99156",
          "codeSystem": "http://www.cdisc.org",
          "codeSystemVersion": "2024-09-27",
          "decode": "Scheduled Visit",
          "instanceType": "Code"
        },
        "epochId": "epoch_3"
      },
      {
        "id": "enc_13",
        "name": "Visit 12",
        "instanceType": "Encounter",
        "type": {
          "id": "c0be6d72-7622-4ba2-b2a4-4ab6c56e3858",
          "code": "C99156",
          "codeSystem": "http://www.cdisc.org",
          "codeSystemVersion": "2024-09-27",
          "decode": "Scheduled Visit",
          "instanceType": "Code"
        },
        "epochId": "epoch_3"
      },
      {
        "id": "enc_14",
        "name": "Early Discontinuation",
        "instanceType": "Encounter",
        "type": {
          "id": "13ca7961-08f9-46b7-924c-26274eced7b7",
          "code": "C49631",
          "codeSystem": "http://www.cdisc.org",
          "codeSystemVersion": "2024-09-27",
          "decode": "Early Termination",
          "instanceType": "Code"
        },
        "epochId": "epoch_3"
      }
    ],
    "plannedTimepoints": [
      {
        "id": "pt_1",
        "visit": "≤42 days from randomization",
        "epoch": "",
        "epochId": "",
        "day": "",
        "window": null,
        "encounterId": "enc_1",
        "instanceType": "Timing"
      },
      {
        "id": "pt_2",
        "visit": "≤21 days from randomization",
        "epoch": "",
        "epochId": "",
        "day": "",
        "window": null,
        "encounterId": "enc_2",
        "instanceType": "Timing"
      },
      {
        "id": "pt_3",
        "visit": "Day 0",
        "epoch": "",
        "epochId": "",
        "day": "",
        "window": null,
        "encounterId": "enc_3",
        "instanceType": "Timing"
      },
      {
        "id": "pt_4",
        "visit": "Day 15",
        "epoch": "",
        "epochId": "",
        "day": "",
        "window": null,
        "encounterId": "enc_4",
        "instanceType": "Timing"
      },
      {
        "id": "pt_5",
        "visit": "Day 30",
        "epoch": "",
        "epochId": "",
        "day": "",
        "window": null,
        "encounterId": "enc_5",
        "instanceType": "Timing"
      },
      {
        "id": "pt_6",
        "visit": "Day 60",
        "epoch": "",
        "epochId": "",
        "day": "",
        "window": null,
        "encounterId": "enc_6",
        "instanceType": "Timing"
      },
      {
        "id": "pt_7",
        "visit": "Day 120",
        "epoch": "",
        "epochId": "",
        "day": "",
        "window": null,
        "encounterId": "enc_7",
        "instanceType": "Timing"
      },
      {
        "id": "pt_8",
        "visit": "Day 180",
        "epoch": "",
        "epochId": "",
        "day": "",
        "window": null,
        "encounterId": "enc_8",
        "instanceType": "Timing"
      },
      {
        "id": "pt_9",
        "visit": "Day 210",
        "epoch": "",
        "epochId": "",
        "day": "",
        "window": null,
        "encounterId": "enc_9",
        "instanceType": "Timing"
      },
      {
        "id": "pt_10",
        "visit": "Day 240",
        "epoch": "",
        "epochId": "",
        "day": "",
        "window": null,
        "encounterId": "enc_10",
        "instanceType": "Timing"
      },
      {
        "id": "pt_11",
        "visit": "Day 300",
        "epoch": "",
        "epochId": "",
        "day": "",
        "window": null,
        "encounterId": "enc_11",
        "instanceType": "Timing"
      },
      {
        "id": "pt_12",
        "visit": "Day 360",
        "epoch": "",
        "epochId": "",
        "day": "",
        "window": null,
        "encounterId": "enc_12",
        "instanceType": "Timing"
      },
      {
        "id": "pt_13",
        "visit": "Day 540",
        "epoch": "",
        "epochId": "",
        "day": "",
        "window": null,
        "encounterId": "enc_13",
        "instanceType": "Timing"
      },
      {
        "id": "pt_14",
        "visit": "ED",
        "epoch": "",
        "epochId": "",
        "day": "",
        "window": null,
        "encounterId": "enc_14",
        "instanceType": "Timing"
      }
    ]
  },
  "rowGroups": [
    {
      "id": "grp_1",
      "name": "Visit Administration",
      "description": null,
      "childIds": [],
      "instanceType": "Activity",
      "activityNames": [
        "Visit number",
        "Days from randomization",
        "Visit interval tolerance (days)"
      ]
    },
    {
      "id": "grp_2",
      "name": "Consent and Eligibility",
      "description": null,
      "childIds": [],
      "instanceType": "Activity",
      "activityNames": [
        "Prescreening informed consent",
        "Informed consent",
        "Inclusion and exclusion criteria, review and confirm",
        "Ascertainment of high risk for cardiovascular events",
        "Demographics",
        "Preexisting conditions and medical history, including relevant surgical history"
      ]
    },
    {
      "id": "grp_3",
      "name": "Medical History",
      "description": null,
      "childIds": [],
      "instanceType": "Activity",
      "activityNames": [
        "Prespecified medical history (indication and history of interest)",
        "Prior treatments for indication",
        "Substance use (alcohol, caffeine, and tobacco use)",
        "Concomitant medications",
        "AEs"
      ]
    },
    {
      "id": "grp_4",
      "name": "Physical Evaluation",
      "description": null,
      "childIds": [],
      "instanceType": "Activity",
      "activityNames": [
        "Height",
        "Weight",
        "Vital signs",
        "Physical examination",
        "Symptom-directed physical assessment",
        "12-Lead ECG (local)"
      ]
    },
    {
      "id": "grp_5",
      "name": "Laboratory Tests and Sample Collections",
      "description": null,
      "childIds": [],
      "instanceType": "Activity",
      "activityNames": [
        "Hematology",
        "Clinical chemistry",
        "Lipid panel",
        "Urinalysis",
        "UACR",
        "Serum pregnancy",
        "FSH",
        "TSH",
        "HbA1c",
        "Lp(a)",
        "ApoB",
        "hsCRP",
        "HIV screening test",
        "HCV screening test",
        "HBV screening test",
        "eGFR",
        "Postdose PK sample",
        "Immunogenicity (ADA)",
        "PK sample for immunogenicity"
      ]
    },
    {
      "id": "grp_6",
      "name": "Stored Samples",
      "description": null,
      "childIds": [],
      "instanceType": "Activity",
      "activityNames": [
        "Optional genetics sample",
        "Exploratory biomarker samples"
      ]
    },
    {
      "id": "grp_7",
      "name": "Randomization and Dosing",
      "description": null,
      "childIds": [],
      "instanceType": "Activity",
      "activityNames": [
        "Register visit with IWRS",
        "Randomization via IWRS",
        "Dispense study intervention via IWRS",
        "Administer study intervention"
      ]
    }
  ],
  "footnotes": [
    "Participants are required to fast before Visits 1-12. See Section 5.3.1. If a participant arrives not fasted, schedule the laboratory draw for another date.",
    "Visit 1 procedures may be conducted over more than 1 day if all activities are completed within the allowable visit tolerance.",
    "The ICF must be signed before any protocol-specific tests or procedures are performed. See Appendix 10.1.3 for additional details.",
    "Inclusion and exclusion criteria should be confirmed prior to drug assignment and administration of first dose of study intervention.",
    "High risk for cardiovascular events will be defined as CAD, stroke, or peripheral artery disease, or ASCVD risk equivalents (familial hypercholesterolemia or type 2 diabetes)",
    "Includes year of birth, sex, ethnicity (where permissible), and race.",
    "All conditions ongoing and relevant past surgical and medical history should be collected.",
    "Prespecified medical history includes history of cardiovascular events.",
    "Relevant prior therapies include, but are not limited to, lipid-lowering medications.",
    "Additional data will be collected for medications of interest.",
    "Any events that occur after signing the informed consent are considered AEs as defined (Appendix 10.3). Additional data are collected for certain AEs.",
    "Participant should remove shoes.",
    "Includes pulse rate and blood pressure measured after participant has been sitting at least 5 minutes and before ECG tracing and collection of blood samples for laboratory testing.",
    "The physical examination is performed (excludes pelvic, rectal, and breast examinations unless clinically indicated).",
    "Symptom-directed physical assessment will be conducted at the discretion of the PI or qualified personnel, per local regulations, as indicated based on participant status and standard of care.",
    "Collect single, local ECG prior to collection of blood samples for laboratory testing, including PK samples. Participants should be supine for approximately 5 to 10 minutes before ECG collections and remain supine but awake during the ECG collection. ECGs may be repeated at the PI's discretion at any visit. See Section 8.2.1.",
    "Females only.",
    "Optional; performed as needed to confirm postmenopausal status. See Appendix 10.4.",
    "Calculated using CKD-EPI method.",
    "Visit 2: Collect 2 samples. 0.5 hours postdose, 4-9 hours postdose (minimum 2 hours). Visit 7: Collect 1 sample. 24-36 hours postdose, will require participant to return 1 day after Visit 7.",
    "Visit 2 and 7 will be collected predose.",
    "Collect a time-matched PK sample for all scheduled and unscheduled immunogenicity samples. Visit 7 will be collected predose.",
    "Sample can be obtained at or after the specified visit. See Appendix 10.5.",
    "On dosing days, collect samples before dosing",
    "Unscheduled visits are not required to be registered in IWRS.",
    "If HCV antibody test is positive, it must be followed by an HCV RNA test. See Section 8.2.5.",
    "If HBsAg is negative and HBcAb is positive, further testing with HBV DNA is required. If the screening HBV DNA is negative, the participant is not excluded. See Section 8.2.4."
  ]
}