{
  "columnHierarchy": {
    "epochs": [
      {
        "id": "epoch_1",
        "name": "Maintenance Treatment Period (Responders)",
        "instanceType": "StudyEpoch",
        "type": {
          "id": "39bd2837-232e-4857-87bf-16d083df5632",
          "code": "C98780",
          "codeSystem": "http://www.cdisc.org",
          "codeSystemVersion": "2024-09-27",
          "decode": "Treatment Epoch",
          "instanceType": "Code"
        }
      },
      {
        "id": "epoch_2",
        "name": "Extension Induction and Extension Maintenance Treatment Periods (Nonresponders)",
        "instanceType": "StudyEpoch",
        "type": {
          "id": "f72a6eaa-b8dd-4c94-9d8a-e40bb8e3bb79",
          "code": "C98780",
          "codeSystem": "http://www.cdisc.org",
          "codeSystemVersion": "2024-09-27",
          "decode": "Treatment Epoch",
          "instanceType": "Code"
        }
      },
      {
        "id": "epoch_3",
        "name": "Early Termination, Unscheduled Visits, and Post-Treatment Follow-Up Period",
        "instanceType": "StudyEpoch",
        "type": {
          "id": "c3f94bdb-fb16-4929-bdba-5777acdb9a61",
          "code": "C98780",
          "codeSystem": "http://www.cdisc.org",
          "codeSystemVersion": "2024-09-27",
          "decode": "Treatment Epoch",
          "instanceType": "Code"
        }
      }
    ],
    "encounters": [
      {
        "id": "enc_1",
        "name": "V20 (Week 34)",
        "instanceType": "Encounter",
        "type": {
          "id": "38c105ce-f14b-4613-bdd5-147f8cec0103",
          "code": "C99156",
          "codeSystem": "http://www.cdisc.org",
          "codeSystemVersion": "2024-09-27",
          "decode": "Scheduled Visit",
          "instanceType": "Code"
        },
        "epochId": "epoch_1"
      },
      {
        "id": "enc_2",
        "name": "V21 (Week 36)",
        "instanceType": "Encounter",
        "type": {
          "id": "4af0339e-57d9-42bf-a892-c7899af5ebeb",
          "code": "C99156",
          "codeSystem": "http://www.cdisc.org",
          "codeSystemVersion": "2024-09-27",
          "decode": "Scheduled Visit",
          "instanceType": "Code"
        },
        "epochId": "epoch_1"
      },
      {
        "id": "enc_3",
        "name": "V22 (Week 38)",
        "instanceType": "Encounter",
        "type": {
          "id": "30b0574c-53d2-4d8b-9440-444c609e4b24",
          "code": "C99156",
          "codeSystem": "http://www.cdisc.org",
          "codeSystemVersion": "2024-09-27",
          "decode": "Scheduled Visit",
          "instanceType": "Code"
        },
        "epochId": "epoch_1"
      },
      {
        "id": "enc_4",
        "name": "V23 (Week 40)",
        "instanceType": "Encounter",
        "type": {
          "id": "7e3f506f-b630-4998-a671-163a164a5182",
          "code": "C99156",
          "codeSystem": "http://www.cdisc.org",
          "codeSystemVersion": "2024-09-27",
          "decode": "Scheduled Visit",
          "instanceType": "Code"
        },
        "epochId": "epoch_1"
      },
      {
        "id": "enc_5",
        "name": "V24 (Week 42)",
        "instanceType": "Encounter",
        "type": {
          "id": "27b3f93e-c26d-44fa-b541-7543b274abf7",
          "code": "C99156",
          "codeSystem": "http://www.cdisc.org",
          "codeSystemVersion": "2024-09-27",
          "decode": "Scheduled Visit",
          "instanceType": "Code"
        },
        "epochId": "epoch_1"
      },
      {
        "id": "enc_6",
        "name": "V25 (Week 44)",
        "instanceType": "Encounter",
        "type": {
          "id": "bae196cc-1db8-4741-9119-f9dd25dc1642",
          "code": "C99156",
          "codeSystem": "http://www.cdisc.org",
          "codeSystemVersion": "2024-09-27",
          "decode": "Scheduled Visit",
          "instanceType": "Code"
        },
        "epochId": "epoch_1"
      },
      {
        "id": "enc_7",
        "name": "V26 (Week 46)",
        "instanceType": "Encounter",
        "type": {
          "id": "2385ecc9-799c-4f22-9b77-c1fecdb0e2f0",
          "code": "C99156",
          "codeSystem": "http://www.cdisc.org",
          "codeSystemVersion": "2024-09-27",
          "decode": "Scheduled Visit",
          "instanceType": "Code"
        },
        "epochId": "epoch_1"
      },
      {
        "id": "enc_8",
        "name": "V27 (Week 48)",
        "instanceType": "Encounter",
        "type": {
          "id": "88eca5f3-aae5-4702-a91a-cf25f81acdbc",
          "code": "C99156",
          "codeSystem": "http://www.cdisc.org",
          "codeSystemVersion": "2024-09-27",
          "decode": "Scheduled Visit",
          "instanceType": "Code"
        },
        "epochId": "epoch_1"
      },
      {
        "id": "enc_9",
        "name": "V28 (Week 50)",
        "instanceType": "Encounter",
        "type": {
          "id": "c75f3401-6211-4f29-b143-1a270d7547cf",
          "code": "C99156",
          "codeSystem": "http://www.cdisc.org",
          "codeSystemVersion": "2024-09-27",
          "decode": "Scheduled Visit",
          "instanceType": "Code"
        },
        "epochId": "epoch_1"
      },
      {
        "id": "enc_10",
        "name": "V29 (Week 52) Responders",
        "instanceType": "Encounter",
        "type": {
          "id": "25f9f4e2-11a6-4498-ba18-1a94ed522e89",
          "code": "C99156",
          "codeSystem": "http://www.cdisc.org",
          "codeSystemVersion": "2024-09-27",
          "decode": "Scheduled Visit",
          "instanceType": "Code"
        },
        "epochId": "epoch_1"
      },
      {
        "id": "enc_11",
        "name": "V10 (Week 14)",
        "instanceType": "Encounter",
        "type": {
          "id": "64a870a2-8b05-4cd3-9fd6-d4a222f2d139",
          "code": "C99156",
          "codeSystem": "http://www.cdisc.org",
          "codeSystemVersion": "2024-09-27",
          "decode": "Scheduled Visit",
          "instanceType": "Code"
        },
        "epochId": "epoch_2"
      },
      {
        "id": "enc_12",
        "name": "V11 (Week 16)",
        "instanceType": "Encounter",
        "type": {
          "id": "65cb73a9-241e-4fcd-ad35-9cd0570c752e",
          "code": "C99156",
          "codeSystem": "http://www.cdisc.org",
          "codeSystemVersion": "2024-09-27",
          "decode": "Scheduled Visit",
          "instanceType": "Code"
        },
        "epochId": "epoch_2"
      },
      {
        "id": "enc_13",
        "name": "V12 (Week 18)",
        "instanceType": "Encounter",
        "type": {
          "id": "e6ca06ed-14b2-4921-8a64-ee28685747c0",
          "code": "C99156",
          "codeSystem": "http://www.cdisc.org",
          "codeSystemVersion": "2024-09-27",
          "decode": "Scheduled Visit",
          "instanceType": "Code"
        },
        "epochId": "epoch_2"
      },
      {
        "id": "enc_14",
        "name": "V13 (Week 20)",
        "instanceType": "Encounter",
        "type": {
          "id": "56547c4b-c53c-4bd4-9f37-4a148e3cf0a7",
          "code": "C99156",
          "codeSystem": "http://www.cdisc.org",
          "codeSystemVersion": "2024-09-27",
          "decode": "Scheduled Visit",
          "instanceType": "Code"
        },
        "epochId": "epoch_2"
      },
      {
        "id": "enc_15",
        "name": "V14 (Week 22)",
        "instanceType": "Encounter",
        "type": {
          "id": "698a2bf9-0f31-40ac-bcd1-e507487cf7ec",
          "code": "C99156",
          "codeSystem": "http://www.cdisc.org",
          "codeSystemVersion": "2024-09-27",
          "decode": "Scheduled Visit",
          "instanceType": "Code"
        },
        "epochId": "epoch_2"
      },
      {
        "id": "enc_16",
        "name": "V15 (Week 24)",
        "instanceType": "Encounter",
        "type": {
          "id": "5a19a8ab-e2f8-4191-9f20-762711e89546",
          "code": "C99156",
          "codeSystem": "http://www.cdisc.org",
          "codeSystemVersion": "2024-09-27",
          "decode": "Scheduled Visit",
          "instanceType": "Code"
        },
        "epochId": "epoch_2"
      },
      {
        "id": "enc_17",
        "name": "V16 (Week 26)",
        "instanceType": "Encounter",
        "type": {
          "id": "6ee35c64-3a11-448f-b483-dd6cb860327e",
          "code": "C99156",
          "codeSystem": "http://www.cdisc.org",
          "codeSystemVersion": "2024-09-27",
          "decode": "Scheduled Visit",
          "instanceType": "Code"
        },
        "epochId": "epoch_2"
      },
      {
        "id": "enc_18",
        "name": "V17 (Week 28)",
        "instanceType": "Encounter",
        "type": {
          "id": "ef0e8057-a856-4366-9685-de75141d6354",
          "code": "C99156",
          "codeSystem": "http://www.cdisc.org",
          "codeSystemVersion": "2024-09-27",
          "decode": "Scheduled Visit",
          "instanceType": "Code"
        },
        "epochId": "epoch_2"
      },
      {
        "id": "enc_19",
        "name": "V18 (Week 30)",
        "instanceType": "Encounter",
        "type": {
          "id": "bc89d9b7-d277-4b40-b547-56b380d10f01",
          "code": "C99156",
          "codeSystem": "http://www.cdisc.org",
          "codeSystemVersion": "2024-09-27",
          "decode": "Scheduled Visit",
          "instanceType": "Code"
        },
        "epochId": "epoch_2"
      },
      {
        "id": "enc_20",
        "name": "V19 (Week 32)",
        "instanceType": "Encounter",
        "type": {
          "id": "26ac0d49-d563-41e7-9458-278032d28614",
          "code": "C99156",
          "codeSystem": "http://www.cdisc.org",
          "codeSystemVersion": "2024-09-27",
          "decode": "Scheduled Visit",
          "instanceType": "Code"
        },
        "epochId": "epoch_2"
      },
      {
        "id": "enc_21",
        "name": "V20 Nonresponders (Week 34)",
        "instanceType": "Encounter",
        "type": {
          "id": "5728d5e7-ba3f-4823-acbe-dedaf41c2447",
          "code": "C99156",
          "codeSystem": "http://www.cdisc.org",
          "codeSystemVersion": "2024-09-27",
          "decode": "Scheduled Visit",
          "instanceType": "Code"
        },
        "epochId": "epoch_2"
      },
      {
        "id": "enc_22",
        "name": "V21 Nonresponders (Week 36)",
        "instanceType": "Encounter",
        "type": {
          "id": "ceb9b0e0-eb1e-4eef-bbb8-eab21a246c14",
          "code": "C99156",
          "codeSystem": "http://www.cdisc.org",
          "codeSystemVersion": "2024-09-27",
          "decode": "Scheduled Visit",
          "instanceType": "Code"
        },
        "epochId": "epoch_2"
      },
      {
        "id": "enc_23",
        "name": "V22 Nonresponders (Week 38)",
        "instanceType": "Encounter",
        "type": {
          "id": "3f04ae5f-2fa0-4eb9-8bd2-b2d182c6fafd",
          "code": "C99156",
          "codeSystem": "http://www.cdisc.org",
          "codeSystemVersion": "2024-09-27",
          "decode": "Scheduled Visit",
          "instanceType": "Code"
        },
        "epochId": "epoch_2"
      },
      {
        "id": "enc_24",
        "name": "V23 Nonresponders (Week 40)",
        "instanceType": "Encounter",
        "type": {
          "id": "cca805a5-94e8-429e-a869-b72f3d88dc75",
          "code": "C99156",
          "codeSystem": "http://www.cdisc.org",
          "codeSystemVersion": "2024-09-27",
          "decode": "Scheduled Visit",
          "instanceType": "Code"
        },
        "epochId": "epoch_2"
      },
      {
        "id": "enc_25",
        "name": "V24 Nonresponders (Week 42)",
        "instanceType": "Encounter",
        "type": {
          "id": "aed06b1d-d0f7-46ac-a1c7-a22a7a9253a1",
          "code": "C99156",
          "codeSystem": "http://www.cdisc.org",
          "codeSystemVersion": "2024-09-27",
          "decode": "Scheduled Visit",
          "instanceType": "Code"
        },
        "epochId": "epoch_2"
      },
      {
        "id": "enc_26",
        "name": "V25 Nonresponders (Week 44)",
        "instanceType": "Encounter",
        "type": {
          "id": "fbe93741-1ce6-4aa5-95b9-b0380ed4010c",
          "code": "C99156",
          "codeSystem": "http://www.cdisc.org",
          "codeSystemVersion": "2024-09-27",
          "decode": "Scheduled Visit",
          "instanceType": "Code"
        },
        "epochId": "epoch_2"
      },
      {
        "id": "enc_27",
        "name": "V26 Nonresponders (Week 46)",
        "instanceType": "Encounter",
        "type": {
          "id": "c51e940f-01e9-47d9-9256-251ca3b94668",
          "code": "C99156",
          "codeSystem": "http://www.cdisc.org",
          "codeSystemVersion": "2024-09-27",
          "decode": "Scheduled Visit",
          "instanceType": "Code"
        },
        "epochId": "epoch_2"
      },
      {
        "id": "enc_28",
        "name": "V27 Nonresponders (Week 48)",
        "instanceType": "Encounter",
        "type": {
          "id": "da4e5cac-c1b3-4113-bb20-7f256a1bc476",
          "code": "C99156",
          "codeSystem": "http://www.cdisc.org",
          "codeSystemVersion": "2024-09-27",
          "decode": "Scheduled Visit",
          "instanceType": "Code"
        },
        "epochId": "epoch_2"
      },
      {
        "id": "enc_29",
        "name": "V28 Nonresponders (Week 50)",
        "instanceType": "Encounter",
        "type": {
          "id": "b65cc5fd-ac95-43c0-9f62-d88c84711edc",
          "code": "C99156",
          "codeSystem": "http://www.cdisc.org",
          "codeSystemVersion": "2024-09-27",
          "decode": "Scheduled Visit",
          "instanceType": "Code"
        },
        "epochId": "epoch_2"
      },
      {
        "id": "enc_30",
        "name": "V29 Nonresponders (Week 52)",
        "instanceType": "Encounter",
        "type": {
          "id": "b2f6886e-f426-481b-8fd8-26b88f1613c9",
          "code": "C99156",
          "codeSystem": "http://www.cdisc.org",
          "codeSystemVersion": "2024-09-27",
          "decode": "Scheduled Visit",
          "instanceType": "Code"
        },
        "epochId": "epoch_2"
      },
      {
        "id": "enc_31",
        "name": "ETV",
        "instanceType": "Encounter",
        "type": {
          "id": "64fba836-d1bc-4ca4-b155-a739bba17939",
          "code": "C99156",
          "codeSystem": "http://www.cdisc.org",
          "codeSystemVersion": "2024-09-27",
          "decode": "Scheduled Visit",
          "instanceType": "Code"
        },
        "epochId": "epoch_3"
      },
      {
        "id": "enc_32",
        "name": "V997",
        "instanceType": "Encounter",
        "type": {
          "id": "e8110562-48f1-4be0-bf65-f2d1476b8a00",
          "code": "C99156",
          "codeSystem": "http://www.cdisc.org",
          "codeSystemVersion": "2024-09-27",
          "decode": "Scheduled Visit",
          "instanceType": "Code"
        },
        "epochId": "epoch_3"
      },
      {
        "id": "enc_33",
        "name": "V801",
        "instanceType": "Encounter",
        "type": {
          "id": "a7874830-6796-4e9c-9f87-32d2235064b4",
          "code": "C99156",
          "codeSystem": "http://www.cdisc.org",
          "codeSystemVersion": "2024-09-27",
          "decode": "Scheduled Visit",
          "instanceType": "Code"
        },
        "epochId": "epoch_3"
      },
      {
        "id": "enc_34",
        "name": "V802",
        "instanceType": "Encounter",
        "type": {
          "id": "c39bc7f2-8199-404d-bcac-616e6ad03617",
          "code": "C99156",
          "codeSystem": "http://www.cdisc.org",
          "codeSystemVersion": "2024-09-27",
          "decode": "Scheduled Visit",
          "instanceType": "Code"
        },
        "epochId": "epoch_3"
      }
    ],
    "plannedTimepoints": [
      {
        "id": "pt_1",
        "visit": "Week 34 / Day 239",
        "epoch": "",
        "epochId": "",
        "day": "",
        "window": null,
        "encounterId": "enc_1",
        "instanceType": "Timing"
      },
      {
        "id": "pt_2",
        "visit": "Week 36 / Day 253",
        "epoch": "",
        "epochId": "",
        "day": "",
        "window": null,
        "encounterId": "enc_2",
        "instanceType": "Timing"
      },
      {
        "id": "pt_3",
        "visit": "Week 38 / Day 267",
        "epoch": "",
        "epochId": "",
        "day": "",
        "window": null,
        "encounterId": "enc_3",
        "instanceType": "Timing"
      },
      {
        "id": "pt_4",
        "visit": "Week 40 / Day 281",
        "epoch": "",
        "epochId": "",
        "day": "",
        "window": null,
        "encounterId": "enc_4",
        "instanceType": "Timing"
      },
      {
        "id": "pt_5",
        "visit": "Week 42 / Day 295",
        "epoch": "",
        "epochId": "",
        "day": "",
        "window": null,
        "encounterId": "enc_5",
        "instanceType": "Timing"
      },
      {
        "id": "pt_6",
        "visit": "Week 44 / Day 309",
        "epoch": "",
        "epochId": "",
        "day": "",
        "window": null,
        "encounterId": "enc_6",
        "instanceType": "Timing"
      },
      {
        "id": "pt_7",
        "visit": "Week 46 / Day 323",
        "epoch": "",
        "epochId": "",
        "day": "",
        "window": null,
        "encounterId": "enc_7",
        "instanceType": "Timing"
      },
      {
        "id": "pt_8",
        "visit": "Week 48 / Day 337",
        "epoch": "",
        "epochId": "",
        "day": "",
        "window": null,
        "encounterId": "enc_8",
        "instanceType": "Timing"
      },
      {
        "id": "pt_9",
        "visit": "Week 50 / Day 351",
        "epoch": "",
        "epochId": "",
        "day": "",
        "window": null,
        "encounterId": "enc_9",
        "instanceType": "Timing"
      },
      {
        "id": "pt_10",
        "visit": "Week 52 / Day 365",
        "epoch": "",
        "epochId": "",
        "day": "",
        "window": null,
        "encounterId": "enc_10",
        "instanceType": "Timing"
      },
      {
        "id": "pt_11",
        "visit": "Week 14 / Day 99",
        "epoch": "",
        "epochId": "",
        "day": "",
        "window": null,
        "encounterId": "enc_11",
        "instanceType": "Timing"
      },
      {
        "id": "pt_12",
        "visit": "Week 16 / Day 113",
        "epoch": "",
        "epochId": "",
        "day": "",
        "window": null,
        "encounterId": "enc_12",
        "instanceType": "Timing"
      },
      {
        "id": "pt_13",
        "visit": "Week 18 / Day 127",
        "epoch": "",
        "epochId": "",
        "day": "",
        "window": null,
        "encounterId": "enc_13",
        "instanceType": "Timing"
      },
      {
        "id": "pt_14",
        "visit": "Week 20 / Day 141",
        "epoch": "",
        "epochId": "",
        "day": "",
        "window": null,
        "encounterId": "enc_14",
        "instanceType": "Timing"
      },
      {
        "id": "pt_15",
        "visit": "Week 22 / Day 155",
        "epoch": "",
        "epochId": "",
        "day": "",
        "window": null,
        "encounterId": "enc_15",
        "instanceType": "Timing"
      },
      {
        "id": "pt_16",
        "visit": "Week 24 / Day 169",
        "epoch": "",
        "epochId": "",
        "day": "",
        "window": null,
        "encounterId": "enc_16",
        "instanceType": "Timing"
      },
      {
        "id": "pt_17",
        "visit": "Week 26 / Day 183",
        "epoch": "",
        "epochId": "",
        "day": "",
        "window": null,
        "encounterId": "enc_17",
        "instanceType": "Timing"
      },
      {
        "id": "pt_18",
        "visit": "Week 28 / Day 197",
        "epoch": "",
        "epochId": "",
        "day": "",
        "window": null,
        "encounterId": "enc_18",
        "instanceType": "Timing"
      },
      {
        "id": "pt_19",
        "visit": "Week 30 / Day 211",
        "epoch": "",
        "epochId": "",
        "day": "",
        "window": null,
        "encounterId": "enc_19",
        "instanceType": "Timing"
      },
      {
        "id": "pt_20",
        "visit": "Week 32 / Day 225",
        "epoch": "",
        "epochId": "",
        "day": "",
        "window": null,
        "encounterId": "enc_20",
        "instanceType": "Timing"
      },
      {
        "id": "pt_21",
        "visit": "Week 34 / Day 239",
        "epoch": "",
        "epochId": "",
        "day": "",
        "window": null,
        "encounterId": "enc_21",
        "instanceType": "Timing"
      },
      {
        "id": "pt_22",
        "visit": "Week 36 / Day 253",
        "epoch": "",
        "epochId": "",
        "day": "",
        "window": null,
        "encounterId": "enc_22",
        "instanceType": "Timing"
      },
      {
        "id": "pt_23",
        "visit": "Week 38 / Day 267",
        "epoch": "",
        "epochId": "",
        "day": "",
        "window": null,
        "encounterId": "enc_23",
        "instanceType": "Timing"
      },
      {
        "id": "pt_24",
        "visit": "Week 40 / Day 281",
        "epoch": "",
        "epochId": "",
        "day": "",
        "window": null,
        "encounterId": "enc_24",
        "instanceType": "Timing"
      },
      {
        "id": "pt_25",
        "visit": "Week 42 / Day 295",
        "epoch": "",
        "epochId": "",
        "day": "",
        "window": null,
        "encounterId": "enc_25",
        "instanceType": "Timing"
      },
      {
        "id": "pt_26",
        "visit": "Week 44 / Day 309",
        "epoch": "",
        "epochId": "",
        "day": "",
        "window": null,
        "encounterId": "enc_26",
        "instanceType": "Timing"
      },
      {
        "id": "pt_27",
        "visit": "Week 46 / Day 323",
        "epoch": "",
        "epochId": "",
        "day": "",
        "window": null,
        "encounterId": "enc_27",
        "instanceType": "Timing"
      },
      {
        "id": "pt_28",
        "visit": "Week 48 / Day 337",
        "epoch": "",
        "epochId": "",
        "day": "",
        "window": null,
        "encounterId": "enc_28",
        "instanceType": "Timing"
      },
      {
        "id": "pt_29",
        "visit": "Week 50 / Day 351",
        "epoch": "",
        "epochId": "",
        "day": "",
        "window": null,
        "encounterId": "enc_29",
        "instanceType": "Timing"
      },
      {
        "id": "pt_30",
        "visit": "Week 52 / Day 365",
        "epoch": "",
        "epochId": "",
        "day": "",
        "window": null,
        "encounterId": "enc_30",
        "instanceType": "Timing"
      },
      {
        "id": "pt_31",
        "visit": "Early Termination",
        "epoch": "",
        "epochId": "",
        "day": "",
        "window": null,
        "encounterId": "enc_31",
        "instanceType": "Timing"
      },
      {
        "id": "pt_32",
        "visit": "Unscheduled",
        "epoch": "",
        "epochId": "",
        "day": "",
        "window": null,
        "encounterId": "enc_32",
        "instanceType": "Timing"
      },
      {
        "id": "pt_33",
        "visit": "58 or ETV+8 weeks after last dose",
        "epoch": "",
        "epochId": "",
        "day": "",
        "window": null,
        "encounterId": "enc_33",
        "instanceType": "Timing"
      },
      {
        "id": "pt_34",
        "visit": "66 or ETV+16 weeks after last dose",
        "epoch": "",
        "epochId": "",
        "day": "",
        "window": null,
        "encounterId": "enc_34",
        "instanceType": "Timing"
      }
    ]
  },
  "rowGroups": [
    {
      "id": "grp_1",
      "name": "Fasting visit",
      "description": null,
      "childIds": [],
      "instanceType": "Activity"
    },
    {
      "id": "grp_2",
      "name": "Physical Evaluation",
      "description": null,
      "childIds": [],
      "instanceType": "Activity",
      "activityNames": [
        "Weight",
        "Vital signs",
        "Symptom-directed physical examination, including assessment for signs and symptoms of tuberculosis (TB), including peripheral lymph nodes",
        "12-lead electrocardiogram (ECG)"
      ]
    },
    {
      "id": "grp_3",
      "name": "Patient Diary (Electronic)",
      "description": null,
      "childIds": [],
      "instanceType": "Activity",
      "activityNames": [
        "Diary compliance check",
        "Diary return"
      ]
    },
    {
      "id": "grp_4",
      "name": "Patient-Reported Outcomes (Electronic)",
      "description": null,
      "childIds": [],
      "instanceType": "Activity",
      "activityNames": [
        "Inflammatory Bowel Disease Questionnaire (IBDQ)",
        "Patient Global Impression of Change (PGI-C)",
        "QIDS-SR16"
      ]
    },
    {
      "id": "grp_5",
      "name": "Clinician-Administered Questionnaires (Paper)",
      "description": null,
      "childIds": [],
      "instanceType": "Activity",
      "activityNames": [
        "Physician's Global Assessment (PGA)"
      ]
    },
    {
      "id": "grp_6",
      "name": "Laboratory Tests and Sample Collections",
      "description": null,
      "childIds": [],
      "instanceType": "Activity",
      "activityNames": [
        "Hematology",
        "Clinical chemistry",
        "Lipid panel",
        "Urinalysis",
        "Urine pregnancy (local)",
        "HBV DNA",
        "Pharmacokinetic (PK) samples",
        "Flow cytometry panel",
        "Genetics sample"
      ]
    },
    {
      "id": "grp_7",
      "name": "Endoscopic Procedure",
      "description": null,
      "childIds": [],
      "instanceType": "Activity",
      "activityNames": [
        "Endoscopy",
        "Colon biopsy sample collection"
      ]
    },
    {
      "id": "grp_8",
      "name": "Stool Samples",
      "description": null,
      "childIds": [],
      "instanceType": "Activity"
    },
    {
      "id": "grp_9",
      "name": "Randomization and Dosing",
      "description": null,
      "childIds": [],
      "instanceType": "Activity",
      "activityNames": [
        "Dosing"
      ]
    }
  ],
  "footnotes": [
    "AESIs = adverse event of special interest; anti-HBc = antibody to hepatitis B core antigen; DNA = deoxyribonucleic acid; ETV = early termination visit; HBV = hepatitis B virus; IT = information technology; NRS = numeric rating scale; QIDS-SR16 = 16-Item Quick Inventory of Depressive Symptomatology–Self Report; SoA = schedule of activities; V = visit.",
    "V802 is only for randomized participants who were positive for anti-HBc at screening. All other participants will have their final visit at V801 or ETV.",
    "V997: Additional study procedures can be performed at the discretion of the investigator.",
    "Visits 10 through 28 are eligible to be conducted remotely (that is, by telephone, IT-assisted virtual visit, mobile healthcare, or a combination thereof) if written approval is provided by the sponsor and according to the preferences of the participant and the study site. However, no more than 34 days can elapse without an on-site study visit occurring.",
    "V16 procedures may be conducted over more than 1 day as long as all activities are completed within the allowable visit tolerance and all scheduled activities are completed prior to dosing.",
    "For procedures at an ETV, see ETV in Table 4.",
    "For procedures at an unscheduled visit, see V997 in Table 4.",
    "No dosing at V29.",
    "No dosing at ETV, V997, or post-treatment follow-up visits.",
    "No fasting in this period."
  ]
}