{
  "usdmVersion": "4.0",
  "systemName": "Protocol2USDM",
  "systemVersion": "0.1.0",
  "study": {
    "id": "f0c1f91f-67c6-449f-9a6c-05de1fc71910",
    "name": "",
    "instanceType": "Study",
    "versions": [
      {
        "id": "03992354-4fbe-4bf7-9f3c-a1a91751d047",
        "versionIdentifier": "1.0",
        "rationale": "Initial protocol version",
        "instanceType": "StudyVersion",
        "studyDesigns": [
          {
            "id": "sd_1",
            "name": "Study Design",
            "rationale": "Protocol-defined study design",
            "instanceType": "InterventionalStudyDesign",
            "blindingSchema": {
              "id": "89426560-dcc4-4469-8a11-93ef222cdd93",
              "instanceType": "AliasCode",
              "standardCode": {
                "id": "544b0121-387c-4d6e-9510-cc395e5befe3",
                "code": "C49656",
                "codeSystem": "http://www.cdisc.org",
                "codeSystemVersion": "2024-09-27",
                "decode": "Open Label",
                "instanceType": "Code"
              }
            },
            "model": {
              "id": "67b141dd-4940-431d-ad30-becdb03f7e6c",
              "code": "C82638",
              "codeSystem": "http://www.cdisc.org",
              "codeSystemVersion": "2024-09-27",
              "decode": "Single Group Study",
              "instanceType": "Code"
            },
            "epochs": [
              {
                "id": "epoch_1",
                "name": "Maintenance Treatment Period (Responders)",
                "instanceType": "StudyEpoch",
                "type": {
                  "id": "7f6dd72c-9220-49b9-8d75-00da3a746eb8",
                  "code": "C98780",
                  "codeSystem": "http://www.cdisc.org",
                  "codeSystemVersion": "2024-09-27",
                  "decode": "Treatment Epoch",
                  "instanceType": "Code"
                }
              },
              {
                "id": "epoch_2",
                "name": "Extension Induction and Extension Maintenance Treatment Periods (Nonresponders)",
                "instanceType": "StudyEpoch",
                "type": {
                  "id": "05546616-2cd6-4275-a9cd-1af149cc4342",
                  "code": "C98780",
                  "codeSystem": "http://www.cdisc.org",
                  "codeSystemVersion": "2024-09-27",
                  "decode": "Treatment Epoch",
                  "instanceType": "Code"
                }
              },
              {
                "id": "epoch_3",
                "name": "Early Termination, Unscheduled Visits, and Post-Treatment Follow-Up Period",
                "instanceType": "StudyEpoch",
                "type": {
                  "id": "af68b045-1a9d-40cd-b764-e7dc27bce7c5",
                  "code": "C98780",
                  "codeSystem": "http://www.cdisc.org",
                  "codeSystemVersion": "2024-09-27",
                  "decode": "Treatment Epoch",
                  "instanceType": "Code"
                }
              }
            ],
            "activities": [
              {
                "id": "grp_2",
                "name": "Physical Evaluation",
                "instanceType": "Activity",
                "childIds": [
                  "act_20",
                  "act_21",
                  "act_22",
                  "act_23"
                ]
              },
              {
                "id": "grp_3",
                "name": "Patient Diary (Electronic)",
                "instanceType": "Activity",
                "childIds": [
                  "act_1",
                  "act_2"
                ]
              },
              {
                "id": "grp_4",
                "name": "Patient-Reported Outcomes (Electronic)",
                "instanceType": "Activity",
                "childIds": [
                  "act_3",
                  "act_4",
                  "act_5"
                ]
              },
              {
                "id": "grp_5",
                "name": "Clinician-Administered Questionnaires (Paper)",
                "instanceType": "Activity",
                "childIds": [
                  "act_6"
                ]
              },
              {
                "id": "grp_6",
                "name": "Laboratory Tests and Sample Collections",
                "instanceType": "Activity",
                "childIds": [
                  "act_7",
                  "act_8",
                  "act_9",
                  "act_10",
                  "act_11",
                  "act_12",
                  "act_13",
                  "act_14",
                  "act_15"
                ]
              },
              {
                "id": "grp_7",
                "name": "Endoscopic Procedure",
                "instanceType": "Activity",
                "childIds": [
                  "act_16",
                  "act_17"
                ]
              },
              {
                "id": "grp_9",
                "name": "Randomization and Dosing",
                "instanceType": "Activity",
                "childIds": [
                  "act_19"
                ]
              },
              {
                "id": "act_1",
                "name": "Diary compliance check",
                "instanceType": "Activity",
                "description": "Check compliance for Stool Frequency, Rectal Bleeding, Nocturnal Stools, Bristol Stool Scale, Urgency NRS, Abdominal Pain NRS, Fatigue NRS, and Patient Global Rating of Severity (PGR-S)"
              },
              {
                "id": "act_2",
                "name": "Diary return",
                "instanceType": "Activity",
                "description": "Return of patient diary"
              },
              {
                "id": "act_3",
                "name": "Inflammatory Bowel Disease Questionnaire (IBDQ)",
                "instanceType": "Activity",
                "description": "Inflammatory Bowel Disease Questionnaire (IBDQ)"
              },
              {
                "id": "act_4",
                "name": "Patient Global Impression of Change (PGI-C)",
                "instanceType": "Activity",
                "description": "Patient Global Impression of Change (PGI-C)"
              },
              {
                "id": "act_5",
                "name": "QIDS-SR16",
                "instanceType": "Activity",
                "description": "16-Item Quick Inventory of Depressive Symptomatology–Self Report"
              },
              {
                "id": "act_6",
                "name": "Physician's Global Assessment (PGA)",
                "instanceType": "Activity",
                "description": "Physician's Global Assessment (PGA)"
              },
              {
                "id": "act_7",
                "name": "Hematology",
                "instanceType": "Activity",
                "description": "Hematology laboratory test"
              },
              {
                "id": "act_8",
                "name": "Clinical chemistry",
                "instanceType": "Activity",
                "description": "Clinical chemistry laboratory test"
              },
              {
                "id": "act_9",
                "name": "Lipid panel",
                "instanceType": "Activity",
                "description": "Lipid panel - Fasting samples are preferred, but if participant is nonfasting at time of collection, this is not a protocol deviation"
              },
              {
                "id": "act_10",
                "name": "Urinalysis",
                "instanceType": "Activity",
                "description": "Urinalysis laboratory test"
              },
              {
                "id": "act_11",
                "name": "Urine pregnancy (local)",
                "instanceType": "Activity",
                "description": "Perform only for women of childbearing potential and women with a history of tubal ligation. At dosing visits which have pregnancy testing, the pregnancy test result must be confirmed to be negative prior to dosing. Pregnancy testing may be performed more frequently than designated on the SoA if local laws or regulations require more frequent testing."
              },
              {
                "id": "act_12",
                "name": "HBV DNA",
                "instanceType": "Activity",
                "description": "Only for participants who are positive for anti-HBc at screening"
              },
              {
                "id": "act_13",
                "name": "Pharmacokinetic (PK) samples",
                "instanceType": "Activity",
                "description": "Collect samples before dosing, if dosing is scheduled. Collect additional samples at specified times relative to onset of hypersensitivity events."
              },
              {
                "id": "act_14",
                "name": "Flow cytometry panel",
                "instanceType": "Activity",
                "description": "Flow cytometry panel"
              },
              {
                "id": "act_15",
                "name": "Genetics sample",
                "instanceType": "Activity",
                "description": "Blood sample for DNA pharmacogenetics can be obtained any time at or after V2"
              },
              {
                "id": "act_16",
                "name": "Endoscopy",
                "instanceType": "Activity",
                "description": "Flexible sigmoidoscopy is recommended, except for protocol-specified reasons when a colonoscopy should be performed"
              },
              {
                "id": "act_17",
                "name": "Colon biopsy sample collection",
                "instanceType": "Activity",
                "description": "Performed at time of endoscopy. Instructions for collection are provided in the lab manual."
              },
              {
                "id": "act_19",
                "name": "Dosing",
                "instanceType": "Activity",
                "description": "Study drug dosing"
              },
              {
                "id": "act_20",
                "name": "Weight",
                "instanceType": "Activity",
                "description": "Weight measurement"
              },
              {
                "id": "act_21",
                "name": "Vital signs",
                "instanceType": "Activity",
                "description": "Blood pressure, body temperature, and pulse rate. Vital signs should be measured after participant has been sitting for at least 5 minutes."
              },
              {
                "id": "act_22",
                "name": "Symptom-directed physical examination, including assessment for signs and symptoms of tuberculosis (TB), including peripheral lymph nodes",
                "instanceType": "Activity",
                "description": "Symptom-directed physical examination including TB assessment"
              },
              {
                "id": "act_23",
                "name": "12-lead electrocardiogram (ECG)",
                "instanceType": "Activity",
                "description": "Locally performed 12-lead ECG"
              }
            ],
            "encounters": [
              {
                "id": "enc_1",
                "name": "V20 (Week 34)",
                "instanceType": "Encounter",
                "type": {
                  "id": "9a77f2d7-dc25-4754-b2e4-c68c965e81b6",
                  "code": "C99156",
                  "codeSystem": "http://www.cdisc.org",
                  "codeSystemVersion": "2024-09-27",
                  "decode": "Scheduled Visit",
                  "instanceType": "Code"
                },
                "epochId": "epoch_1"
              },
              {
                "id": "enc_2",
                "name": "V21 (Week 36)",
                "instanceType": "Encounter",
                "type": {
                  "id": "6c5a960b-f52f-4c92-b340-a6b1931a2c8b",
                  "code": "C99156",
                  "codeSystem": "http://www.cdisc.org",
                  "codeSystemVersion": "2024-09-27",
                  "decode": "Scheduled Visit",
                  "instanceType": "Code"
                },
                "epochId": "epoch_1"
              },
              {
                "id": "enc_3",
                "name": "V22 (Week 38)",
                "instanceType": "Encounter",
                "type": {
                  "id": "76652290-bf66-4e62-b1f0-ca862898cda6",
                  "code": "C99156",
                  "codeSystem": "http://www.cdisc.org",
                  "codeSystemVersion": "2024-09-27",
                  "decode": "Scheduled Visit",
                  "instanceType": "Code"
                },
                "epochId": "epoch_1"
              },
              {
                "id": "enc_4",
                "name": "V23 (Week 40)",
                "instanceType": "Encounter",
                "type": {
                  "id": "2d41da61-5d34-439c-95c4-4e417955173b",
                  "code": "C99156",
                  "codeSystem": "http://www.cdisc.org",
                  "codeSystemVersion": "2024-09-27",
                  "decode": "Scheduled Visit",
                  "instanceType": "Code"
                },
                "epochId": "epoch_1"
              },
              {
                "id": "enc_5",
                "name": "V24 (Week 42)",
                "instanceType": "Encounter",
                "type": {
                  "id": "4fa1521d-12c5-4077-bfcf-2229b13be002",
                  "code": "C99156",
                  "codeSystem": "http://www.cdisc.org",
                  "codeSystemVersion": "2024-09-27",
                  "decode": "Scheduled Visit",
                  "instanceType": "Code"
                },
                "epochId": "epoch_1"
              },
              {
                "id": "enc_6",
                "name": "V25 (Week 44)",
                "instanceType": "Encounter",
                "type": {
                  "id": "550438cf-ca7f-4dec-b26e-93524603a32b",
                  "code": "C99156",
                  "codeSystem": "http://www.cdisc.org",
                  "codeSystemVersion": "2024-09-27",
                  "decode": "Scheduled Visit",
                  "instanceType": "Code"
                },
                "epochId": "epoch_1"
              },
              {
                "id": "enc_7",
                "name": "V26 (Week 46)",
                "instanceType": "Encounter",
                "type": {
                  "id": "1680900c-2597-44d5-90c4-e348b52b94ae",
                  "code": "C99156",
                  "codeSystem": "http://www.cdisc.org",
                  "codeSystemVersion": "2024-09-27",
                  "decode": "Scheduled Visit",
                  "instanceType": "Code"
                },
                "epochId": "epoch_1"
              },
              {
                "id": "enc_8",
                "name": "V27 (Week 48)",
                "instanceType": "Encounter",
                "type": {
                  "id": "5d7c85cb-5657-4a83-9d5e-98eb4122b615",
                  "code": "C99156",
                  "codeSystem": "http://www.cdisc.org",
                  "codeSystemVersion": "2024-09-27",
                  "decode": "Scheduled Visit",
                  "instanceType": "Code"
                },
                "epochId": "epoch_1"
              },
              {
                "id": "enc_9",
                "name": "V28 (Week 50)",
                "instanceType": "Encounter",
                "type": {
                  "id": "480100aa-4f29-48e9-bcaa-32b1ffc0d6ab",
                  "code": "C99156",
                  "codeSystem": "http://www.cdisc.org",
                  "codeSystemVersion": "2024-09-27",
                  "decode": "Scheduled Visit",
                  "instanceType": "Code"
                },
                "epochId": "epoch_1"
              },
              {
                "id": "enc_10",
                "name": "V29 (Week 52) Responders",
                "instanceType": "Encounter",
                "type": {
                  "id": "00013519-2196-4d5f-be4b-11a43de68cff",
                  "code": "C99156",
                  "codeSystem": "http://www.cdisc.org",
                  "codeSystemVersion": "2024-09-27",
                  "decode": "Scheduled Visit",
                  "instanceType": "Code"
                },
                "epochId": "epoch_1"
              },
              {
                "id": "enc_11",
                "name": "V10 (Week 14)",
                "instanceType": "Encounter",
                "type": {
                  "id": "19044717-3374-4911-a5b2-f45675849faa",
                  "code": "C99156",
                  "codeSystem": "http://www.cdisc.org",
                  "codeSystemVersion": "2024-09-27",
                  "decode": "Scheduled Visit",
                  "instanceType": "Code"
                },
                "epochId": "epoch_2"
              },
              {
                "id": "enc_12",
                "name": "V11 (Week 16)",
                "instanceType": "Encounter",
                "type": {
                  "id": "d16cef17-d19e-4b55-8102-02dda7e8879c",
                  "code": "C99156",
                  "codeSystem": "http://www.cdisc.org",
                  "codeSystemVersion": "2024-09-27",
                  "decode": "Scheduled Visit",
                  "instanceType": "Code"
                },
                "epochId": "epoch_2"
              },
              {
                "id": "enc_13",
                "name": "V12 (Week 18)",
                "instanceType": "Encounter",
                "type": {
                  "id": "63e9a0b5-4376-4aed-a087-0fa29f75db66",
                  "code": "C99156",
                  "codeSystem": "http://www.cdisc.org",
                  "codeSystemVersion": "2024-09-27",
                  "decode": "Scheduled Visit",
                  "instanceType": "Code"
                },
                "epochId": "epoch_2"
              },
              {
                "id": "enc_14",
                "name": "V13 (Week 20)",
                "instanceType": "Encounter",
                "type": {
                  "id": "a7aefa4c-164d-427d-8277-d8ab7fd10da7",
                  "code": "C99156",
                  "codeSystem": "http://www.cdisc.org",
                  "codeSystemVersion": "2024-09-27",
                  "decode": "Scheduled Visit",
                  "instanceType": "Code"
                },
                "epochId": "epoch_2"
              },
              {
                "id": "enc_15",
                "name": "V14 (Week 22)",
                "instanceType": "Encounter",
                "type": {
                  "id": "8a57c688-f7e5-49e9-9f73-8af292fdb0b8",
                  "code": "C99156",
                  "codeSystem": "http://www.cdisc.org",
                  "codeSystemVersion": "2024-09-27",
                  "decode": "Scheduled Visit",
                  "instanceType": "Code"
                },
                "epochId": "epoch_2"
              },
              {
                "id": "enc_16",
                "name": "V15 (Week 24)",
                "instanceType": "Encounter",
                "type": {
                  "id": "757d303e-5f68-48b4-b22b-edba2feaa8f1",
                  "code": "C99156",
                  "codeSystem": "http://www.cdisc.org",
                  "codeSystemVersion": "2024-09-27",
                  "decode": "Scheduled Visit",
                  "instanceType": "Code"
                },
                "epochId": "epoch_2"
              },
              {
                "id": "enc_17",
                "name": "V16 (Week 26)",
                "instanceType": "Encounter",
                "type": {
                  "id": "a64288da-8e5d-4157-b7f8-64aebe7c0aae",
                  "code": "C99156",
                  "codeSystem": "http://www.cdisc.org",
                  "codeSystemVersion": "2024-09-27",
                  "decode": "Scheduled Visit",
                  "instanceType": "Code"
                },
                "epochId": "epoch_2"
              },
              {
                "id": "enc_18",
                "name": "V17 (Week 28)",
                "instanceType": "Encounter",
                "type": {
                  "id": "5525139a-dcff-4de4-ae37-9221cea298b6",
                  "code": "C99156",
                  "codeSystem": "http://www.cdisc.org",
                  "codeSystemVersion": "2024-09-27",
                  "decode": "Scheduled Visit",
                  "instanceType": "Code"
                },
                "epochId": "epoch_2"
              },
              {
                "id": "enc_19",
                "name": "V18 (Week 30)",
                "instanceType": "Encounter",
                "type": {
                  "id": "4b649725-80ca-400a-8c66-9bb508db4ada",
                  "code": "C99156",
                  "codeSystem": "http://www.cdisc.org",
                  "codeSystemVersion": "2024-09-27",
                  "decode": "Scheduled Visit",
                  "instanceType": "Code"
                },
                "epochId": "epoch_2"
              },
              {
                "id": "enc_20",
                "name": "V19 (Week 32)",
                "instanceType": "Encounter",
                "type": {
                  "id": "10bc5257-5cbf-4514-be6e-0b248086af96",
                  "code": "C99156",
                  "codeSystem": "http://www.cdisc.org",
                  "codeSystemVersion": "2024-09-27",
                  "decode": "Scheduled Visit",
                  "instanceType": "Code"
                },
                "epochId": "epoch_2"
              },
              {
                "id": "enc_21",
                "name": "V20 Nonresponders (Week 34)",
                "instanceType": "Encounter",
                "type": {
                  "id": "3501fd1c-f802-4f4d-8a34-96609019658e",
                  "code": "C99156",
                  "codeSystem": "http://www.cdisc.org",
                  "codeSystemVersion": "2024-09-27",
                  "decode": "Scheduled Visit",
                  "instanceType": "Code"
                },
                "epochId": "epoch_2"
              },
              {
                "id": "enc_22",
                "name": "V21 Nonresponders (Week 36)",
                "instanceType": "Encounter",
                "type": {
                  "id": "9385c73e-13a6-4cee-b2c0-0f862d30bf46",
                  "code": "C99156",
                  "codeSystem": "http://www.cdisc.org",
                  "codeSystemVersion": "2024-09-27",
                  "decode": "Scheduled Visit",
                  "instanceType": "Code"
                },
                "epochId": "epoch_2"
              },
              {
                "id": "enc_23",
                "name": "V22 Nonresponders (Week 38)",
                "instanceType": "Encounter",
                "type": {
                  "id": "783db695-8c1d-447f-a5c6-7434a965b6ec",
                  "code": "C99156",
                  "codeSystem": "http://www.cdisc.org",
                  "codeSystemVersion": "2024-09-27",
                  "decode": "Scheduled Visit",
                  "instanceType": "Code"
                },
                "epochId": "epoch_2"
              },
              {
                "id": "enc_24",
                "name": "V23 Nonresponders (Week 40)",
                "instanceType": "Encounter",
                "type": {
                  "id": "9c99ed79-86c1-4ebd-a14d-49f81fbfdbb9",
                  "code": "C99156",
                  "codeSystem": "http://www.cdisc.org",
                  "codeSystemVersion": "2024-09-27",
                  "decode": "Scheduled Visit",
                  "instanceType": "Code"
                },
                "epochId": "epoch_2"
              },
              {
                "id": "enc_25",
                "name": "V24 Nonresponders (Week 42)",
                "instanceType": "Encounter",
                "type": {
                  "id": "85f7ec3c-87ce-4ad2-a0ed-b5c83f962018",
                  "code": "C99156",
                  "codeSystem": "http://www.cdisc.org",
                  "codeSystemVersion": "2024-09-27",
                  "decode": "Scheduled Visit",
                  "instanceType": "Code"
                },
                "epochId": "epoch_2"
              },
              {
                "id": "enc_26",
                "name": "V25 Nonresponders (Week 44)",
                "instanceType": "Encounter",
                "type": {
                  "id": "7fc6a2b5-3b09-4a6d-949a-f0df1cfe0347",
                  "code": "C99156",
                  "codeSystem": "http://www.cdisc.org",
                  "codeSystemVersion": "2024-09-27",
                  "decode": "Scheduled Visit",
                  "instanceType": "Code"
                },
                "epochId": "epoch_2"
              },
              {
                "id": "enc_27",
                "name": "V26 Nonresponders (Week 46)",
                "instanceType": "Encounter",
                "type": {
                  "id": "4503517a-b1e1-4326-903b-7fe6786e7c68",
                  "code": "C99156",
                  "codeSystem": "http://www.cdisc.org",
                  "codeSystemVersion": "2024-09-27",
                  "decode": "Scheduled Visit",
                  "instanceType": "Code"
                },
                "epochId": "epoch_2"
              },
              {
                "id": "enc_28",
                "name": "V27 Nonresponders (Week 48)",
                "instanceType": "Encounter",
                "type": {
                  "id": "d5d9c6ba-1c92-46fb-87f6-56277b450217",
                  "code": "C99156",
                  "codeSystem": "http://www.cdisc.org",
                  "codeSystemVersion": "2024-09-27",
                  "decode": "Scheduled Visit",
                  "instanceType": "Code"
                },
                "epochId": "epoch_2"
              },
              {
                "id": "enc_29",
                "name": "V28 Nonresponders (Week 50)",
                "instanceType": "Encounter",
                "type": {
                  "id": "cbc04fa3-f0a4-4499-9520-8fbafed5ac91",
                  "code": "C99156",
                  "codeSystem": "http://www.cdisc.org",
                  "codeSystemVersion": "2024-09-27",
                  "decode": "Scheduled Visit",
                  "instanceType": "Code"
                },
                "epochId": "epoch_2"
              },
              {
                "id": "enc_30",
                "name": "V29 Nonresponders (Week 52)",
                "instanceType": "Encounter",
                "type": {
                  "id": "08e90556-276b-4f7c-93d2-a2204bbdcff1",
                  "code": "C99156",
                  "codeSystem": "http://www.cdisc.org",
                  "codeSystemVersion": "2024-09-27",
                  "decode": "Scheduled Visit",
                  "instanceType": "Code"
                },
                "epochId": "epoch_2"
              },
              {
                "id": "enc_31",
                "name": "ETV",
                "instanceType": "Encounter",
                "type": {
                  "id": "e2bc1d49-8322-456b-b347-534dc37abf57",
                  "code": "C99156",
                  "codeSystem": "http://www.cdisc.org",
                  "codeSystemVersion": "2024-09-27",
                  "decode": "Scheduled Visit",
                  "instanceType": "Code"
                },
                "epochId": "epoch_3"
              },
              {
                "id": "enc_32",
                "name": "V997",
                "instanceType": "Encounter",
                "type": {
                  "id": "ed3f869f-f101-4172-8da3-cb2a18c8c5dc",
                  "code": "C99156",
                  "codeSystem": "http://www.cdisc.org",
                  "codeSystemVersion": "2024-09-27",
                  "decode": "Scheduled Visit",
                  "instanceType": "Code"
                },
                "epochId": "epoch_3"
              },
              {
                "id": "enc_33",
                "name": "V801",
                "instanceType": "Encounter",
                "type": {
                  "id": "d0ed0a29-471f-47e8-b3c4-da040b048903",
                  "code": "C99156",
                  "codeSystem": "http://www.cdisc.org",
                  "codeSystemVersion": "2024-09-27",
                  "decode": "Scheduled Visit",
                  "instanceType": "Code"
                },
                "epochId": "epoch_3"
              },
              {
                "id": "enc_34",
                "name": "V802",
                "instanceType": "Encounter",
                "type": {
                  "id": "a904a2ba-f9c5-4223-980b-d557729c2732",
                  "code": "C99156",
                  "codeSystem": "http://www.cdisc.org",
                  "codeSystemVersion": "2024-09-27",
                  "decode": "Scheduled Visit",
                  "instanceType": "Code"
                },
                "epochId": "epoch_3"
              }
            ],
            "scheduleTimelines": [
              {
                "id": "timeline_1",
                "name": "Main Schedule Timeline",
                "mainTimeline": true,
                "instanceType": "ScheduleTimeline",
                "entryCondition": "Subject enrolled in study",
                "entryId": "532cd46a-ee83-4c43-a220-ee8d34433165",
                "instances": [
                  {
                    "id": "532cd46a-ee83-4c43-a220-ee8d34433165",
                    "activityIds": [
                      "act_1"
                    ],
                    "instanceType": "ScheduledActivityInstance",
                    "name": "act_1@enc_1",
                    "encounterId": "enc_1"
                  },
                  {
                    "id": "37a85185-0cc4-4fda-8b54-fb6efeb5fbc6",
                    "activityIds": [
                      "act_1"
                    ],
                    "instanceType": "ScheduledActivityInstance",
                    "name": "act_1@enc_2",
                    "encounterId": "enc_2"
                  },
                  {
                    "id": "23b3141b-55f4-4c92-87e5-2e1cef6ce4ea",
                    "activityIds": [
                      "act_1"
                    ],
                    "instanceType": "ScheduledActivityInstance",
                    "name": "act_1@enc_3",
                    "encounterId": "enc_3"
                  },
                  {
                    "id": "42682a24-131c-4cce-a667-11d0ebe76b28",
                    "activityIds": [
                      "act_1"
                    ],
                    "instanceType": "ScheduledActivityInstance",
                    "name": "act_1@enc_4",
                    "encounterId": "enc_4"
                  },
                  {
                    "id": "69288f4f-529d-4835-8d3e-2016e476da4d",
                    "activityIds": [
                      "act_1"
                    ],
                    "instanceType": "ScheduledActivityInstance",
                    "name": "act_1@enc_5",
                    "encounterId": "enc_5"
                  },
                  {
                    "id": "27c70c22-6bf8-479c-b0e8-cc0c793178d3",
                    "activityIds": [
                      "act_1"
                    ],
                    "instanceType": "ScheduledActivityInstance",
                    "name": "act_1@enc_6",
                    "encounterId": "enc_6"
                  },
                  {
                    "id": "54b92cb8-b29c-4823-a8be-0a047855cff5",
                    "activityIds": [
                      "act_1"
                    ],
                    "instanceType": "ScheduledActivityInstance",
                    "name": "act_1@enc_7",
                    "encounterId": "enc_7"
                  },
                  {
                    "id": "6d0644f8-4e8f-433f-ad23-cb2549d6432d",
                    "activityIds": [
                      "act_1"
                    ],
                    "instanceType": "ScheduledActivityInstance",
                    "name": "act_1@enc_8",
                    "encounterId": "enc_8"
                  },
                  {
                    "id": "769b1e1f-b0fd-43be-aabd-55d157a73167",
                    "activityIds": [
                      "act_1"
                    ],
                    "instanceType": "ScheduledActivityInstance",
                    "name": "act_1@enc_9",
                    "encounterId": "enc_9"
                  },
                  {
                    "id": "49c34dcf-83c8-460c-9488-9d50281f7b51",
                    "activityIds": [
                      "act_1"
                    ],
                    "instanceType": "ScheduledActivityInstance",
                    "name": "act_1@enc_10",
                    "encounterId": "enc_10"
                  },
                  {
                    "id": "3b5d8654-6419-4ab6-9565-33e6a4fdfa69",
                    "activityIds": [
                      "act_2"
                    ],
                    "instanceType": "ScheduledActivityInstance",
                    "name": "act_2@enc_10",
                    "encounterId": "enc_10"
                  },
                  {
                    "id": "d9bc4968-f702-4468-b4d4-17317295ab28",
                    "activityIds": [
                      "act_3"
                    ],
                    "instanceType": "ScheduledActivityInstance",
                    "name": "act_3@enc_10",
                    "encounterId": "enc_10"
                  },
                  {
                    "id": "caacc8a5-33e6-443a-aa87-d5ebfdda5ae9",
                    "activityIds": [
                      "act_4"
                    ],
                    "instanceType": "ScheduledActivityInstance",
                    "name": "act_4@enc_10",
                    "encounterId": "enc_10"
                  },
                  {
                    "id": "2ccd5080-415e-40fd-9668-88f1eb683b02",
                    "activityIds": [
                      "act_5"
                    ],
                    "instanceType": "ScheduledActivityInstance",
                    "name": "act_5@enc_10",
                    "encounterId": "enc_10"
                  },
                  {
                    "id": "4a9f1117-1c1d-41dd-b356-f9ed8b252105",
                    "activityIds": [
                      "act_6"
                    ],
                    "instanceType": "ScheduledActivityInstance",
                    "name": "act_6@enc_10",
                    "encounterId": "enc_10"
                  },
                  {
                    "id": "d49a4ef2-3c50-497d-9a9c-2fbffc0ae182",
                    "activityIds": [
                      "act_7"
                    ],
                    "instanceType": "ScheduledActivityInstance",
                    "name": "act_7@enc_1",
                    "encounterId": "enc_1"
                  },
                  {
                    "id": "7db20622-12b0-42f7-ab3e-233a66e3e1f8",
                    "activityIds": [
                      "act_7"
                    ],
                    "instanceType": "ScheduledActivityInstance",
                    "name": "act_7@enc_3",
                    "encounterId": "enc_3"
                  },
                  {
                    "id": "6ff53f63-1f44-4d37-83eb-d04f55ecf5f2",
                    "activityIds": [
                      "act_7"
                    ],
                    "instanceType": "ScheduledActivityInstance",
                    "name": "act_7@enc_5",
                    "encounterId": "enc_5"
                  },
                  {
                    "id": "81155edc-04d8-49c4-92e5-6a47c2b9992c",
                    "activityIds": [
                      "act_7"
                    ],
                    "instanceType": "ScheduledActivityInstance",
                    "name": "act_7@enc_7",
                    "encounterId": "enc_7"
                  },
                  {
                    "id": "f357cbed-47b9-4640-b2e2-e64e5e08806d",
                    "activityIds": [
                      "act_7"
                    ],
                    "instanceType": "ScheduledActivityInstance",
                    "name": "act_7@enc_9",
                    "encounterId": "enc_9"
                  },
                  {
                    "id": "c1155652-7674-48aa-b27b-b3e27d13f729",
                    "activityIds": [
                      "act_8"
                    ],
                    "instanceType": "ScheduledActivityInstance",
                    "name": "act_8@enc_1",
                    "encounterId": "enc_1"
                  },
                  {
                    "id": "ae5c0d36-2360-4b77-a602-8908274691b8",
                    "activityIds": [
                      "act_8"
                    ],
                    "instanceType": "ScheduledActivityInstance",
                    "name": "act_8@enc_3",
                    "encounterId": "enc_3"
                  },
                  {
                    "id": "bd9d29de-ea65-41f8-aa2c-f8a636078564",
                    "activityIds": [
                      "act_8"
                    ],
                    "instanceType": "ScheduledActivityInstance",
                    "name": "act_8@enc_5",
                    "encounterId": "enc_5"
                  },
                  {
                    "id": "f9ad194a-62db-4f7b-9a5c-a1e977373050",
                    "activityIds": [
                      "act_8"
                    ],
                    "instanceType": "ScheduledActivityInstance",
                    "name": "act_8@enc_7",
                    "encounterId": "enc_7"
                  },
                  {
                    "id": "3b68b912-d881-4c04-b505-6f6452ea568d",
                    "activityIds": [
                      "act_8"
                    ],
                    "instanceType": "ScheduledActivityInstance",
                    "name": "act_8@enc_9",
                    "encounterId": "enc_9"
                  },
                  {
                    "id": "5212c97c-26e0-4437-86e1-60a24036dbdb",
                    "activityIds": [
                      "act_9"
                    ],
                    "instanceType": "ScheduledActivityInstance",
                    "name": "act_9@enc_10",
                    "encounterId": "enc_10"
                  },
                  {
                    "id": "14b9f1e0-5f0b-4b10-9bf5-50d96904b6a0",
                    "activityIds": [
                      "act_10"
                    ],
                    "instanceType": "ScheduledActivityInstance",
                    "name": "act_10@enc_10",
                    "encounterId": "enc_10"
                  },
                  {
                    "id": "e361ed4a-45b6-4e90-a0e3-13aa77c6bbae",
                    "activityIds": [
                      "act_11"
                    ],
                    "instanceType": "ScheduledActivityInstance",
                    "name": "act_11@enc_1",
                    "encounterId": "enc_1"
                  },
                  {
                    "id": "a6984b3f-ec1e-4b37-ad17-0e42a006384a",
                    "activityIds": [
                      "act_11"
                    ],
                    "instanceType": "ScheduledActivityInstance",
                    "name": "act_11@enc_3",
                    "encounterId": "enc_3"
                  },
                  {
                    "id": "e86c46b2-30d8-4e7e-802c-f4d8e1a8d01a",
                    "activityIds": [
                      "act_11"
                    ],
                    "instanceType": "ScheduledActivityInstance",
                    "name": "act_11@enc_5",
                    "encounterId": "enc_5"
                  },
                  {
                    "id": "d67f661f-9f30-4cc8-b672-cd5bf3cf80ad",
                    "activityIds": [
                      "act_11"
                    ],
                    "instanceType": "ScheduledActivityInstance",
                    "name": "act_11@enc_7",
                    "encounterId": "enc_7"
                  },
                  {
                    "id": "12191ed7-9bf0-4da9-9d4c-76431ce4fe12",
                    "activityIds": [
                      "act_11"
                    ],
                    "instanceType": "ScheduledActivityInstance",
                    "name": "act_11@enc_9",
                    "encounterId": "enc_9"
                  },
                  {
                    "id": "8223530d-24f7-4520-b02d-7e857aa262c5",
                    "activityIds": [
                      "act_11"
                    ],
                    "instanceType": "ScheduledActivityInstance",
                    "name": "act_11@enc_10",
                    "encounterId": "enc_10"
                  },
                  {
                    "id": "02161912-c106-491b-b18b-2b50877b7d5e",
                    "activityIds": [
                      "act_12"
                    ],
                    "instanceType": "ScheduledActivityInstance",
                    "name": "act_12@enc_5",
                    "encounterId": "enc_5"
                  },
                  {
                    "id": "2d6a24d8-2a03-4219-9237-2fff58b38981",
                    "activityIds": [
                      "act_12"
                    ],
                    "instanceType": "ScheduledActivityInstance",
                    "name": "act_12@enc_10",
                    "encounterId": "enc_10"
                  },
                  {
                    "id": "53889bba-f913-412f-a29e-f37b2d2fc433",
                    "activityIds": [
                      "act_13"
                    ],
                    "instanceType": "ScheduledActivityInstance",
                    "name": "act_13@enc_1",
                    "encounterId": "enc_1"
                  },
                  {
                    "id": "d8f946c4-9ad9-4654-ab40-b24863466624",
                    "activityIds": [
                      "act_13"
                    ],
                    "instanceType": "ScheduledActivityInstance",
                    "name": "act_13@enc_5",
                    "encounterId": "enc_5"
                  },
                  {
                    "id": "58c5946a-d305-4ff0-aa3e-779efe23f737",
                    "activityIds": [
                      "act_13"
                    ],
                    "instanceType": "ScheduledActivityInstance",
                    "name": "act_13@enc_10",
                    "encounterId": "enc_10"
                  },
                  {
                    "id": "0f52dbb1-12de-42e2-bbe4-7df02b249ace",
                    "activityIds": [
                      "act_14"
                    ],
                    "instanceType": "ScheduledActivityInstance",
                    "name": "act_14@enc_10",
                    "encounterId": "enc_10"
                  },
                  {
                    "id": "06fb5714-9454-4021-9af4-015887fb638c",
                    "activityIds": [
                      "act_15"
                    ],
                    "instanceType": "ScheduledActivityInstance",
                    "name": "act_15@enc_10",
                    "encounterId": "enc_10"
                  },
                  {
                    "id": "d6ed555f-8d54-43f1-a16f-adb45216506e",
                    "activityIds": [
                      "act_16"
                    ],
                    "instanceType": "ScheduledActivityInstance",
                    "name": "act_16@enc_10",
                    "encounterId": "enc_10"
                  },
                  {
                    "id": "03eba528-c3c7-4e0d-a6b1-899b1bd82952",
                    "activityIds": [
                      "act_17"
                    ],
                    "instanceType": "ScheduledActivityInstance",
                    "name": "act_17@enc_10",
                    "encounterId": "enc_10"
                  },
                  {
                    "id": "8c891eba-48b9-4e18-a8cd-e0183a344ac8",
                    "activityIds": [
                      "act_18"
                    ],
                    "instanceType": "ScheduledActivityInstance",
                    "name": "act_18@enc_1",
                    "encounterId": "enc_1"
                  },
                  {
                    "id": "7dd87d63-7f38-4581-a293-754b33e3109c",
                    "activityIds": [
                      "act_18"
                    ],
                    "instanceType": "ScheduledActivityInstance",
                    "name": "act_18@enc_5",
                    "encounterId": "enc_5"
                  },
                  {
                    "id": "98c5eab3-741c-4f2f-89fa-8c66162b00a4",
                    "activityIds": [
                      "act_18"
                    ],
                    "instanceType": "ScheduledActivityInstance",
                    "name": "act_18@enc_7",
                    "encounterId": "enc_7"
                  },
                  {
                    "id": "1cef2e4b-8939-4e75-a350-cb01e54367ae",
                    "activityIds": [
                      "act_18"
                    ],
                    "instanceType": "ScheduledActivityInstance",
                    "name": "act_18@enc_10",
                    "encounterId": "enc_10"
                  },
                  {
                    "id": "7f991ee3-b109-4e33-bf86-e93276702b8a",
                    "activityIds": [
                      "act_19"
                    ],
                    "instanceType": "ScheduledActivityInstance",
                    "name": "act_19@enc_1",
                    "encounterId": "enc_1"
                  },
                  {
                    "id": "5e4ce4f6-cc6e-4f18-84f5-fdd3e6a6650a",
                    "activityIds": [
                      "act_19"
                    ],
                    "instanceType": "ScheduledActivityInstance",
                    "name": "act_19@enc_2",
                    "encounterId": "enc_2"
                  },
                  {
                    "id": "f6c83b50-f794-430b-812c-6e246f2245bd",
                    "activityIds": [
                      "act_19"
                    ],
                    "instanceType": "ScheduledActivityInstance",
                    "name": "act_19@enc_3",
                    "encounterId": "enc_3"
                  },
                  {
                    "id": "b25203ff-6679-40d3-b675-9168d783b984",
                    "activityIds": [
                      "act_19"
                    ],
                    "instanceType": "ScheduledActivityInstance",
                    "name": "act_19@enc_4",
                    "encounterId": "enc_4"
                  },
                  {
                    "id": "965db481-901b-4c24-a923-3726e9cc0ab0",
                    "activityIds": [
                      "act_19"
                    ],
                    "instanceType": "ScheduledActivityInstance",
                    "name": "act_19@enc_5",
                    "encounterId": "enc_5"
                  },
                  {
                    "id": "44a43a77-e165-47e0-ab97-c4c31f2b0c2e",
                    "activityIds": [
                      "act_19"
                    ],
                    "instanceType": "ScheduledActivityInstance",
                    "name": "act_19@enc_6",
                    "encounterId": "enc_6"
                  },
                  {
                    "id": "ed03503c-74d5-4259-adb4-5cb74c614000",
                    "activityIds": [
                      "act_19"
                    ],
                    "instanceType": "ScheduledActivityInstance",
                    "name": "act_19@enc_7",
                    "encounterId": "enc_7"
                  },
                  {
                    "id": "4b86bb0a-756e-4a19-b0ad-c21994f19bb7",
                    "activityIds": [
                      "act_19"
                    ],
                    "instanceType": "ScheduledActivityInstance",
                    "name": "act_19@enc_8",
                    "encounterId": "enc_8"
                  },
                  {
                    "id": "26993007-e804-4d32-8c80-6b829965aa76",
                    "activityIds": [
                      "act_19"
                    ],
                    "instanceType": "ScheduledActivityInstance",
                    "name": "act_19@enc_9",
                    "encounterId": "enc_9"
                  },
                  {
                    "id": "ec6fa519-1731-4c46-8ccc-fd58e2c3f2f3",
                    "activityIds": [
                      "act_1"
                    ],
                    "instanceType": "ScheduledActivityInstance",
                    "name": "act_1@enc_11",
                    "encounterId": "enc_11"
                  },
                  {
                    "id": "52bb9e48-fa11-4e3a-8719-b250cea5c869",
                    "activityIds": [
                      "act_1"
                    ],
                    "instanceType": "ScheduledActivityInstance",
                    "name": "act_1@enc_12",
                    "encounterId": "enc_12"
                  },
                  {
                    "id": "cd71f511-6dc3-44cc-9830-956bcbf5297c",
                    "activityIds": [
                      "act_1"
                    ],
                    "instanceType": "ScheduledActivityInstance",
                    "name": "act_1@enc_13",
                    "encounterId": "enc_13"
                  },
                  {
                    "id": "dc146f42-186c-4a44-90ca-b3cbacf5619f",
                    "activityIds": [
                      "act_1"
                    ],
                    "instanceType": "ScheduledActivityInstance",
                    "name": "act_1@enc_14",
                    "encounterId": "enc_14"
                  },
                  {
                    "id": "66689434-77aa-442c-a4f6-9c10f6db29eb",
                    "activityIds": [
                      "act_1"
                    ],
                    "instanceType": "ScheduledActivityInstance",
                    "name": "act_1@enc_15",
                    "encounterId": "enc_15"
                  },
                  {
                    "id": "3f98ebae-beb0-4ab7-bae7-a0c92a0dc687",
                    "activityIds": [
                      "act_1"
                    ],
                    "instanceType": "ScheduledActivityInstance",
                    "name": "act_1@enc_16",
                    "encounterId": "enc_16"
                  },
                  {
                    "id": "3eb881c6-2435-4089-9bb8-868377493458",
                    "activityIds": [
                      "act_1"
                    ],
                    "instanceType": "ScheduledActivityInstance",
                    "name": "act_1@enc_17",
                    "encounterId": "enc_17"
                  },
                  {
                    "id": "bfa7c1f8-e984-49aa-881f-5957b35e57a5",
                    "activityIds": [
                      "act_1"
                    ],
                    "instanceType": "ScheduledActivityInstance",
                    "name": "act_1@enc_18",
                    "encounterId": "enc_18"
                  },
                  {
                    "id": "66c89b6a-8794-42c8-a4c0-22784d92b363",
                    "activityIds": [
                      "act_1"
                    ],
                    "instanceType": "ScheduledActivityInstance",
                    "name": "act_1@enc_19",
                    "encounterId": "enc_19"
                  },
                  {
                    "id": "d7e1181c-0ed1-45af-9f48-b12f26cb0e34",
                    "activityIds": [
                      "act_1"
                    ],
                    "instanceType": "ScheduledActivityInstance",
                    "name": "act_1@enc_20",
                    "encounterId": "enc_20"
                  },
                  {
                    "id": "f98579a3-83ea-423f-80ae-0f5fd5092e91",
                    "activityIds": [
                      "act_1"
                    ],
                    "instanceType": "ScheduledActivityInstance",
                    "name": "act_1@enc_21",
                    "encounterId": "enc_21"
                  },
                  {
                    "id": "32e6398b-8c16-46c7-bc83-73b69065a702",
                    "activityIds": [
                      "act_1"
                    ],
                    "instanceType": "ScheduledActivityInstance",
                    "name": "act_1@enc_22",
                    "encounterId": "enc_22"
                  },
                  {
                    "id": "c0cf2f0f-a8a2-45ff-866a-db9886169cf6",
                    "activityIds": [
                      "act_1"
                    ],
                    "instanceType": "ScheduledActivityInstance",
                    "name": "act_1@enc_23",
                    "encounterId": "enc_23"
                  },
                  {
                    "id": "7ff3a9f1-113c-488d-8fed-c1714b3f2d9c",
                    "activityIds": [
                      "act_1"
                    ],
                    "instanceType": "ScheduledActivityInstance",
                    "name": "act_1@enc_24",
                    "encounterId": "enc_24"
                  },
                  {
                    "id": "ac0ddc15-fcc5-4296-8f9f-6e34b792c22a",
                    "activityIds": [
                      "act_1"
                    ],
                    "instanceType": "ScheduledActivityInstance",
                    "name": "act_1@enc_25",
                    "encounterId": "enc_25"
                  },
                  {
                    "id": "f6fc6bcb-9ca1-4bce-872d-84695c4c7268",
                    "activityIds": [
                      "act_1"
                    ],
                    "instanceType": "ScheduledActivityInstance",
                    "name": "act_1@enc_26",
                    "encounterId": "enc_26"
                  },
                  {
                    "id": "182ce645-59b7-4e31-b2a2-6c77cdca894e",
                    "activityIds": [
                      "act_1"
                    ],
                    "instanceType": "ScheduledActivityInstance",
                    "name": "act_1@enc_27",
                    "encounterId": "enc_27"
                  },
                  {
                    "id": "0c734b18-d930-4370-b0e1-b26bd8fdc5c4",
                    "activityIds": [
                      "act_1"
                    ],
                    "instanceType": "ScheduledActivityInstance",
                    "name": "act_1@enc_28",
                    "encounterId": "enc_28"
                  },
                  {
                    "id": "ae781bf8-f2c6-4191-977c-e141fadc1717",
                    "activityIds": [
                      "act_1"
                    ],
                    "instanceType": "ScheduledActivityInstance",
                    "name": "act_1@enc_29",
                    "encounterId": "enc_29"
                  },
                  {
                    "id": "44e2af7e-6b28-4b08-9e6d-2c51f449fba9",
                    "activityIds": [
                      "act_1"
                    ],
                    "instanceType": "ScheduledActivityInstance",
                    "name": "act_1@enc_30",
                    "encounterId": "enc_30"
                  },
                  {
                    "id": "97be3e7e-28c8-4676-83de-1fd7c93a4934",
                    "activityIds": [
                      "act_2"
                    ],
                    "instanceType": "ScheduledActivityInstance",
                    "name": "act_2@enc_30",
                    "encounterId": "enc_30"
                  },
                  {
                    "id": "d64b7124-3feb-40a4-a8c0-41eb16bc54d6",
                    "activityIds": [
                      "act_3"
                    ],
                    "instanceType": "ScheduledActivityInstance",
                    "name": "act_3@enc_16",
                    "encounterId": "enc_16"
                  },
                  {
                    "id": "d4972b13-430f-4e68-aa7f-4ed1a436a048",
                    "activityIds": [
                      "act_3"
                    ],
                    "instanceType": "ScheduledActivityInstance",
                    "name": "act_3@enc_30",
                    "encounterId": "enc_30"
                  },
                  {
                    "id": "45597f8b-8fd3-4b97-bbf9-82c3bf74a41a",
                    "activityIds": [
                      "act_4"
                    ],
                    "instanceType": "ScheduledActivityInstance",
                    "name": "act_4@enc_16",
                    "encounterId": "enc_16"
                  },
                  {
                    "id": "783dad28-613f-42f0-bfd2-a4eff871b18e",
                    "activityIds": [
                      "act_4"
                    ],
                    "instanceType": "ScheduledActivityInstance",
                    "name": "act_4@enc_30",
                    "encounterId": "enc_30"
                  },
                  {
                    "id": "d61af06c-5535-404f-8849-debc0b579056",
                    "activityIds": [
                      "act_5"
                    ],
                    "instanceType": "ScheduledActivityInstance",
                    "name": "act_5@enc_16",
                    "encounterId": "enc_16"
                  },
                  {
                    "id": "bb9ce1ad-3db3-46bd-8845-74401379b50e",
                    "activityIds": [
                      "act_5"
                    ],
                    "instanceType": "ScheduledActivityInstance",
                    "name": "act_5@enc_30",
                    "encounterId": "enc_30"
                  },
                  {
                    "id": "9e057cf6-064e-4fe8-9388-f0a5de99bc58",
                    "activityIds": [
                      "act_6"
                    ],
                    "instanceType": "ScheduledActivityInstance",
                    "name": "act_6@enc_16",
                    "encounterId": "enc_16"
                  },
                  {
                    "id": "82fae83e-0ac5-485f-b7fd-5398cca05d42",
                    "activityIds": [
                      "act_6"
                    ],
                    "instanceType": "ScheduledActivityInstance",
                    "name": "act_6@enc_30",
                    "encounterId": "enc_30"
                  },
                  {
                    "id": "a31442f3-8c34-47be-a60d-fd5c758af7ad",
                    "activityIds": [
                      "act_7"
                    ],
                    "instanceType": "ScheduledActivityInstance",
                    "name": "act_7@enc_21",
                    "encounterId": "enc_21"
                  },
                  {
                    "id": "590c506a-c8b8-4ded-aa68-e6948333fcdc",
                    "activityIds": [
                      "act_7"
                    ],
                    "instanceType": "ScheduledActivityInstance",
                    "name": "act_7@enc_23",
                    "encounterId": "enc_23"
                  },
                  {
                    "id": "0c65115c-0a04-459d-ac29-49480edfa84b",
                    "activityIds": [
                      "act_7"
                    ],
                    "instanceType": "ScheduledActivityInstance",
                    "name": "act_7@enc_25",
                    "encounterId": "enc_25"
                  },
                  {
                    "id": "8f3eefa3-6a88-4dda-ba7b-6307a5f7e97f",
                    "activityIds": [
                      "act_7"
                    ],
                    "instanceType": "ScheduledActivityInstance",
                    "name": "act_7@enc_27",
                    "encounterId": "enc_27"
                  },
                  {
                    "id": "b6af480a-19a3-4db5-a68c-875781eea26e",
                    "activityIds": [
                      "act_7"
                    ],
                    "instanceType": "ScheduledActivityInstance",
                    "name": "act_7@enc_29",
                    "encounterId": "enc_29"
                  },
                  {
                    "id": "ec3ac085-d777-4ea9-8735-91be8b87aadc",
                    "activityIds": [
                      "act_7"
                    ],
                    "instanceType": "ScheduledActivityInstance",
                    "name": "act_7@enc_30",
                    "encounterId": "enc_30"
                  },
                  {
                    "id": "17fa8267-4647-4ca2-845f-4a2ec052d8d5",
                    "activityIds": [
                      "act_8"
                    ],
                    "instanceType": "ScheduledActivityInstance",
                    "name": "act_8@enc_21",
                    "encounterId": "enc_21"
                  },
                  {
                    "id": "67025480-9fb9-4814-9718-98c36dc5e48f",
                    "activityIds": [
                      "act_8"
                    ],
                    "instanceType": "ScheduledActivityInstance",
                    "name": "act_8@enc_23",
                    "encounterId": "enc_23"
                  },
                  {
                    "id": "4d337ba3-9998-4920-b017-012f6b674931",
                    "activityIds": [
                      "act_8"
                    ],
                    "instanceType": "ScheduledActivityInstance",
                    "name": "act_8@enc_25",
                    "encounterId": "enc_25"
                  },
                  {
                    "id": "c289e3f8-4fca-4ec3-9f9c-bfa2e97d426d",
                    "activityIds": [
                      "act_8"
                    ],
                    "instanceType": "ScheduledActivityInstance",
                    "name": "act_8@enc_27",
                    "encounterId": "enc_27"
                  },
                  {
                    "id": "067126a8-581c-4ebf-9332-b26f663d0576",
                    "activityIds": [
                      "act_8"
                    ],
                    "instanceType": "ScheduledActivityInstance",
                    "name": "act_8@enc_29",
                    "encounterId": "enc_29"
                  },
                  {
                    "id": "63abf657-b546-4442-b46a-38e2cd7a308e",
                    "activityIds": [
                      "act_8"
                    ],
                    "instanceType": "ScheduledActivityInstance",
                    "name": "act_8@enc_30",
                    "encounterId": "enc_30"
                  },
                  {
                    "id": "86d5604a-ca63-4ab6-bdb1-79cdc191ffb9",
                    "activityIds": [
                      "act_9"
                    ],
                    "instanceType": "ScheduledActivityInstance",
                    "name": "act_9@enc_30",
                    "encounterId": "enc_30"
                  },
                  {
                    "id": "b84c76c4-c372-429b-a38f-90c2c97c55d1",
                    "activityIds": [
                      "act_10"
                    ],
                    "instanceType": "ScheduledActivityInstance",
                    "name": "act_10@enc_30",
                    "encounterId": "enc_30"
                  },
                  {
                    "id": "fd1ce8aa-5036-48b4-97a3-a0c900dd9f72",
                    "activityIds": [
                      "act_11"
                    ],
                    "instanceType": "ScheduledActivityInstance",
                    "name": "act_11@enc_21",
                    "encounterId": "enc_21"
                  },
                  {
                    "id": "4580c46e-5ad4-4e27-9b53-dcbc3c052a5e",
                    "activityIds": [
                      "act_11"
                    ],
                    "instanceType": "ScheduledActivityInstance",
                    "name": "act_11@enc_23",
                    "encounterId": "enc_23"
                  },
                  {
                    "id": "c17cf412-9634-473c-901b-6c93267a4003",
                    "activityIds": [
                      "act_11"
                    ],
                    "instanceType": "ScheduledActivityInstance",
                    "name": "act_11@enc_25",
                    "encounterId": "enc_25"
                  },
                  {
                    "id": "3e40f95b-db64-4d30-af6d-299ddef9ed2f",
                    "activityIds": [
                      "act_11"
                    ],
                    "instanceType": "ScheduledActivityInstance",
                    "name": "act_11@enc_27",
                    "encounterId": "enc_27"
                  },
                  {
                    "id": "5c3bbbab-01a6-40fe-82b5-d06207b3a647",
                    "activityIds": [
                      "act_11"
                    ],
                    "instanceType": "ScheduledActivityInstance",
                    "name": "act_11@enc_29",
                    "encounterId": "enc_29"
                  },
                  {
                    "id": "9b79e2f9-7621-45a0-ad23-a51ef493280e",
                    "activityIds": [
                      "act_11"
                    ],
                    "instanceType": "ScheduledActivityInstance",
                    "name": "act_11@enc_30",
                    "encounterId": "enc_30"
                  },
                  {
                    "id": "2bdf0841-142c-4257-8fbc-5e0c63ea98e2",
                    "activityIds": [
                      "act_12"
                    ],
                    "instanceType": "ScheduledActivityInstance",
                    "name": "act_12@enc_25",
                    "encounterId": "enc_25"
                  },
                  {
                    "id": "500c25f6-86af-4fab-a5de-00c6572b0e3d",
                    "activityIds": [
                      "act_12"
                    ],
                    "instanceType": "ScheduledActivityInstance",
                    "name": "act_12@enc_30",
                    "encounterId": "enc_30"
                  },
                  {
                    "id": "d6a35a0c-7c6e-4c8a-ae53-e7f82df0885a",
                    "activityIds": [
                      "act_13"
                    ],
                    "instanceType": "ScheduledActivityInstance",
                    "name": "act_13@enc_21",
                    "encounterId": "enc_21"
                  },
                  {
                    "id": "1057a22b-f727-4408-98e3-66650079ae04",
                    "activityIds": [
                      "act_13"
                    ],
                    "instanceType": "ScheduledActivityInstance",
                    "name": "act_13@enc_25",
                    "encounterId": "enc_25"
                  },
                  {
                    "id": "26260d48-e45b-4c47-8e01-4ee22ea1387e",
                    "activityIds": [
                      "act_13"
                    ],
                    "instanceType": "ScheduledActivityInstance",
                    "name": "act_13@enc_30",
                    "encounterId": "enc_30"
                  },
                  {
                    "id": "338540a4-f394-4159-bcd4-84377486410b",
                    "activityIds": [
                      "act_14"
                    ],
                    "instanceType": "ScheduledActivityInstance",
                    "name": "act_14@enc_30",
                    "encounterId": "enc_30"
                  },
                  {
                    "id": "15254417-8e9c-4f07-b90a-66d39ca59fee",
                    "activityIds": [
                      "act_15"
                    ],
                    "instanceType": "ScheduledActivityInstance",
                    "name": "act_15@enc_30",
                    "encounterId": "enc_30"
                  },
                  {
                    "id": "b1ba9576-ac47-4403-9a6b-be78072f8011",
                    "activityIds": [
                      "act_16"
                    ],
                    "instanceType": "ScheduledActivityInstance",
                    "name": "act_16@enc_30",
                    "encounterId": "enc_30"
                  },
                  {
                    "id": "ef61baff-2455-4a48-ac90-e265e8d1836f",
                    "activityIds": [
                      "act_17"
                    ],
                    "instanceType": "ScheduledActivityInstance",
                    "name": "act_17@enc_30",
                    "encounterId": "enc_30"
                  },
                  {
                    "id": "46b3213d-6aab-41e6-8427-74e2ba7e8e95",
                    "activityIds": [
                      "act_18"
                    ],
                    "instanceType": "ScheduledActivityInstance",
                    "name": "act_18@enc_21",
                    "encounterId": "enc_21"
                  },
                  {
                    "id": "11d2391d-033a-4393-9664-681bc2b3ef52",
                    "activityIds": [
                      "act_18"
                    ],
                    "instanceType": "ScheduledActivityInstance",
                    "name": "act_18@enc_25",
                    "encounterId": "enc_25"
                  },
                  {
                    "id": "82ef4ed2-f548-4226-8f21-c9f0b042f088",
                    "activityIds": [
                      "act_18"
                    ],
                    "instanceType": "ScheduledActivityInstance",
                    "name": "act_18@enc_27",
                    "encounterId": "enc_27"
                  },
                  {
                    "id": "7874ef53-d99e-45d6-9dd8-6740d11aff39",
                    "activityIds": [
                      "act_18"
                    ],
                    "instanceType": "ScheduledActivityInstance",
                    "name": "act_18@enc_30",
                    "encounterId": "enc_30"
                  },
                  {
                    "id": "df32d694-ecd5-4242-86be-52ed53ca5089",
                    "activityIds": [
                      "act_19"
                    ],
                    "instanceType": "ScheduledActivityInstance",
                    "name": "act_19@enc_21",
                    "encounterId": "enc_21"
                  },
                  {
                    "id": "c489fa37-797f-49bc-b7f5-844985b0119a",
                    "activityIds": [
                      "act_19"
                    ],
                    "instanceType": "ScheduledActivityInstance",
                    "name": "act_19@enc_22",
                    "encounterId": "enc_22"
                  },
                  {
                    "id": "fb65cc48-58bb-436e-881b-5e7dfaeaed3d",
                    "activityIds": [
                      "act_19"
                    ],
                    "instanceType": "ScheduledActivityInstance",
                    "name": "act_19@enc_23",
                    "encounterId": "enc_23"
                  },
                  {
                    "id": "ff5f91ea-0039-4659-8e29-9ba3bdc5c477",
                    "activityIds": [
                      "act_19"
                    ],
                    "instanceType": "ScheduledActivityInstance",
                    "name": "act_19@enc_24",
                    "encounterId": "enc_24"
                  },
                  {
                    "id": "4c029351-586f-47e8-bbf9-25e080a69780",
                    "activityIds": [
                      "act_19"
                    ],
                    "instanceType": "ScheduledActivityInstance",
                    "name": "act_19@enc_25",
                    "encounterId": "enc_25"
                  },
                  {
                    "id": "6d4566f5-af22-4c88-bae3-1da47c64e494",
                    "activityIds": [
                      "act_19"
                    ],
                    "instanceType": "ScheduledActivityInstance",
                    "name": "act_19@enc_26",
                    "encounterId": "enc_26"
                  },
                  {
                    "id": "27175c25-0633-47ee-89d6-70135fd3d096",
                    "activityIds": [
                      "act_19"
                    ],
                    "instanceType": "ScheduledActivityInstance",
                    "name": "act_19@enc_27",
                    "encounterId": "enc_27"
                  },
                  {
                    "id": "2c133c91-158d-4bcd-a0af-579744860a67",
                    "activityIds": [
                      "act_19"
                    ],
                    "instanceType": "ScheduledActivityInstance",
                    "name": "act_19@enc_28",
                    "encounterId": "enc_28"
                  },
                  {
                    "id": "54c46184-4460-4e16-9995-91710655e1ba",
                    "activityIds": [
                      "act_19"
                    ],
                    "instanceType": "ScheduledActivityInstance",
                    "name": "act_19@enc_29",
                    "encounterId": "enc_29"
                  },
                  {
                    "id": "20284ab4-c646-4b06-bc4b-f8d255e42e8c",
                    "activityIds": [
                      "act_20"
                    ],
                    "instanceType": "ScheduledActivityInstance",
                    "name": "act_20@enc_16",
                    "encounterId": "enc_16"
                  },
                  {
                    "id": "4fd252f6-3bad-4910-9d65-b5712a447c76",
                    "activityIds": [
                      "act_20"
                    ],
                    "instanceType": "ScheduledActivityInstance",
                    "name": "act_20@enc_30",
                    "encounterId": "enc_30"
                  },
                  {
                    "id": "38ae94d4-30ab-4c89-ae17-ad0e4ae12bca",
                    "activityIds": [
                      "act_21"
                    ],
                    "instanceType": "ScheduledActivityInstance",
                    "name": "act_21@enc_11",
                    "encounterId": "enc_11"
                  },
                  {
                    "id": "5df064c9-00c6-40b5-94ee-e8aff18a5272",
                    "activityIds": [
                      "act_21"
                    ],
                    "instanceType": "ScheduledActivityInstance",
                    "name": "act_21@enc_12",
                    "encounterId": "enc_12"
                  },
                  {
                    "id": "00d4ea17-f1d8-41f0-a872-61e6f1026ffa",
                    "activityIds": [
                      "act_21"
                    ],
                    "instanceType": "ScheduledActivityInstance",
                    "name": "act_21@enc_13",
                    "encounterId": "enc_13"
                  },
                  {
                    "id": "947553e7-fbd3-456e-b9b7-d0e4a5e48399",
                    "activityIds": [
                      "act_21"
                    ],
                    "instanceType": "ScheduledActivityInstance",
                    "name": "act_21@enc_14",
                    "encounterId": "enc_14"
                  },
                  {
                    "id": "696562ed-2c84-41f3-8351-503702979e6a",
                    "activityIds": [
                      "act_21"
                    ],
                    "instanceType": "ScheduledActivityInstance",
                    "name": "act_21@enc_15",
                    "encounterId": "enc_15"
                  },
                  {
                    "id": "9d75e27f-beab-43a6-8f26-b51da651c6bf",
                    "activityIds": [
                      "act_21"
                    ],
                    "instanceType": "ScheduledActivityInstance",
                    "name": "act_21@enc_16",
                    "encounterId": "enc_16"
                  },
                  {
                    "id": "ef6f6974-4b40-4d1c-af94-528efdceb0a3",
                    "activityIds": [
                      "act_21"
                    ],
                    "instanceType": "ScheduledActivityInstance",
                    "name": "act_21@enc_17",
                    "encounterId": "enc_17"
                  },
                  {
                    "id": "e12f1050-429e-4ed0-921b-f00d113d10fb",
                    "activityIds": [
                      "act_21"
                    ],
                    "instanceType": "ScheduledActivityInstance",
                    "name": "act_21@enc_18",
                    "encounterId": "enc_18"
                  },
                  {
                    "id": "975aef1f-2309-4439-9c9a-6b22825e0a8a",
                    "activityIds": [
                      "act_21"
                    ],
                    "instanceType": "ScheduledActivityInstance",
                    "name": "act_21@enc_19",
                    "encounterId": "enc_19"
                  },
                  {
                    "id": "ac4bf7c7-bdc9-42a2-8d83-c0ba384d0191",
                    "activityIds": [
                      "act_21"
                    ],
                    "instanceType": "ScheduledActivityInstance",
                    "name": "act_21@enc_20",
                    "encounterId": "enc_20"
                  },
                  {
                    "id": "f795e644-07c6-4900-a0d4-1ca61813fdf7",
                    "activityIds": [
                      "act_21"
                    ],
                    "instanceType": "ScheduledActivityInstance",
                    "name": "act_21@enc_21",
                    "encounterId": "enc_21"
                  },
                  {
                    "id": "c57cd8fc-a11a-4fd4-b504-ceff424a8188",
                    "activityIds": [
                      "act_21"
                    ],
                    "instanceType": "ScheduledActivityInstance",
                    "name": "act_21@enc_22",
                    "encounterId": "enc_22"
                  },
                  {
                    "id": "85f5ca6e-dc01-47c8-a603-b700f0970e38",
                    "activityIds": [
                      "act_21"
                    ],
                    "instanceType": "ScheduledActivityInstance",
                    "name": "act_21@enc_23",
                    "encounterId": "enc_23"
                  },
                  {
                    "id": "ab7182cd-8e82-4e41-894e-89085f301376",
                    "activityIds": [
                      "act_21"
                    ],
                    "instanceType": "ScheduledActivityInstance",
                    "name": "act_21@enc_24",
                    "encounterId": "enc_24"
                  },
                  {
                    "id": "36f0700e-1d10-4f4a-b0f3-96d256b7190e",
                    "activityIds": [
                      "act_21"
                    ],
                    "instanceType": "ScheduledActivityInstance",
                    "name": "act_21@enc_25",
                    "encounterId": "enc_25"
                  },
                  {
                    "id": "3efb20e3-a23e-4463-91a6-65cab2e24e8e",
                    "activityIds": [
                      "act_21"
                    ],
                    "instanceType": "ScheduledActivityInstance",
                    "name": "act_21@enc_26",
                    "encounterId": "enc_26"
                  },
                  {
                    "id": "c1bd574b-ede0-406d-b376-872c620855a1",
                    "activityIds": [
                      "act_21"
                    ],
                    "instanceType": "ScheduledActivityInstance",
                    "name": "act_21@enc_27",
                    "encounterId": "enc_27"
                  },
                  {
                    "id": "20be06fc-b2d6-4ff5-8279-3a2ff04bb5d1",
                    "activityIds": [
                      "act_21"
                    ],
                    "instanceType": "ScheduledActivityInstance",
                    "name": "act_21@enc_28",
                    "encounterId": "enc_28"
                  },
                  {
                    "id": "e8a5f0e2-d444-4b6c-bd11-a776c3632756",
                    "activityIds": [
                      "act_21"
                    ],
                    "instanceType": "ScheduledActivityInstance",
                    "name": "act_21@enc_29",
                    "encounterId": "enc_29"
                  },
                  {
                    "id": "7906fe6c-b6af-4e2a-944c-3ae6413c9226",
                    "activityIds": [
                      "act_21"
                    ],
                    "instanceType": "ScheduledActivityInstance",
                    "name": "act_21@enc_30",
                    "encounterId": "enc_30"
                  },
                  {
                    "id": "1fa1050d-32a6-40ae-9b1e-9ffe32d1b059",
                    "activityIds": [
                      "act_22"
                    ],
                    "instanceType": "ScheduledActivityInstance",
                    "name": "act_22@enc_16",
                    "encounterId": "enc_16"
                  },
                  {
                    "id": "ccafb6b4-16eb-4601-b84e-dd4b041b0e42",
                    "activityIds": [
                      "act_22"
                    ],
                    "instanceType": "ScheduledActivityInstance",
                    "name": "act_22@enc_20",
                    "encounterId": "enc_20"
                  },
                  {
                    "id": "a34f56f3-1764-44ed-9f0f-4f880d2621c5",
                    "activityIds": [
                      "act_22"
                    ],
                    "instanceType": "ScheduledActivityInstance",
                    "name": "act_22@enc_24",
                    "encounterId": "enc_24"
                  },
                  {
                    "id": "057258bd-93ca-4d0d-91b7-3f528f6908dc",
                    "activityIds": [
                      "act_22"
                    ],
                    "instanceType": "ScheduledActivityInstance",
                    "name": "act_22@enc_28",
                    "encounterId": "enc_28"
                  },
                  {
                    "id": "561bae39-f202-4935-851b-2d82136bf23e",
                    "activityIds": [
                      "act_22"
                    ],
                    "instanceType": "ScheduledActivityInstance",
                    "name": "act_22@enc_30",
                    "encounterId": "enc_30"
                  },
                  {
                    "id": "5cda1b68-c79c-4751-a1ff-b2ed7d557cc0",
                    "activityIds": [
                      "act_23"
                    ],
                    "instanceType": "ScheduledActivityInstance",
                    "name": "act_23@enc_16",
                    "encounterId": "enc_16"
                  },
                  {
                    "id": "2cfe6d86-51db-4204-9467-75df2c706a80",
                    "activityIds": [
                      "act_23"
                    ],
                    "instanceType": "ScheduledActivityInstance",
                    "name": "act_23@enc_30",
                    "encounterId": "enc_30"
                  }
                ]
              }
            ]
          }
        ]
      }
    ]
  }
}