{
  "usdmVersion": "4.0",
  "systemName": "Protocol2USDM",
  "systemVersion": "6.2.0",
  "study": {
    "id": "17c54d5d-c5da-4bc1-9263-e6e19552a88b",
    "name": "",
    "instanceType": "Study",
    "versions": [
      {
        "id": "fd486aab-6e3c-4884-a3af-a04abd4b90f8",
        "versionIdentifier": "1.0",
        "rationale": "Initial protocol version",
        "instanceType": "StudyVersion",
        "studyDesigns": [
          {
            "id": "sd_1",
            "name": "Study Design",
            "rationale": "Protocol-defined study design",
            "instanceType": "InterventionalStudyDesign",
            "blindingSchema": {
              "id": "0ebc4206-b83e-4d8f-a989-fca3028b9b9a",
              "instanceType": "AliasCode",
              "standardCode": {
                "id": "9200d560-6d50-4ca3-9033-c955a7ee9e9b",
                "code": "C49656",
                "codeSystem": "http://www.cdisc.org",
                "codeSystemVersion": "2024-09-27",
                "decode": "Open Label",
                "instanceType": "Code"
              }
            },
            "model": {
              "id": "cfc0e81f-7986-4f8f-a441-a8cd87461ade",
              "code": "C82638",
              "codeSystem": "http://www.cdisc.org",
              "codeSystemVersion": "2024-09-27",
              "decode": "Single Group Study",
              "instanceType": "Code"
            },
            "epochs": [
              {
                "id": "epoch_1",
                "name": "Maintenance Treatment Period (Responders)",
                "instanceType": "StudyEpoch",
                "type": {
                  "id": "0f9a10a8-6eb4-4322-922f-25f177f11fa4",
                  "code": "C98780",
                  "codeSystem": "http://www.cdisc.org",
                  "codeSystemVersion": "2024-09-27",
                  "decode": "Treatment Epoch",
                  "instanceType": "Code"
                }
              },
              {
                "id": "epoch_2",
                "name": "Extension Induction and Extension Maintenance Treatment Periods (Nonresponders)",
                "instanceType": "StudyEpoch",
                "type": {
                  "id": "70fbd777-0185-42d6-8130-23e065c9eef3",
                  "code": "C98780",
                  "codeSystem": "http://www.cdisc.org",
                  "codeSystemVersion": "2024-09-27",
                  "decode": "Treatment Epoch",
                  "instanceType": "Code"
                }
              },
              {
                "id": "epoch_3",
                "name": "Early Termination, Unscheduled Visits, and Post-Treatment Follow-Up Period",
                "instanceType": "StudyEpoch",
                "type": {
                  "id": "723a99fb-eff7-4171-a2db-7710fd6cab63",
                  "code": "C98780",
                  "codeSystem": "http://www.cdisc.org",
                  "codeSystemVersion": "2024-09-27",
                  "decode": "Treatment Epoch",
                  "instanceType": "Code"
                }
              }
            ],
            "activities": [
              {
                "id": "grp_2",
                "name": "Physical Evaluation",
                "instanceType": "Activity",
                "childIds": [
                  "act_20",
                  "act_21",
                  "act_22",
                  "act_23"
                ]
              },
              {
                "id": "grp_3",
                "name": "Patient Diary (Electronic)",
                "instanceType": "Activity",
                "childIds": [
                  "act_1",
                  "act_2"
                ]
              },
              {
                "id": "grp_4",
                "name": "Patient-Reported Outcomes (Electronic)",
                "instanceType": "Activity",
                "childIds": [
                  "act_3",
                  "act_4",
                  "act_5"
                ]
              },
              {
                "id": "grp_5",
                "name": "Clinician-Administered Questionnaires (Paper)",
                "instanceType": "Activity",
                "childIds": [
                  "act_6"
                ]
              },
              {
                "id": "grp_6",
                "name": "Laboratory Tests and Sample Collections",
                "instanceType": "Activity",
                "childIds": [
                  "act_7",
                  "act_8",
                  "act_9",
                  "act_10",
                  "act_11",
                  "act_12",
                  "act_13",
                  "act_14",
                  "act_15"
                ]
              },
              {
                "id": "grp_7",
                "name": "Endoscopic Procedure",
                "instanceType": "Activity",
                "childIds": [
                  "act_16",
                  "act_17"
                ]
              },
              {
                "id": "grp_9",
                "name": "Randomization and Dosing",
                "instanceType": "Activity",
                "childIds": [
                  "act_19"
                ]
              },
              {
                "id": "act_1",
                "name": "Diary compliance check",
                "instanceType": "Activity",
                "description": "Check compliance for Stool Frequency, Rectal Bleeding, Nocturnal Stools, Bristol Stool Scale, Urgency NRS, Abdominal Pain NRS, Fatigue NRS, and Patient Global Rating of Severity (PGR-S)"
              },
              {
                "id": "act_2",
                "name": "Diary return",
                "instanceType": "Activity",
                "description": "Return of patient diary"
              },
              {
                "id": "act_3",
                "name": "Inflammatory Bowel Disease Questionnaire (IBDQ)",
                "instanceType": "Activity",
                "description": "Inflammatory Bowel Disease Questionnaire (IBDQ)"
              },
              {
                "id": "act_4",
                "name": "Patient Global Impression of Change (PGI-C)",
                "instanceType": "Activity",
                "description": "Patient Global Impression of Change (PGI-C)"
              },
              {
                "id": "act_5",
                "name": "QIDS-SR16",
                "instanceType": "Activity",
                "description": "16-Item Quick Inventory of Depressive Symptomatology–Self Report"
              },
              {
                "id": "act_6",
                "name": "Physician's Global Assessment (PGA)",
                "instanceType": "Activity",
                "description": "Physician's Global Assessment (PGA)"
              },
              {
                "id": "act_7",
                "name": "Hematology",
                "instanceType": "Activity",
                "description": "Hematology laboratory test"
              },
              {
                "id": "act_8",
                "name": "Clinical chemistry",
                "instanceType": "Activity",
                "description": "Clinical chemistry laboratory test"
              },
              {
                "id": "act_9",
                "name": "Lipid panel",
                "instanceType": "Activity",
                "description": "Lipid panel - Fasting samples are preferred, but if participant is nonfasting at time of collection, this is not a protocol deviation"
              },
              {
                "id": "act_10",
                "name": "Urinalysis",
                "instanceType": "Activity",
                "description": "Urinalysis laboratory test"
              },
              {
                "id": "act_11",
                "name": "Urine pregnancy (local)",
                "instanceType": "Activity",
                "description": "Perform only for women of childbearing potential and women with a history of tubal ligation. At dosing visits which have pregnancy testing, the pregnancy test result must be confirmed to be negative prior to dosing. Pregnancy testing may be performed more frequently than designated on the SoA if local laws or regulations require more frequent testing."
              },
              {
                "id": "act_12",
                "name": "HBV DNA",
                "instanceType": "Activity",
                "description": "Only for participants who are positive for anti-HBc at screening"
              },
              {
                "id": "act_13",
                "name": "Pharmacokinetic (PK) samples",
                "instanceType": "Activity",
                "description": "Collect samples before dosing, if dosing is scheduled. Collect additional samples at specified times relative to onset of hypersensitivity events."
              },
              {
                "id": "act_14",
                "name": "Flow cytometry panel",
                "instanceType": "Activity",
                "description": "Flow cytometry panel"
              },
              {
                "id": "act_15",
                "name": "Genetics sample",
                "instanceType": "Activity",
                "description": "Blood sample for DNA pharmacogenetics can be obtained any time at or after V2"
              },
              {
                "id": "act_16",
                "name": "Endoscopy",
                "instanceType": "Activity",
                "description": "Flexible sigmoidoscopy is recommended, except for protocol-specified reasons when a colonoscopy should be performed"
              },
              {
                "id": "act_17",
                "name": "Colon biopsy sample collection",
                "instanceType": "Activity",
                "description": "Performed at time of endoscopy. Instructions for collection are provided in the lab manual."
              },
              {
                "id": "act_19",
                "name": "Dosing",
                "instanceType": "Activity",
                "description": "Study drug dosing"
              },
              {
                "id": "act_20",
                "name": "Weight",
                "instanceType": "Activity",
                "description": "Weight measurement"
              },
              {
                "id": "act_21",
                "name": "Vital signs",
                "instanceType": "Activity",
                "description": "Blood pressure, body temperature, and pulse rate. Vital signs should be measured after participant has been sitting for at least 5 minutes."
              },
              {
                "id": "act_22",
                "name": "Symptom-directed physical examination, including assessment for signs and symptoms of tuberculosis (TB), including peripheral lymph nodes",
                "instanceType": "Activity",
                "description": "Symptom-directed physical examination including TB assessment"
              },
              {
                "id": "act_23",
                "name": "12-lead electrocardiogram (ECG)",
                "instanceType": "Activity",
                "description": "Locally performed 12-lead ECG"
              }
            ],
            "encounters": [
              {
                "id": "enc_1",
                "name": "V20 (Week 34)",
                "instanceType": "Encounter",
                "type": {
                  "id": "acbaa7a4-0c74-4862-9636-ae5d9259ab5e",
                  "code": "C99156",
                  "codeSystem": "http://www.cdisc.org",
                  "codeSystemVersion": "2024-09-27",
                  "decode": "Scheduled Visit",
                  "instanceType": "Code"
                },
                "epochId": "epoch_1"
              },
              {
                "id": "enc_2",
                "name": "V21 (Week 36)",
                "instanceType": "Encounter",
                "type": {
                  "id": "ef02a040-3ba7-434c-b2eb-6dcf63ff8597",
                  "code": "C99156",
                  "codeSystem": "http://www.cdisc.org",
                  "codeSystemVersion": "2024-09-27",
                  "decode": "Scheduled Visit",
                  "instanceType": "Code"
                },
                "epochId": "epoch_1"
              },
              {
                "id": "enc_3",
                "name": "V22 (Week 38)",
                "instanceType": "Encounter",
                "type": {
                  "id": "11da003b-b7d2-46c7-8cef-db1ee8f5fddc",
                  "code": "C99156",
                  "codeSystem": "http://www.cdisc.org",
                  "codeSystemVersion": "2024-09-27",
                  "decode": "Scheduled Visit",
                  "instanceType": "Code"
                },
                "epochId": "epoch_1"
              },
              {
                "id": "enc_4",
                "name": "V23 (Week 40)",
                "instanceType": "Encounter",
                "type": {
                  "id": "91509dbd-48b0-43bd-9e30-783c70319fb6",
                  "code": "C99156",
                  "codeSystem": "http://www.cdisc.org",
                  "codeSystemVersion": "2024-09-27",
                  "decode": "Scheduled Visit",
                  "instanceType": "Code"
                },
                "epochId": "epoch_1"
              },
              {
                "id": "enc_5",
                "name": "V24 (Week 42)",
                "instanceType": "Encounter",
                "type": {
                  "id": "8b9b35ac-1d4b-4da7-b269-3b8417c6232b",
                  "code": "C99156",
                  "codeSystem": "http://www.cdisc.org",
                  "codeSystemVersion": "2024-09-27",
                  "decode": "Scheduled Visit",
                  "instanceType": "Code"
                },
                "epochId": "epoch_1"
              },
              {
                "id": "enc_6",
                "name": "V25 (Week 44)",
                "instanceType": "Encounter",
                "type": {
                  "id": "c1319956-fbb7-4be9-942b-4c5c776ab0e5",
                  "code": "C99156",
                  "codeSystem": "http://www.cdisc.org",
                  "codeSystemVersion": "2024-09-27",
                  "decode": "Scheduled Visit",
                  "instanceType": "Code"
                },
                "epochId": "epoch_1"
              },
              {
                "id": "enc_7",
                "name": "V26 (Week 46)",
                "instanceType": "Encounter",
                "type": {
                  "id": "e26d99cf-b82c-4292-aa69-a0fe17b18be4",
                  "code": "C99156",
                  "codeSystem": "http://www.cdisc.org",
                  "codeSystemVersion": "2024-09-27",
                  "decode": "Scheduled Visit",
                  "instanceType": "Code"
                },
                "epochId": "epoch_1"
              },
              {
                "id": "enc_8",
                "name": "V27 (Week 48)",
                "instanceType": "Encounter",
                "type": {
                  "id": "db5f0bc4-c2f5-4ae8-ba9b-c120ea40541a",
                  "code": "C99156",
                  "codeSystem": "http://www.cdisc.org",
                  "codeSystemVersion": "2024-09-27",
                  "decode": "Scheduled Visit",
                  "instanceType": "Code"
                },
                "epochId": "epoch_1"
              },
              {
                "id": "enc_9",
                "name": "V28 (Week 50)",
                "instanceType": "Encounter",
                "type": {
                  "id": "b47b5fc1-0e9d-4289-8c9a-01884b75b72f",
                  "code": "C99156",
                  "codeSystem": "http://www.cdisc.org",
                  "codeSystemVersion": "2024-09-27",
                  "decode": "Scheduled Visit",
                  "instanceType": "Code"
                },
                "epochId": "epoch_1"
              },
              {
                "id": "enc_10",
                "name": "V29 (Week 52) Responders",
                "instanceType": "Encounter",
                "type": {
                  "id": "b135d157-65af-467d-9b85-095285b1447e",
                  "code": "C99156",
                  "codeSystem": "http://www.cdisc.org",
                  "codeSystemVersion": "2024-09-27",
                  "decode": "Scheduled Visit",
                  "instanceType": "Code"
                },
                "epochId": "epoch_1"
              },
              {
                "id": "enc_11",
                "name": "V10 (Week 14)",
                "instanceType": "Encounter",
                "type": {
                  "id": "3e9ceb08-6024-4460-88c1-9c617b7158ee",
                  "code": "C99156",
                  "codeSystem": "http://www.cdisc.org",
                  "codeSystemVersion": "2024-09-27",
                  "decode": "Scheduled Visit",
                  "instanceType": "Code"
                },
                "epochId": "epoch_2"
              },
              {
                "id": "enc_12",
                "name": "V11 (Week 16)",
                "instanceType": "Encounter",
                "type": {
                  "id": "85a249bd-5d9d-42e4-8f00-f73f30ad228e",
                  "code": "C99156",
                  "codeSystem": "http://www.cdisc.org",
                  "codeSystemVersion": "2024-09-27",
                  "decode": "Scheduled Visit",
                  "instanceType": "Code"
                },
                "epochId": "epoch_2"
              },
              {
                "id": "enc_13",
                "name": "V12 (Week 18)",
                "instanceType": "Encounter",
                "type": {
                  "id": "17da54ef-c2ff-496f-ad83-b6052d70e0b2",
                  "code": "C99156",
                  "codeSystem": "http://www.cdisc.org",
                  "codeSystemVersion": "2024-09-27",
                  "decode": "Scheduled Visit",
                  "instanceType": "Code"
                },
                "epochId": "epoch_2"
              },
              {
                "id": "enc_14",
                "name": "V13 (Week 20)",
                "instanceType": "Encounter",
                "type": {
                  "id": "94f4261f-59da-48d6-84a0-e5b97963ab96",
                  "code": "C99156",
                  "codeSystem": "http://www.cdisc.org",
                  "codeSystemVersion": "2024-09-27",
                  "decode": "Scheduled Visit",
                  "instanceType": "Code"
                },
                "epochId": "epoch_2"
              },
              {
                "id": "enc_15",
                "name": "V14 (Week 22)",
                "instanceType": "Encounter",
                "type": {
                  "id": "ed441015-e1ea-4054-81a5-f01137e44422",
                  "code": "C99156",
                  "codeSystem": "http://www.cdisc.org",
                  "codeSystemVersion": "2024-09-27",
                  "decode": "Scheduled Visit",
                  "instanceType": "Code"
                },
                "epochId": "epoch_2"
              },
              {
                "id": "enc_16",
                "name": "V15 (Week 24)",
                "instanceType": "Encounter",
                "type": {
                  "id": "03e1c4f0-d3c4-465a-9df2-ce744da3d891",
                  "code": "C99156",
                  "codeSystem": "http://www.cdisc.org",
                  "codeSystemVersion": "2024-09-27",
                  "decode": "Scheduled Visit",
                  "instanceType": "Code"
                },
                "epochId": "epoch_2"
              },
              {
                "id": "enc_17",
                "name": "V16 (Week 26)",
                "instanceType": "Encounter",
                "type": {
                  "id": "9a178c08-4d4c-42fd-a3d3-1396528be570",
                  "code": "C99156",
                  "codeSystem": "http://www.cdisc.org",
                  "codeSystemVersion": "2024-09-27",
                  "decode": "Scheduled Visit",
                  "instanceType": "Code"
                },
                "epochId": "epoch_2"
              },
              {
                "id": "enc_18",
                "name": "V17 (Week 28)",
                "instanceType": "Encounter",
                "type": {
                  "id": "21619efd-a302-4e10-8bc8-664c207d55a4",
                  "code": "C99156",
                  "codeSystem": "http://www.cdisc.org",
                  "codeSystemVersion": "2024-09-27",
                  "decode": "Scheduled Visit",
                  "instanceType": "Code"
                },
                "epochId": "epoch_2"
              },
              {
                "id": "enc_19",
                "name": "V18 (Week 30)",
                "instanceType": "Encounter",
                "type": {
                  "id": "9281b77d-380a-40e5-8433-b5be38be8876",
                  "code": "C99156",
                  "codeSystem": "http://www.cdisc.org",
                  "codeSystemVersion": "2024-09-27",
                  "decode": "Scheduled Visit",
                  "instanceType": "Code"
                },
                "epochId": "epoch_2"
              },
              {
                "id": "enc_20",
                "name": "V19 (Week 32)",
                "instanceType": "Encounter",
                "type": {
                  "id": "71207749-2a42-40b7-b04f-d6f9eaf8442d",
                  "code": "C99156",
                  "codeSystem": "http://www.cdisc.org",
                  "codeSystemVersion": "2024-09-27",
                  "decode": "Scheduled Visit",
                  "instanceType": "Code"
                },
                "epochId": "epoch_2"
              },
              {
                "id": "enc_21",
                "name": "V20 Nonresponders (Week 34)",
                "instanceType": "Encounter",
                "type": {
                  "id": "9cd41c42-47cf-4c66-b111-a2749f5e66da",
                  "code": "C99156",
                  "codeSystem": "http://www.cdisc.org",
                  "codeSystemVersion": "2024-09-27",
                  "decode": "Scheduled Visit",
                  "instanceType": "Code"
                },
                "epochId": "epoch_2"
              },
              {
                "id": "enc_22",
                "name": "V21 Nonresponders (Week 36)",
                "instanceType": "Encounter",
                "type": {
                  "id": "be553dbe-997a-482b-981a-47155d896fd1",
                  "code": "C99156",
                  "codeSystem": "http://www.cdisc.org",
                  "codeSystemVersion": "2024-09-27",
                  "decode": "Scheduled Visit",
                  "instanceType": "Code"
                },
                "epochId": "epoch_2"
              },
              {
                "id": "enc_23",
                "name": "V22 Nonresponders (Week 38)",
                "instanceType": "Encounter",
                "type": {
                  "id": "d97982bd-d8f6-40fd-9a7b-405fcda1e894",
                  "code": "C99156",
                  "codeSystem": "http://www.cdisc.org",
                  "codeSystemVersion": "2024-09-27",
                  "decode": "Scheduled Visit",
                  "instanceType": "Code"
                },
                "epochId": "epoch_2"
              },
              {
                "id": "enc_24",
                "name": "V23 Nonresponders (Week 40)",
                "instanceType": "Encounter",
                "type": {
                  "id": "d7cbbcd4-b7c7-404b-b99c-b2f167885740",
                  "code": "C99156",
                  "codeSystem": "http://www.cdisc.org",
                  "codeSystemVersion": "2024-09-27",
                  "decode": "Scheduled Visit",
                  "instanceType": "Code"
                },
                "epochId": "epoch_2"
              },
              {
                "id": "enc_25",
                "name": "V24 Nonresponders (Week 42)",
                "instanceType": "Encounter",
                "type": {
                  "id": "e7a59002-df2f-41f3-b7bb-b8e5d380db5a",
                  "code": "C99156",
                  "codeSystem": "http://www.cdisc.org",
                  "codeSystemVersion": "2024-09-27",
                  "decode": "Scheduled Visit",
                  "instanceType": "Code"
                },
                "epochId": "epoch_2"
              },
              {
                "id": "enc_26",
                "name": "V25 Nonresponders (Week 44)",
                "instanceType": "Encounter",
                "type": {
                  "id": "ca4b36fe-fce7-4991-b333-d35237990fdf",
                  "code": "C99156",
                  "codeSystem": "http://www.cdisc.org",
                  "codeSystemVersion": "2024-09-27",
                  "decode": "Scheduled Visit",
                  "instanceType": "Code"
                },
                "epochId": "epoch_2"
              },
              {
                "id": "enc_27",
                "name": "V26 Nonresponders (Week 46)",
                "instanceType": "Encounter",
                "type": {
                  "id": "2c9a20eb-9036-4410-aa8c-141b59039009",
                  "code": "C99156",
                  "codeSystem": "http://www.cdisc.org",
                  "codeSystemVersion": "2024-09-27",
                  "decode": "Scheduled Visit",
                  "instanceType": "Code"
                },
                "epochId": "epoch_2"
              },
              {
                "id": "enc_28",
                "name": "V27 Nonresponders (Week 48)",
                "instanceType": "Encounter",
                "type": {
                  "id": "b26d99b0-5ee8-4de8-bd52-eda6ad7b352b",
                  "code": "C99156",
                  "codeSystem": "http://www.cdisc.org",
                  "codeSystemVersion": "2024-09-27",
                  "decode": "Scheduled Visit",
                  "instanceType": "Code"
                },
                "epochId": "epoch_2"
              },
              {
                "id": "enc_29",
                "name": "V28 Nonresponders (Week 50)",
                "instanceType": "Encounter",
                "type": {
                  "id": "6c274a1b-c45f-4a5b-b548-3ef119aeea39",
                  "code": "C99156",
                  "codeSystem": "http://www.cdisc.org",
                  "codeSystemVersion": "2024-09-27",
                  "decode": "Scheduled Visit",
                  "instanceType": "Code"
                },
                "epochId": "epoch_2"
              },
              {
                "id": "enc_30",
                "name": "V29 Nonresponders (Week 52)",
                "instanceType": "Encounter",
                "type": {
                  "id": "229269d2-c328-4a01-ab2f-0c3b5a19a8fb",
                  "code": "C99156",
                  "codeSystem": "http://www.cdisc.org",
                  "codeSystemVersion": "2024-09-27",
                  "decode": "Scheduled Visit",
                  "instanceType": "Code"
                },
                "epochId": "epoch_2"
              },
              {
                "id": "enc_31",
                "name": "ETV",
                "instanceType": "Encounter",
                "type": {
                  "id": "0b36f5fb-e85d-4661-9474-d7df64628ba7",
                  "code": "C99156",
                  "codeSystem": "http://www.cdisc.org",
                  "codeSystemVersion": "2024-09-27",
                  "decode": "Scheduled Visit",
                  "instanceType": "Code"
                },
                "epochId": "epoch_3"
              },
              {
                "id": "enc_32",
                "name": "V997",
                "instanceType": "Encounter",
                "type": {
                  "id": "6f4a5f96-7d5d-43cb-ac1c-94c06d1fcd80",
                  "code": "C99156",
                  "codeSystem": "http://www.cdisc.org",
                  "codeSystemVersion": "2024-09-27",
                  "decode": "Scheduled Visit",
                  "instanceType": "Code"
                },
                "epochId": "epoch_3"
              },
              {
                "id": "enc_33",
                "name": "V801",
                "instanceType": "Encounter",
                "type": {
                  "id": "6f3006fa-b148-4676-b31c-fec0f2249575",
                  "code": "C99156",
                  "codeSystem": "http://www.cdisc.org",
                  "codeSystemVersion": "2024-09-27",
                  "decode": "Scheduled Visit",
                  "instanceType": "Code"
                },
                "epochId": "epoch_3"
              },
              {
                "id": "enc_34",
                "name": "V802",
                "instanceType": "Encounter",
                "type": {
                  "id": "da1a22cf-d200-4752-b840-db945b952a16",
                  "code": "C99156",
                  "codeSystem": "http://www.cdisc.org",
                  "codeSystemVersion": "2024-09-27",
                  "decode": "Scheduled Visit",
                  "instanceType": "Code"
                },
                "epochId": "epoch_3"
              }
            ],
            "scheduleTimelines": [
              {
                "id": "timeline_1",
                "name": "Main Schedule Timeline",
                "mainTimeline": true,
                "instanceType": "ScheduleTimeline",
                "entryCondition": "Subject enrolled in study",
                "entryId": "47d5c772-16d5-4189-85a8-d677642f5775",
                "instances": [
                  {
                    "id": "47d5c772-16d5-4189-85a8-d677642f5775",
                    "activityIds": [
                      "act_1"
                    ],
                    "instanceType": "ScheduledActivityInstance",
                    "name": "act_1@enc_1",
                    "encounterId": "enc_1"
                  },
                  {
                    "id": "12ca641a-cbdf-4033-9ae8-85bd4f379015",
                    "activityIds": [
                      "act_1"
                    ],
                    "instanceType": "ScheduledActivityInstance",
                    "name": "act_1@enc_2",
                    "encounterId": "enc_2"
                  },
                  {
                    "id": "ba09c97b-eb6e-43b0-905a-99416005d79a",
                    "activityIds": [
                      "act_1"
                    ],
                    "instanceType": "ScheduledActivityInstance",
                    "name": "act_1@enc_3",
                    "encounterId": "enc_3"
                  },
                  {
                    "id": "04f4bc3e-c863-467e-b61b-4f28d43e1ac9",
                    "activityIds": [
                      "act_1"
                    ],
                    "instanceType": "ScheduledActivityInstance",
                    "name": "act_1@enc_4",
                    "encounterId": "enc_4"
                  },
                  {
                    "id": "82fbec7f-bc60-4aaa-ab63-cef6eb5643b4",
                    "activityIds": [
                      "act_1"
                    ],
                    "instanceType": "ScheduledActivityInstance",
                    "name": "act_1@enc_5",
                    "encounterId": "enc_5"
                  },
                  {
                    "id": "d94cd819-f98c-45f9-b6c4-d812edf994ae",
                    "activityIds": [
                      "act_1"
                    ],
                    "instanceType": "ScheduledActivityInstance",
                    "name": "act_1@enc_6",
                    "encounterId": "enc_6"
                  },
                  {
                    "id": "e0f76eef-56f7-4c81-8848-1b16e3413373",
                    "activityIds": [
                      "act_1"
                    ],
                    "instanceType": "ScheduledActivityInstance",
                    "name": "act_1@enc_7",
                    "encounterId": "enc_7"
                  },
                  {
                    "id": "659920a2-6984-4a3f-a381-bc4e02c05097",
                    "activityIds": [
                      "act_1"
                    ],
                    "instanceType": "ScheduledActivityInstance",
                    "name": "act_1@enc_8",
                    "encounterId": "enc_8"
                  },
                  {
                    "id": "c2de9621-42be-4e38-98df-4e0e33e571a5",
                    "activityIds": [
                      "act_1"
                    ],
                    "instanceType": "ScheduledActivityInstance",
                    "name": "act_1@enc_9",
                    "encounterId": "enc_9"
                  },
                  {
                    "id": "42f4944f-eb85-4e60-b6f4-86e134bd11bc",
                    "activityIds": [
                      "act_1"
                    ],
                    "instanceType": "ScheduledActivityInstance",
                    "name": "act_1@enc_10",
                    "encounterId": "enc_10"
                  },
                  {
                    "id": "1fdabf43-bea5-4c24-b899-259cc2a28ce1",
                    "activityIds": [
                      "act_2"
                    ],
                    "instanceType": "ScheduledActivityInstance",
                    "name": "act_2@enc_10",
                    "encounterId": "enc_10"
                  },
                  {
                    "id": "20b33148-a637-4e65-834d-4436a74733ba",
                    "activityIds": [
                      "act_3"
                    ],
                    "instanceType": "ScheduledActivityInstance",
                    "name": "act_3@enc_10",
                    "encounterId": "enc_10"
                  },
                  {
                    "id": "45bf1408-107a-4b44-92df-0fd6d15e32ee",
                    "activityIds": [
                      "act_4"
                    ],
                    "instanceType": "ScheduledActivityInstance",
                    "name": "act_4@enc_10",
                    "encounterId": "enc_10"
                  },
                  {
                    "id": "4e445add-4bcd-409f-acbc-9791a1492ae9",
                    "activityIds": [
                      "act_5"
                    ],
                    "instanceType": "ScheduledActivityInstance",
                    "name": "act_5@enc_10",
                    "encounterId": "enc_10"
                  },
                  {
                    "id": "b94d0be5-4fa8-47a5-b14f-a4b62a0f289b",
                    "activityIds": [
                      "act_6"
                    ],
                    "instanceType": "ScheduledActivityInstance",
                    "name": "act_6@enc_10",
                    "encounterId": "enc_10"
                  },
                  {
                    "id": "99ed024c-f0b9-40be-a440-9e855047fbc5",
                    "activityIds": [
                      "act_7"
                    ],
                    "instanceType": "ScheduledActivityInstance",
                    "name": "act_7@enc_1",
                    "encounterId": "enc_1"
                  },
                  {
                    "id": "ee88f040-6f1c-4fe1-8818-c9b0753b411c",
                    "activityIds": [
                      "act_7"
                    ],
                    "instanceType": "ScheduledActivityInstance",
                    "name": "act_7@enc_3",
                    "encounterId": "enc_3"
                  },
                  {
                    "id": "13c95c8f-2107-4533-9e2c-867b8b98b2af",
                    "activityIds": [
                      "act_7"
                    ],
                    "instanceType": "ScheduledActivityInstance",
                    "name": "act_7@enc_5",
                    "encounterId": "enc_5"
                  },
                  {
                    "id": "93a2cc31-8215-47ba-9faf-a6535f498c72",
                    "activityIds": [
                      "act_7"
                    ],
                    "instanceType": "ScheduledActivityInstance",
                    "name": "act_7@enc_7",
                    "encounterId": "enc_7"
                  },
                  {
                    "id": "5bb9b988-11e7-4963-94c9-b6594cea6bb4",
                    "activityIds": [
                      "act_7"
                    ],
                    "instanceType": "ScheduledActivityInstance",
                    "name": "act_7@enc_9",
                    "encounterId": "enc_9"
                  },
                  {
                    "id": "e7e771b2-bbbf-4899-8ccb-7a42744b96db",
                    "activityIds": [
                      "act_8"
                    ],
                    "instanceType": "ScheduledActivityInstance",
                    "name": "act_8@enc_1",
                    "encounterId": "enc_1"
                  },
                  {
                    "id": "ce4ce08f-5f25-4930-acf7-8c8254d41805",
                    "activityIds": [
                      "act_8"
                    ],
                    "instanceType": "ScheduledActivityInstance",
                    "name": "act_8@enc_3",
                    "encounterId": "enc_3"
                  },
                  {
                    "id": "c137629c-68ac-4bce-82ad-96cf02e1de98",
                    "activityIds": [
                      "act_8"
                    ],
                    "instanceType": "ScheduledActivityInstance",
                    "name": "act_8@enc_5",
                    "encounterId": "enc_5"
                  },
                  {
                    "id": "cc146a22-49b3-4521-a898-3c6e591ea76a",
                    "activityIds": [
                      "act_8"
                    ],
                    "instanceType": "ScheduledActivityInstance",
                    "name": "act_8@enc_7",
                    "encounterId": "enc_7"
                  },
                  {
                    "id": "85c154ec-d247-499c-adb6-e9dc1a561ce2",
                    "activityIds": [
                      "act_8"
                    ],
                    "instanceType": "ScheduledActivityInstance",
                    "name": "act_8@enc_9",
                    "encounterId": "enc_9"
                  },
                  {
                    "id": "09e7d4f2-3d06-47e5-8ff0-6f0c58195f71",
                    "activityIds": [
                      "act_9"
                    ],
                    "instanceType": "ScheduledActivityInstance",
                    "name": "act_9@enc_10",
                    "encounterId": "enc_10"
                  },
                  {
                    "id": "a7a4753a-09ff-46ff-8c1c-ee9145cc8ee8",
                    "activityIds": [
                      "act_10"
                    ],
                    "instanceType": "ScheduledActivityInstance",
                    "name": "act_10@enc_10",
                    "encounterId": "enc_10"
                  },
                  {
                    "id": "508850b4-b77d-40fe-a161-dca5a6d88fd4",
                    "activityIds": [
                      "act_11"
                    ],
                    "instanceType": "ScheduledActivityInstance",
                    "name": "act_11@enc_1",
                    "encounterId": "enc_1"
                  },
                  {
                    "id": "87ad24a2-3a2c-4e31-a0fb-52ea3d93e6f4",
                    "activityIds": [
                      "act_11"
                    ],
                    "instanceType": "ScheduledActivityInstance",
                    "name": "act_11@enc_3",
                    "encounterId": "enc_3"
                  },
                  {
                    "id": "f2c3d365-85b6-423b-9eae-0c6474510f38",
                    "activityIds": [
                      "act_11"
                    ],
                    "instanceType": "ScheduledActivityInstance",
                    "name": "act_11@enc_5",
                    "encounterId": "enc_5"
                  },
                  {
                    "id": "093b10fa-5b38-4ccd-814c-559c1489a20d",
                    "activityIds": [
                      "act_11"
                    ],
                    "instanceType": "ScheduledActivityInstance",
                    "name": "act_11@enc_7",
                    "encounterId": "enc_7"
                  },
                  {
                    "id": "72af4b40-ca38-4c96-8b31-0dc64dcca78f",
                    "activityIds": [
                      "act_11"
                    ],
                    "instanceType": "ScheduledActivityInstance",
                    "name": "act_11@enc_9",
                    "encounterId": "enc_9"
                  },
                  {
                    "id": "68d598bc-fbe4-4172-b821-27d9ec2539a8",
                    "activityIds": [
                      "act_11"
                    ],
                    "instanceType": "ScheduledActivityInstance",
                    "name": "act_11@enc_10",
                    "encounterId": "enc_10"
                  },
                  {
                    "id": "eadf2f86-91c8-462a-833b-bd352377aa38",
                    "activityIds": [
                      "act_12"
                    ],
                    "instanceType": "ScheduledActivityInstance",
                    "name": "act_12@enc_5",
                    "encounterId": "enc_5"
                  },
                  {
                    "id": "ecded9b1-ec31-4982-b637-e8ba63292d71",
                    "activityIds": [
                      "act_12"
                    ],
                    "instanceType": "ScheduledActivityInstance",
                    "name": "act_12@enc_10",
                    "encounterId": "enc_10"
                  },
                  {
                    "id": "9974d248-a6ae-4793-82ff-2d22c200e12f",
                    "activityIds": [
                      "act_13"
                    ],
                    "instanceType": "ScheduledActivityInstance",
                    "name": "act_13@enc_1",
                    "encounterId": "enc_1"
                  },
                  {
                    "id": "b609c3b2-49de-4d39-b53b-3e4271e49cbe",
                    "activityIds": [
                      "act_13"
                    ],
                    "instanceType": "ScheduledActivityInstance",
                    "name": "act_13@enc_5",
                    "encounterId": "enc_5"
                  },
                  {
                    "id": "49b05eb4-5fd5-4203-b911-88e35a774480",
                    "activityIds": [
                      "act_13"
                    ],
                    "instanceType": "ScheduledActivityInstance",
                    "name": "act_13@enc_10",
                    "encounterId": "enc_10"
                  },
                  {
                    "id": "b3bd66f3-e671-4eb7-8033-ff78ef76c451",
                    "activityIds": [
                      "act_14"
                    ],
                    "instanceType": "ScheduledActivityInstance",
                    "name": "act_14@enc_10",
                    "encounterId": "enc_10"
                  },
                  {
                    "id": "aab7a3dc-de17-4221-a367-606c4ce3e5bb",
                    "activityIds": [
                      "act_15"
                    ],
                    "instanceType": "ScheduledActivityInstance",
                    "name": "act_15@enc_10",
                    "encounterId": "enc_10"
                  },
                  {
                    "id": "5333f374-0aa0-4aa4-aae8-a03756574521",
                    "activityIds": [
                      "act_16"
                    ],
                    "instanceType": "ScheduledActivityInstance",
                    "name": "act_16@enc_10",
                    "encounterId": "enc_10"
                  },
                  {
                    "id": "01013186-d76d-4d03-8529-e33c99b53e63",
                    "activityIds": [
                      "act_17"
                    ],
                    "instanceType": "ScheduledActivityInstance",
                    "name": "act_17@enc_10",
                    "encounterId": "enc_10"
                  },
                  {
                    "id": "80d6bde6-d5f9-4158-b4d9-369ff0f5295c",
                    "activityIds": [
                      "act_18"
                    ],
                    "instanceType": "ScheduledActivityInstance",
                    "name": "act_18@enc_1",
                    "encounterId": "enc_1"
                  },
                  {
                    "id": "8e98c151-d482-4886-b0ce-17720f44db10",
                    "activityIds": [
                      "act_18"
                    ],
                    "instanceType": "ScheduledActivityInstance",
                    "name": "act_18@enc_5",
                    "encounterId": "enc_5"
                  },
                  {
                    "id": "334984c4-2c21-44af-9a15-8fbce971a9a4",
                    "activityIds": [
                      "act_18"
                    ],
                    "instanceType": "ScheduledActivityInstance",
                    "name": "act_18@enc_7",
                    "encounterId": "enc_7"
                  },
                  {
                    "id": "f0706b65-7e81-4532-ac15-be34a4d55046",
                    "activityIds": [
                      "act_18"
                    ],
                    "instanceType": "ScheduledActivityInstance",
                    "name": "act_18@enc_10",
                    "encounterId": "enc_10"
                  },
                  {
                    "id": "27b2f279-93a3-4d1d-b247-ff58e7cc0730",
                    "activityIds": [
                      "act_19"
                    ],
                    "instanceType": "ScheduledActivityInstance",
                    "name": "act_19@enc_1",
                    "encounterId": "enc_1"
                  },
                  {
                    "id": "953fd555-79f3-44bd-972c-8a748b35078f",
                    "activityIds": [
                      "act_19"
                    ],
                    "instanceType": "ScheduledActivityInstance",
                    "name": "act_19@enc_2",
                    "encounterId": "enc_2"
                  },
                  {
                    "id": "ee2b4247-ca0a-4aba-807d-791fe8f34e4b",
                    "activityIds": [
                      "act_19"
                    ],
                    "instanceType": "ScheduledActivityInstance",
                    "name": "act_19@enc_3",
                    "encounterId": "enc_3"
                  },
                  {
                    "id": "a15d2e44-24f5-48ce-bcf1-1bee043ddf83",
                    "activityIds": [
                      "act_19"
                    ],
                    "instanceType": "ScheduledActivityInstance",
                    "name": "act_19@enc_4",
                    "encounterId": "enc_4"
                  },
                  {
                    "id": "6ed6d7fa-da4e-4456-b4b2-bc308295f3ef",
                    "activityIds": [
                      "act_19"
                    ],
                    "instanceType": "ScheduledActivityInstance",
                    "name": "act_19@enc_5",
                    "encounterId": "enc_5"
                  },
                  {
                    "id": "dd234622-2819-4a00-83ca-e8812d5e38ea",
                    "activityIds": [
                      "act_19"
                    ],
                    "instanceType": "ScheduledActivityInstance",
                    "name": "act_19@enc_6",
                    "encounterId": "enc_6"
                  },
                  {
                    "id": "096a3909-358b-408c-b214-dbd4cc542d53",
                    "activityIds": [
                      "act_19"
                    ],
                    "instanceType": "ScheduledActivityInstance",
                    "name": "act_19@enc_7",
                    "encounterId": "enc_7"
                  },
                  {
                    "id": "786c4709-1963-4831-aedc-6f2b5a94dc41",
                    "activityIds": [
                      "act_19"
                    ],
                    "instanceType": "ScheduledActivityInstance",
                    "name": "act_19@enc_8",
                    "encounterId": "enc_8"
                  },
                  {
                    "id": "1d428ff3-1c9d-4642-8ac2-010fa6ef65f5",
                    "activityIds": [
                      "act_19"
                    ],
                    "instanceType": "ScheduledActivityInstance",
                    "name": "act_19@enc_9",
                    "encounterId": "enc_9"
                  },
                  {
                    "id": "63668a99-d0d3-4e82-ad46-fd786892f5ad",
                    "activityIds": [
                      "act_1"
                    ],
                    "instanceType": "ScheduledActivityInstance",
                    "name": "act_1@enc_11",
                    "encounterId": "enc_11"
                  },
                  {
                    "id": "2f143421-c129-41c0-bacb-d4516d094fba",
                    "activityIds": [
                      "act_1"
                    ],
                    "instanceType": "ScheduledActivityInstance",
                    "name": "act_1@enc_12",
                    "encounterId": "enc_12"
                  },
                  {
                    "id": "16abe8ee-a7a6-4c13-9b11-a7db4cc6186c",
                    "activityIds": [
                      "act_1"
                    ],
                    "instanceType": "ScheduledActivityInstance",
                    "name": "act_1@enc_13",
                    "encounterId": "enc_13"
                  },
                  {
                    "id": "27cf993e-7f87-4f5f-ac3c-9ce85601dd69",
                    "activityIds": [
                      "act_1"
                    ],
                    "instanceType": "ScheduledActivityInstance",
                    "name": "act_1@enc_14",
                    "encounterId": "enc_14"
                  },
                  {
                    "id": "5d2e6273-8039-43b6-b63a-3a06fbcfe7bd",
                    "activityIds": [
                      "act_1"
                    ],
                    "instanceType": "ScheduledActivityInstance",
                    "name": "act_1@enc_15",
                    "encounterId": "enc_15"
                  },
                  {
                    "id": "079db98a-b459-4956-b053-7a21c8fa2ad9",
                    "activityIds": [
                      "act_1"
                    ],
                    "instanceType": "ScheduledActivityInstance",
                    "name": "act_1@enc_16",
                    "encounterId": "enc_16"
                  },
                  {
                    "id": "ed51ba56-0094-4e9d-a1ae-e48501e3fd5c",
                    "activityIds": [
                      "act_1"
                    ],
                    "instanceType": "ScheduledActivityInstance",
                    "name": "act_1@enc_17",
                    "encounterId": "enc_17"
                  },
                  {
                    "id": "02ac3ca0-05be-4446-acad-c94d4aae2b56",
                    "activityIds": [
                      "act_1"
                    ],
                    "instanceType": "ScheduledActivityInstance",
                    "name": "act_1@enc_18",
                    "encounterId": "enc_18"
                  },
                  {
                    "id": "f59450ef-e214-4c08-bed3-6819b20985b8",
                    "activityIds": [
                      "act_1"
                    ],
                    "instanceType": "ScheduledActivityInstance",
                    "name": "act_1@enc_19",
                    "encounterId": "enc_19"
                  },
                  {
                    "id": "497b00c6-a185-4fc2-aaa6-9f47f6212ad9",
                    "activityIds": [
                      "act_1"
                    ],
                    "instanceType": "ScheduledActivityInstance",
                    "name": "act_1@enc_20",
                    "encounterId": "enc_20"
                  },
                  {
                    "id": "50d2749b-5a57-46d4-8666-2a5a4f3d0dbb",
                    "activityIds": [
                      "act_1"
                    ],
                    "instanceType": "ScheduledActivityInstance",
                    "name": "act_1@enc_21",
                    "encounterId": "enc_21"
                  },
                  {
                    "id": "f812dcec-fb52-4108-99f3-c7edaf4fae20",
                    "activityIds": [
                      "act_1"
                    ],
                    "instanceType": "ScheduledActivityInstance",
                    "name": "act_1@enc_22",
                    "encounterId": "enc_22"
                  },
                  {
                    "id": "ae1671fd-1fe5-47a5-88ed-0f271145a832",
                    "activityIds": [
                      "act_1"
                    ],
                    "instanceType": "ScheduledActivityInstance",
                    "name": "act_1@enc_23",
                    "encounterId": "enc_23"
                  },
                  {
                    "id": "39dbda5a-7dd5-49c6-a8b6-cb97c2520bb2",
                    "activityIds": [
                      "act_1"
                    ],
                    "instanceType": "ScheduledActivityInstance",
                    "name": "act_1@enc_24",
                    "encounterId": "enc_24"
                  },
                  {
                    "id": "f201448f-906d-4159-8641-39cd3cd5bab0",
                    "activityIds": [
                      "act_1"
                    ],
                    "instanceType": "ScheduledActivityInstance",
                    "name": "act_1@enc_25",
                    "encounterId": "enc_25"
                  },
                  {
                    "id": "2fc1448a-d504-44c3-869a-c070a35df02e",
                    "activityIds": [
                      "act_1"
                    ],
                    "instanceType": "ScheduledActivityInstance",
                    "name": "act_1@enc_26",
                    "encounterId": "enc_26"
                  },
                  {
                    "id": "47a7d228-d21b-4742-8ceb-b9e9a5fdf130",
                    "activityIds": [
                      "act_1"
                    ],
                    "instanceType": "ScheduledActivityInstance",
                    "name": "act_1@enc_27",
                    "encounterId": "enc_27"
                  },
                  {
                    "id": "15f16885-5107-40ab-9ce6-7a2c04dd8a72",
                    "activityIds": [
                      "act_1"
                    ],
                    "instanceType": "ScheduledActivityInstance",
                    "name": "act_1@enc_28",
                    "encounterId": "enc_28"
                  },
                  {
                    "id": "15370d2c-ed93-4f4e-a437-4ffba438af13",
                    "activityIds": [
                      "act_1"
                    ],
                    "instanceType": "ScheduledActivityInstance",
                    "name": "act_1@enc_29",
                    "encounterId": "enc_29"
                  },
                  {
                    "id": "715c5c2e-b0a8-4aaf-b621-a971807b6644",
                    "activityIds": [
                      "act_1"
                    ],
                    "instanceType": "ScheduledActivityInstance",
                    "name": "act_1@enc_30",
                    "encounterId": "enc_30"
                  },
                  {
                    "id": "44b3af94-2ffa-406f-8f6a-a7bf95962023",
                    "activityIds": [
                      "act_2"
                    ],
                    "instanceType": "ScheduledActivityInstance",
                    "name": "act_2@enc_30",
                    "encounterId": "enc_30"
                  },
                  {
                    "id": "159fa312-59d8-49fb-ba5f-8498cc34d86f",
                    "activityIds": [
                      "act_3"
                    ],
                    "instanceType": "ScheduledActivityInstance",
                    "name": "act_3@enc_16",
                    "encounterId": "enc_16"
                  },
                  {
                    "id": "205ec25e-1f41-41bc-8266-c335803f4592",
                    "activityIds": [
                      "act_3"
                    ],
                    "instanceType": "ScheduledActivityInstance",
                    "name": "act_3@enc_30",
                    "encounterId": "enc_30"
                  },
                  {
                    "id": "a1ba6944-75bb-4183-b7f6-1a82bfefa9eb",
                    "activityIds": [
                      "act_4"
                    ],
                    "instanceType": "ScheduledActivityInstance",
                    "name": "act_4@enc_16",
                    "encounterId": "enc_16"
                  },
                  {
                    "id": "fe7ed45f-fa3c-4715-bbf0-0d6cbc1cad9f",
                    "activityIds": [
                      "act_4"
                    ],
                    "instanceType": "ScheduledActivityInstance",
                    "name": "act_4@enc_30",
                    "encounterId": "enc_30"
                  },
                  {
                    "id": "2caf3494-824c-4338-a4fb-bb57117fed11",
                    "activityIds": [
                      "act_5"
                    ],
                    "instanceType": "ScheduledActivityInstance",
                    "name": "act_5@enc_16",
                    "encounterId": "enc_16"
                  },
                  {
                    "id": "4d6035d0-8f37-4fc1-8a68-b0ae2df4cfa4",
                    "activityIds": [
                      "act_5"
                    ],
                    "instanceType": "ScheduledActivityInstance",
                    "name": "act_5@enc_30",
                    "encounterId": "enc_30"
                  },
                  {
                    "id": "426968e6-f7e1-4040-b73f-ca4da50e25ce",
                    "activityIds": [
                      "act_6"
                    ],
                    "instanceType": "ScheduledActivityInstance",
                    "name": "act_6@enc_16",
                    "encounterId": "enc_16"
                  },
                  {
                    "id": "4698bb7e-ba36-47e2-a3b1-ebdeb6132981",
                    "activityIds": [
                      "act_6"
                    ],
                    "instanceType": "ScheduledActivityInstance",
                    "name": "act_6@enc_30",
                    "encounterId": "enc_30"
                  },
                  {
                    "id": "67f8ee41-70e4-408d-b888-ba783ad9fa4a",
                    "activityIds": [
                      "act_7"
                    ],
                    "instanceType": "ScheduledActivityInstance",
                    "name": "act_7@enc_21",
                    "encounterId": "enc_21"
                  },
                  {
                    "id": "5758152c-e52a-4dd5-802c-f016afc0ad5d",
                    "activityIds": [
                      "act_7"
                    ],
                    "instanceType": "ScheduledActivityInstance",
                    "name": "act_7@enc_23",
                    "encounterId": "enc_23"
                  },
                  {
                    "id": "f0294c94-6dae-4e84-9150-951f5e99d40c",
                    "activityIds": [
                      "act_7"
                    ],
                    "instanceType": "ScheduledActivityInstance",
                    "name": "act_7@enc_25",
                    "encounterId": "enc_25"
                  },
                  {
                    "id": "44a26598-ed30-4082-b416-7f545b7d29ef",
                    "activityIds": [
                      "act_7"
                    ],
                    "instanceType": "ScheduledActivityInstance",
                    "name": "act_7@enc_27",
                    "encounterId": "enc_27"
                  },
                  {
                    "id": "c9d7d463-ae1b-46fe-993e-22a3c0dc0bfd",
                    "activityIds": [
                      "act_7"
                    ],
                    "instanceType": "ScheduledActivityInstance",
                    "name": "act_7@enc_29",
                    "encounterId": "enc_29"
                  },
                  {
                    "id": "76471f76-eb4e-4648-8d8c-d0a7a2dce936",
                    "activityIds": [
                      "act_7"
                    ],
                    "instanceType": "ScheduledActivityInstance",
                    "name": "act_7@enc_30",
                    "encounterId": "enc_30"
                  },
                  {
                    "id": "7dab66e4-b5e2-45cb-94fc-bfbccd02e277",
                    "activityIds": [
                      "act_8"
                    ],
                    "instanceType": "ScheduledActivityInstance",
                    "name": "act_8@enc_21",
                    "encounterId": "enc_21"
                  },
                  {
                    "id": "bf9d63b9-894e-4fa8-a40d-89cbcc0e4751",
                    "activityIds": [
                      "act_8"
                    ],
                    "instanceType": "ScheduledActivityInstance",
                    "name": "act_8@enc_23",
                    "encounterId": "enc_23"
                  },
                  {
                    "id": "001fc50f-9905-4f17-bd94-6592e610d83e",
                    "activityIds": [
                      "act_8"
                    ],
                    "instanceType": "ScheduledActivityInstance",
                    "name": "act_8@enc_25",
                    "encounterId": "enc_25"
                  },
                  {
                    "id": "037a2b2f-4cb9-4fc0-887e-570dfdae3f9f",
                    "activityIds": [
                      "act_8"
                    ],
                    "instanceType": "ScheduledActivityInstance",
                    "name": "act_8@enc_27",
                    "encounterId": "enc_27"
                  },
                  {
                    "id": "cd9f92b3-8963-49ed-b720-bbdb10c6899f",
                    "activityIds": [
                      "act_8"
                    ],
                    "instanceType": "ScheduledActivityInstance",
                    "name": "act_8@enc_29",
                    "encounterId": "enc_29"
                  },
                  {
                    "id": "739e73cd-99f3-42c8-a654-4e71b2351407",
                    "activityIds": [
                      "act_8"
                    ],
                    "instanceType": "ScheduledActivityInstance",
                    "name": "act_8@enc_30",
                    "encounterId": "enc_30"
                  },
                  {
                    "id": "b0021174-2f89-44ae-b3b7-fa903f0ca2f1",
                    "activityIds": [
                      "act_9"
                    ],
                    "instanceType": "ScheduledActivityInstance",
                    "name": "act_9@enc_30",
                    "encounterId": "enc_30"
                  },
                  {
                    "id": "4a1e623d-c9f7-4e7f-a8ad-b97c36a92d35",
                    "activityIds": [
                      "act_10"
                    ],
                    "instanceType": "ScheduledActivityInstance",
                    "name": "act_10@enc_30",
                    "encounterId": "enc_30"
                  },
                  {
                    "id": "e4025bfe-1662-4633-8197-5c1d4c05a05e",
                    "activityIds": [
                      "act_11"
                    ],
                    "instanceType": "ScheduledActivityInstance",
                    "name": "act_11@enc_21",
                    "encounterId": "enc_21"
                  },
                  {
                    "id": "e1ca4252-d5ec-4f4f-acd3-05d31377ee1e",
                    "activityIds": [
                      "act_11"
                    ],
                    "instanceType": "ScheduledActivityInstance",
                    "name": "act_11@enc_23",
                    "encounterId": "enc_23"
                  },
                  {
                    "id": "567ad217-6589-4257-aa6c-24f2f7da7ff4",
                    "activityIds": [
                      "act_11"
                    ],
                    "instanceType": "ScheduledActivityInstance",
                    "name": "act_11@enc_25",
                    "encounterId": "enc_25"
                  },
                  {
                    "id": "ccb3428a-2561-4ae3-a3d7-43de7a82f3be",
                    "activityIds": [
                      "act_11"
                    ],
                    "instanceType": "ScheduledActivityInstance",
                    "name": "act_11@enc_27",
                    "encounterId": "enc_27"
                  },
                  {
                    "id": "1cc8d338-16cb-411f-a1f0-f14e738175c1",
                    "activityIds": [
                      "act_11"
                    ],
                    "instanceType": "ScheduledActivityInstance",
                    "name": "act_11@enc_29",
                    "encounterId": "enc_29"
                  },
                  {
                    "id": "ad493dc0-089a-48aa-926e-115c55883772",
                    "activityIds": [
                      "act_11"
                    ],
                    "instanceType": "ScheduledActivityInstance",
                    "name": "act_11@enc_30",
                    "encounterId": "enc_30"
                  },
                  {
                    "id": "dff77a10-af21-4994-95a4-4be335bab8b2",
                    "activityIds": [
                      "act_12"
                    ],
                    "instanceType": "ScheduledActivityInstance",
                    "name": "act_12@enc_25",
                    "encounterId": "enc_25"
                  },
                  {
                    "id": "a642f250-687c-4812-ab18-977611615bc6",
                    "activityIds": [
                      "act_12"
                    ],
                    "instanceType": "ScheduledActivityInstance",
                    "name": "act_12@enc_30",
                    "encounterId": "enc_30"
                  },
                  {
                    "id": "5bb02514-1747-48ae-ad9c-7a832dcf33d4",
                    "activityIds": [
                      "act_13"
                    ],
                    "instanceType": "ScheduledActivityInstance",
                    "name": "act_13@enc_21",
                    "encounterId": "enc_21"
                  },
                  {
                    "id": "4bcc92ca-ef55-4232-ad00-177c0cdf7164",
                    "activityIds": [
                      "act_13"
                    ],
                    "instanceType": "ScheduledActivityInstance",
                    "name": "act_13@enc_25",
                    "encounterId": "enc_25"
                  },
                  {
                    "id": "432caf58-1fdc-422a-9c80-cedcc4fcb0d2",
                    "activityIds": [
                      "act_13"
                    ],
                    "instanceType": "ScheduledActivityInstance",
                    "name": "act_13@enc_30",
                    "encounterId": "enc_30"
                  },
                  {
                    "id": "99284a57-f87e-4b9a-95ca-6631094d3c8c",
                    "activityIds": [
                      "act_14"
                    ],
                    "instanceType": "ScheduledActivityInstance",
                    "name": "act_14@enc_30",
                    "encounterId": "enc_30"
                  },
                  {
                    "id": "ea4872cd-0751-4615-8276-03ad9de4da90",
                    "activityIds": [
                      "act_15"
                    ],
                    "instanceType": "ScheduledActivityInstance",
                    "name": "act_15@enc_30",
                    "encounterId": "enc_30"
                  },
                  {
                    "id": "e09a1121-a76f-475d-99d5-69f796942231",
                    "activityIds": [
                      "act_16"
                    ],
                    "instanceType": "ScheduledActivityInstance",
                    "name": "act_16@enc_30",
                    "encounterId": "enc_30"
                  },
                  {
                    "id": "3917edae-6127-4125-8125-283fb15d741d",
                    "activityIds": [
                      "act_17"
                    ],
                    "instanceType": "ScheduledActivityInstance",
                    "name": "act_17@enc_30",
                    "encounterId": "enc_30"
                  },
                  {
                    "id": "a2be483d-cb5e-4906-a328-f08fb6c4c026",
                    "activityIds": [
                      "act_18"
                    ],
                    "instanceType": "ScheduledActivityInstance",
                    "name": "act_18@enc_21",
                    "encounterId": "enc_21"
                  },
                  {
                    "id": "f7bf583a-637f-4ca6-b057-953016ec0708",
                    "activityIds": [
                      "act_18"
                    ],
                    "instanceType": "ScheduledActivityInstance",
                    "name": "act_18@enc_25",
                    "encounterId": "enc_25"
                  },
                  {
                    "id": "41314bb0-187d-4ead-ab4a-f8509f88c201",
                    "activityIds": [
                      "act_18"
                    ],
                    "instanceType": "ScheduledActivityInstance",
                    "name": "act_18@enc_27",
                    "encounterId": "enc_27"
                  },
                  {
                    "id": "22a48a25-dc03-40e1-83d0-5d9bc77e9bb2",
                    "activityIds": [
                      "act_18"
                    ],
                    "instanceType": "ScheduledActivityInstance",
                    "name": "act_18@enc_30",
                    "encounterId": "enc_30"
                  },
                  {
                    "id": "773ce589-e2d1-44c0-8d05-0a27c2bb2071",
                    "activityIds": [
                      "act_19"
                    ],
                    "instanceType": "ScheduledActivityInstance",
                    "name": "act_19@enc_21",
                    "encounterId": "enc_21"
                  },
                  {
                    "id": "7b904fe7-476a-41b1-aedb-afb467c10750",
                    "activityIds": [
                      "act_19"
                    ],
                    "instanceType": "ScheduledActivityInstance",
                    "name": "act_19@enc_22",
                    "encounterId": "enc_22"
                  },
                  {
                    "id": "875ed0ff-1280-4fcc-a42a-3e919e60f674",
                    "activityIds": [
                      "act_19"
                    ],
                    "instanceType": "ScheduledActivityInstance",
                    "name": "act_19@enc_23",
                    "encounterId": "enc_23"
                  },
                  {
                    "id": "4dbd91c6-9d09-4814-bbde-b8a645aef380",
                    "activityIds": [
                      "act_19"
                    ],
                    "instanceType": "ScheduledActivityInstance",
                    "name": "act_19@enc_24",
                    "encounterId": "enc_24"
                  },
                  {
                    "id": "f69b2416-9bf4-4d3b-ab31-9c53bbe8be5c",
                    "activityIds": [
                      "act_19"
                    ],
                    "instanceType": "ScheduledActivityInstance",
                    "name": "act_19@enc_25",
                    "encounterId": "enc_25"
                  },
                  {
                    "id": "797e1dab-11d3-42bc-953a-3e687aec34c0",
                    "activityIds": [
                      "act_19"
                    ],
                    "instanceType": "ScheduledActivityInstance",
                    "name": "act_19@enc_26",
                    "encounterId": "enc_26"
                  },
                  {
                    "id": "f9efeff3-5103-4ba5-b497-d9be080a469b",
                    "activityIds": [
                      "act_19"
                    ],
                    "instanceType": "ScheduledActivityInstance",
                    "name": "act_19@enc_27",
                    "encounterId": "enc_27"
                  },
                  {
                    "id": "e08975f2-7fcd-4e8d-bece-7afc46104972",
                    "activityIds": [
                      "act_19"
                    ],
                    "instanceType": "ScheduledActivityInstance",
                    "name": "act_19@enc_28",
                    "encounterId": "enc_28"
                  },
                  {
                    "id": "64521738-f9c1-4561-b73b-ea64e8f52811",
                    "activityIds": [
                      "act_19"
                    ],
                    "instanceType": "ScheduledActivityInstance",
                    "name": "act_19@enc_29",
                    "encounterId": "enc_29"
                  },
                  {
                    "id": "407091d7-5032-4a0b-8202-f9cfc6a2593f",
                    "activityIds": [
                      "act_20"
                    ],
                    "instanceType": "ScheduledActivityInstance",
                    "name": "act_20@enc_16",
                    "encounterId": "enc_16"
                  },
                  {
                    "id": "49c1d098-2808-4137-b870-34a6e510eb51",
                    "activityIds": [
                      "act_20"
                    ],
                    "instanceType": "ScheduledActivityInstance",
                    "name": "act_20@enc_30",
                    "encounterId": "enc_30"
                  },
                  {
                    "id": "a6f95ce0-876f-4559-b69b-477659285918",
                    "activityIds": [
                      "act_21"
                    ],
                    "instanceType": "ScheduledActivityInstance",
                    "name": "act_21@enc_11",
                    "encounterId": "enc_11"
                  },
                  {
                    "id": "88b28e13-6d50-4d25-9554-2a247a4aa887",
                    "activityIds": [
                      "act_21"
                    ],
                    "instanceType": "ScheduledActivityInstance",
                    "name": "act_21@enc_12",
                    "encounterId": "enc_12"
                  },
                  {
                    "id": "542d2a80-d287-460d-95c4-bfa0b5013e39",
                    "activityIds": [
                      "act_21"
                    ],
                    "instanceType": "ScheduledActivityInstance",
                    "name": "act_21@enc_13",
                    "encounterId": "enc_13"
                  },
                  {
                    "id": "3c025aa2-a9ac-4853-8a4c-1037a8a4070b",
                    "activityIds": [
                      "act_21"
                    ],
                    "instanceType": "ScheduledActivityInstance",
                    "name": "act_21@enc_14",
                    "encounterId": "enc_14"
                  },
                  {
                    "id": "cf88bd1b-22ff-4440-ab18-a4be78659a5e",
                    "activityIds": [
                      "act_21"
                    ],
                    "instanceType": "ScheduledActivityInstance",
                    "name": "act_21@enc_15",
                    "encounterId": "enc_15"
                  },
                  {
                    "id": "7e3249d3-7f0a-4f51-bbc4-d201ebc81d85",
                    "activityIds": [
                      "act_21"
                    ],
                    "instanceType": "ScheduledActivityInstance",
                    "name": "act_21@enc_16",
                    "encounterId": "enc_16"
                  },
                  {
                    "id": "884cf265-c4b6-4df6-9acd-999d993b0965",
                    "activityIds": [
                      "act_21"
                    ],
                    "instanceType": "ScheduledActivityInstance",
                    "name": "act_21@enc_17",
                    "encounterId": "enc_17"
                  },
                  {
                    "id": "46a86bf8-2518-44cd-9048-68987f46b204",
                    "activityIds": [
                      "act_21"
                    ],
                    "instanceType": "ScheduledActivityInstance",
                    "name": "act_21@enc_18",
                    "encounterId": "enc_18"
                  },
                  {
                    "id": "d83d7d31-ef4a-4a5b-b7e5-8c8ad13c7f02",
                    "activityIds": [
                      "act_21"
                    ],
                    "instanceType": "ScheduledActivityInstance",
                    "name": "act_21@enc_19",
                    "encounterId": "enc_19"
                  },
                  {
                    "id": "237700d8-4392-4199-8de0-7025ef94b260",
                    "activityIds": [
                      "act_21"
                    ],
                    "instanceType": "ScheduledActivityInstance",
                    "name": "act_21@enc_20",
                    "encounterId": "enc_20"
                  },
                  {
                    "id": "028ad6d2-de82-45f8-879e-197566b0c655",
                    "activityIds": [
                      "act_21"
                    ],
                    "instanceType": "ScheduledActivityInstance",
                    "name": "act_21@enc_21",
                    "encounterId": "enc_21"
                  },
                  {
                    "id": "7ecbe0f9-f081-48b0-9a18-f1b76fb1b109",
                    "activityIds": [
                      "act_21"
                    ],
                    "instanceType": "ScheduledActivityInstance",
                    "name": "act_21@enc_22",
                    "encounterId": "enc_22"
                  },
                  {
                    "id": "5cfc53bd-db43-4af8-a801-5fdf51c63073",
                    "activityIds": [
                      "act_21"
                    ],
                    "instanceType": "ScheduledActivityInstance",
                    "name": "act_21@enc_23",
                    "encounterId": "enc_23"
                  },
                  {
                    "id": "c1ca85ce-7486-408a-91e9-f1af0c48ded2",
                    "activityIds": [
                      "act_21"
                    ],
                    "instanceType": "ScheduledActivityInstance",
                    "name": "act_21@enc_24",
                    "encounterId": "enc_24"
                  },
                  {
                    "id": "28597221-9ad0-4dcd-9dcf-c9e143be3b32",
                    "activityIds": [
                      "act_21"
                    ],
                    "instanceType": "ScheduledActivityInstance",
                    "name": "act_21@enc_25",
                    "encounterId": "enc_25"
                  },
                  {
                    "id": "38042e38-37f3-4c86-a258-9405d27d8a15",
                    "activityIds": [
                      "act_21"
                    ],
                    "instanceType": "ScheduledActivityInstance",
                    "name": "act_21@enc_26",
                    "encounterId": "enc_26"
                  },
                  {
                    "id": "7362611d-389d-473f-a179-d3971a8a60f7",
                    "activityIds": [
                      "act_21"
                    ],
                    "instanceType": "ScheduledActivityInstance",
                    "name": "act_21@enc_27",
                    "encounterId": "enc_27"
                  },
                  {
                    "id": "3c5aee7d-aa50-49e5-9f51-05fddc46a1d9",
                    "activityIds": [
                      "act_21"
                    ],
                    "instanceType": "ScheduledActivityInstance",
                    "name": "act_21@enc_28",
                    "encounterId": "enc_28"
                  },
                  {
                    "id": "23513efc-43ca-407d-b69d-66a8090e4ce6",
                    "activityIds": [
                      "act_21"
                    ],
                    "instanceType": "ScheduledActivityInstance",
                    "name": "act_21@enc_29",
                    "encounterId": "enc_29"
                  },
                  {
                    "id": "f01f63c8-3127-4b4d-b8fe-fc77545d70fe",
                    "activityIds": [
                      "act_21"
                    ],
                    "instanceType": "ScheduledActivityInstance",
                    "name": "act_21@enc_30",
                    "encounterId": "enc_30"
                  },
                  {
                    "id": "bafcba2b-5eb5-4214-8209-4e923a5c0746",
                    "activityIds": [
                      "act_22"
                    ],
                    "instanceType": "ScheduledActivityInstance",
                    "name": "act_22@enc_16",
                    "encounterId": "enc_16"
                  },
                  {
                    "id": "b5f06180-750f-4980-8a4b-6d535ebea8d8",
                    "activityIds": [
                      "act_22"
                    ],
                    "instanceType": "ScheduledActivityInstance",
                    "name": "act_22@enc_20",
                    "encounterId": "enc_20"
                  },
                  {
                    "id": "7a129768-b70a-4681-99ae-6a2e87e33145",
                    "activityIds": [
                      "act_22"
                    ],
                    "instanceType": "ScheduledActivityInstance",
                    "name": "act_22@enc_24",
                    "encounterId": "enc_24"
                  },
                  {
                    "id": "26a9ac69-b516-4a66-ade8-f68cb004ff47",
                    "activityIds": [
                      "act_22"
                    ],
                    "instanceType": "ScheduledActivityInstance",
                    "name": "act_22@enc_28",
                    "encounterId": "enc_28"
                  },
                  {
                    "id": "2b7d13aa-9274-4ff5-9d1d-a3230eb55b3e",
                    "activityIds": [
                      "act_22"
                    ],
                    "instanceType": "ScheduledActivityInstance",
                    "name": "act_22@enc_30",
                    "encounterId": "enc_30"
                  },
                  {
                    "id": "2beb185d-4fb8-4474-bd7e-b565e8ee29ce",
                    "activityIds": [
                      "act_23"
                    ],
                    "instanceType": "ScheduledActivityInstance",
                    "name": "act_23@enc_16",
                    "encounterId": "enc_16"
                  },
                  {
                    "id": "e8d5c4b2-9bdb-4a2e-80c7-76db4348635f",
                    "activityIds": [
                      "act_23"
                    ],
                    "instanceType": "ScheduledActivityInstance",
                    "name": "act_23@enc_30",
                    "encounterId": "enc_30"
                  }
                ]
              }
            ],
            "notes": [
              {
                "id": "soa_fn_1",
                "text": "AESIs = adverse event of special interest; anti-HBc = antibody to hepatitis B core antigen; DNA = deoxyribonucleic acid; ETV = early termination visit; HBV = hepatitis B virus; IT = information technology; NRS = numeric rating scale; QIDS-SR16 = 16-Item Quick Inventory of Depressive Symptomatology–Self Report; SoA = schedule of activities; V = visit.",
                "instanceType": "CommentAnnotation"
              },
              {
                "id": "soa_fn_2",
                "text": "V802 is only for randomized participants who were positive for anti-HBc at screening. All other participants will have their final visit at V801 or ETV.",
                "instanceType": "CommentAnnotation"
              },
              {
                "id": "soa_fn_3",
                "text": "V997: Additional study procedures can be performed at the discretion of the investigator.",
                "instanceType": "CommentAnnotation"
              },
              {
                "id": "soa_fn_4",
                "text": "Visits 10 through 28 are eligible to be conducted remotely (that is, by telephone, IT-assisted virtual visit, mobile healthcare, or a combination thereof) if written approval is provided by the sponsor and according to the preferences of the participant and the study site. However, no more than 34 days can elapse without an on-site study visit occurring.",
                "instanceType": "CommentAnnotation"
              },
              {
                "id": "soa_fn_5",
                "text": "V16 procedures may be conducted over more than 1 day as long as all activities are completed within the allowable visit tolerance and all scheduled activities are completed prior to dosing.",
                "instanceType": "CommentAnnotation"
              },
              {
                "id": "soa_fn_6",
                "text": "For procedures at an ETV, see ETV in Table 4.",
                "instanceType": "CommentAnnotation"
              },
              {
                "id": "soa_fn_7",
                "text": "For procedures at an unscheduled visit, see V997 in Table 4.",
                "instanceType": "CommentAnnotation"
              },
              {
                "id": "soa_fn_8",
                "text": "No dosing at V29.",
                "instanceType": "CommentAnnotation"
              },
              {
                "id": "soa_fn_9",
                "text": "No dosing at ETV, V997, or post-treatment follow-up visits.",
                "instanceType": "CommentAnnotation"
              },
              {
                "id": "soa_fn_10",
                "text": "No fasting in this period.",
                "instanceType": "CommentAnnotation"
              }
            ]
          }
        ]
      }
    ]
  }
}