{
  "success": true,
  "enriched": 2,
  "total_entities": 536,
  "by_type": {
    "StudyArm": 2
  },
  "enriched_items": [
    {
      "type": "StudyArm",
      "name": "Experimental Treatment Arm",
      "arm_type": "Experimental Arm",
      "nci_code": "C174266"
    },
    {
      "type": "StudyArm",
      "name": "Placebo Comparator Arm",
      "arm_type": "Placebo Comparator Arm",
      "nci_code": "C174268"
    }
  ],
  "cache_stats": {
    "total_entries": 50,
    "fresh_entries": 50,
    "stale_entries": 0,
    "cache_file": "C:\\Users\\panik\\Documents\\GitHub\\Protcol2USDMv3\\core\\evs_cache\\nci_codes.json"
  }
}