{
  "columnHierarchy": {
    "epochs": [
      {
        "id": "epoch_1",
        "name": "Screening",
        "instanceType": "StudyEpoch",
        "type": {
          "id": "78d2611f-0c02-4604-afb8-b58a68e83fe7",
          "code": "C98779",
          "codeSystem": "http://www.cdisc.org",
          "codeSystemVersion": "2024-09-27",
          "decode": "Screening Epoch",
          "instanceType": "Code"
        }
      },
      {
        "id": "epoch_2",
        "name": "Treatment",
        "instanceType": "StudyEpoch",
        "type": {
          "id": "8398c57b-a6a5-4af0-a8e8-46e718ecf3a8",
          "code": "C98780",
          "codeSystem": "http://www.cdisc.org",
          "codeSystemVersion": "2024-09-27",
          "decode": "Treatment Epoch",
          "instanceType": "Code"
        }
      },
      {
        "id": "epoch_3",
        "name": "Safety Follow-up",
        "instanceType": "StudyEpoch",
        "type": {
          "id": "4e38ed7a-0553-485b-9d46-619d73db0508",
          "code": "C98781",
          "codeSystem": "http://www.cdisc.org",
          "codeSystemVersion": "2024-09-27",
          "decode": "Follow-up Epoch",
          "instanceType": "Code"
        }
      }
    ],
    "encounters": [
      {
        "id": "enc_1",
        "name": "Visit 101",
        "instanceType": "Encounter",
        "type": {
          "id": "6626304e-d8ef-4efd-a60b-49fa99609d2a",
          "code": "C99156",
          "codeSystem": "http://www.cdisc.org",
          "codeSystemVersion": "2024-09-27",
          "decode": "Scheduled Visit",
          "instanceType": "Code"
        },
        "epochId": "epoch_1"
      },
      {
        "id": "enc_2",
        "name": "Visit 102",
        "instanceType": "Encounter",
        "type": {
          "id": "a9f01e03-2be2-4109-b523-4393eeaf85cd",
          "code": "C99156",
          "codeSystem": "http://www.cdisc.org",
          "codeSystemVersion": "2024-09-27",
          "decode": "Scheduled Visit",
          "instanceType": "Code"
        },
        "epochId": "epoch_1"
      },
      {
        "id": "enc_3",
        "name": "Visit 103",
        "instanceType": "Encounter",
        "type": {
          "id": "3e1851a9-61cb-4f51-ac8c-2577cec19ab5",
          "code": "C99156",
          "codeSystem": "http://www.cdisc.org",
          "codeSystemVersion": "2024-09-27",
          "decode": "Scheduled Visit",
          "instanceType": "Code"
        },
        "epochId": "epoch_2"
      },
      {
        "id": "enc_4",
        "name": "Visit 104",
        "instanceType": "Encounter",
        "type": {
          "id": "307c29bc-6329-4ee4-977a-ecee85f6453f",
          "code": "C99156",
          "codeSystem": "http://www.cdisc.org",
          "codeSystemVersion": "2024-09-27",
          "decode": "Scheduled Visit",
          "instanceType": "Code"
        },
        "epochId": "epoch_2"
      },
      {
        "id": "enc_5",
        "name": "Visit 105",
        "instanceType": "Encounter",
        "type": {
          "id": "b5a86af8-8269-4bee-aeed-a60291bad654",
          "code": "C99156",
          "codeSystem": "http://www.cdisc.org",
          "codeSystemVersion": "2024-09-27",
          "decode": "Scheduled Visit",
          "instanceType": "Code"
        },
        "epochId": "epoch_2"
      },
      {
        "id": "enc_6",
        "name": "Visit 106",
        "instanceType": "Encounter",
        "type": {
          "id": "8624aefd-d360-4f31-a5b0-8d5c0e59a0f0",
          "code": "C99156",
          "codeSystem": "http://www.cdisc.org",
          "codeSystemVersion": "2024-09-27",
          "decode": "Scheduled Visit",
          "instanceType": "Code"
        },
        "epochId": "epoch_2"
      },
      {
        "id": "enc_7",
        "name": "Visit 107",
        "instanceType": "Encounter",
        "type": {
          "id": "5a8f19b2-27e2-4e8c-97c4-053a5458b2aa",
          "code": "C99156",
          "codeSystem": "http://www.cdisc.org",
          "codeSystemVersion": "2024-09-27",
          "decode": "Scheduled Visit",
          "instanceType": "Code"
        },
        "epochId": "epoch_2"
      },
      {
        "id": "enc_8",
        "name": "Visit 108",
        "instanceType": "Encounter",
        "type": {
          "id": "4453bd3e-5b8f-4061-a77c-e5e3dc0093a9",
          "code": "C99156",
          "codeSystem": "http://www.cdisc.org",
          "codeSystemVersion": "2024-09-27",
          "decode": "Scheduled Visit",
          "instanceType": "Code"
        },
        "epochId": "epoch_2"
      },
      {
        "id": "enc_9",
        "name": "Visit 109",
        "instanceType": "Encounter",
        "type": {
          "id": "93d1f1d3-fcf4-4bd4-9591-b0c0f6d35bf4",
          "code": "C99156",
          "codeSystem": "http://www.cdisc.org",
          "codeSystemVersion": "2024-09-27",
          "decode": "Scheduled Visit",
          "instanceType": "Code"
        },
        "epochId": "epoch_2"
      },
      {
        "id": "enc_10",
        "name": "Visit 110",
        "instanceType": "Encounter",
        "type": {
          "id": "fdf8ca95-b71d-4731-977c-1ef58a933329",
          "code": "C99156",
          "codeSystem": "http://www.cdisc.org",
          "codeSystemVersion": "2024-09-27",
          "decode": "Scheduled Visit",
          "instanceType": "Code"
        },
        "epochId": "epoch_2"
      },
      {
        "id": "enc_11",
        "name": "Visit 111",
        "instanceType": "Encounter",
        "type": {
          "id": "505845d4-b7d7-4315-bfc8-3ba30f753bcd",
          "code": "C99156",
          "codeSystem": "http://www.cdisc.org",
          "codeSystemVersion": "2024-09-27",
          "decode": "Scheduled Visit",
          "instanceType": "Code"
        },
        "epochId": "epoch_2"
      },
      {
        "id": "enc_12",
        "name": "Visit 112",
        "instanceType": "Encounter",
        "type": {
          "id": "05d2f726-7b8b-4116-9f72-13afd265ba25",
          "code": "C99156",
          "codeSystem": "http://www.cdisc.org",
          "codeSystemVersion": "2024-09-27",
          "decode": "Scheduled Visit",
          "instanceType": "Code"
        },
        "epochId": "epoch_2"
      },
      {
        "id": "enc_13",
        "name": "Visit 113",
        "instanceType": "Encounter",
        "type": {
          "id": "a534ec7b-683f-4e5f-902a-6bd14dbdf57f",
          "code": "C99156",
          "codeSystem": "http://www.cdisc.org",
          "codeSystemVersion": "2024-09-27",
          "decode": "Scheduled Visit",
          "instanceType": "Code"
        },
        "epochId": "epoch_2"
      },
      {
        "id": "enc_14",
        "name": "Visit 114",
        "instanceType": "Encounter",
        "type": {
          "id": "ef9a639f-70f7-4546-9cb6-308370c33264",
          "code": "C99156",
          "codeSystem": "http://www.cdisc.org",
          "codeSystemVersion": "2024-09-27",
          "decode": "Scheduled Visit",
          "instanceType": "Code"
        },
        "epochId": "epoch_2"
      },
      {
        "id": "enc_15",
        "name": "Visit 115",
        "instanceType": "Encounter",
        "type": {
          "id": "801a65a2-02af-4b1a-b0aa-508ed5672a25",
          "code": "C99156",
          "codeSystem": "http://www.cdisc.org",
          "codeSystemVersion": "2024-09-27",
          "decode": "Scheduled Visit",
          "instanceType": "Code"
        },
        "epochId": "epoch_2"
      },
      {
        "id": "enc_16",
        "name": "Visit 116",
        "instanceType": "Encounter",
        "type": {
          "id": "aa7ab3a3-c712-4c30-ae16-350106791267",
          "code": "C99156",
          "codeSystem": "http://www.cdisc.org",
          "codeSystemVersion": "2024-09-27",
          "decode": "Scheduled Visit",
          "instanceType": "Code"
        },
        "epochId": "epoch_2"
      },
      {
        "id": "enc_17",
        "name": "Visit 199*",
        "instanceType": "Encounter",
        "type": {
          "id": "2dcd0c8f-14c8-45c3-9ec3-77f6aa3b6102",
          "code": "C99156",
          "codeSystem": "http://www.cdisc.org",
          "codeSystemVersion": "2024-09-27",
          "decode": "Scheduled Visit",
          "instanceType": "Code"
        },
        "epochId": "epoch_2"
      },
      {
        "id": "enc_18",
        "name": "ED*",
        "instanceType": "Encounter",
        "type": {
          "id": "ff22b73e-f066-4bef-bc6a-8b9c77f84cc2",
          "code": "C99156",
          "codeSystem": "http://www.cdisc.org",
          "codeSystemVersion": "2024-09-27",
          "decode": "Scheduled Visit",
          "instanceType": "Code"
        },
        "epochId": "epoch_2"
      },
      {
        "id": "enc_19",
        "name": "Visit 802*",
        "instanceType": "Encounter",
        "type": {
          "id": "0bdaeaec-c858-4312-a883-eb6689b351ef",
          "code": "C99156",
          "codeSystem": "http://www.cdisc.org",
          "codeSystemVersion": "2024-09-27",
          "decode": "Scheduled Visit",
          "instanceType": "Code"
        },
        "epochId": "epoch_3"
      }
    ],
    "plannedTimepoints": [
      {
        "id": "pt_1",
        "visit": "Week 78",
        "epoch": "",
        "epochId": "",
        "day": "",
        "window": null,
        "encounterId": "enc_1",
        "instanceType": "Timing"
      },
      {
        "id": "pt_2",
        "visit": "Week 85",
        "epoch": "",
        "epochId": "",
        "day": "",
        "window": null,
        "encounterId": "enc_2",
        "instanceType": "Timing"
      },
      {
        "id": "pt_3",
        "visit": "Week 91",
        "epoch": "",
        "epochId": "",
        "day": "",
        "window": null,
        "encounterId": "enc_3",
        "instanceType": "Timing"
      },
      {
        "id": "pt_4",
        "visit": "Week 98",
        "epoch": "",
        "epochId": "",
        "day": "",
        "window": null,
        "encounterId": "enc_4",
        "instanceType": "Timing"
      },
      {
        "id": "pt_5",
        "visit": "Week 104",
        "epoch": "",
        "epochId": "",
        "day": "",
        "window": null,
        "encounterId": "enc_5",
        "instanceType": "Timing"
      },
      {
        "id": "pt_6",
        "visit": "Week 111",
        "epoch": "",
        "epochId": "",
        "day": "",
        "window": null,
        "encounterId": "enc_6",
        "instanceType": "Timing"
      },
      {
        "id": "pt_7",
        "visit": "Week 117",
        "epoch": "",
        "epochId": "",
        "day": "",
        "window": null,
        "encounterId": "enc_7",
        "instanceType": "Timing"
      },
      {
        "id": "pt_8",
        "visit": "Week 124",
        "epoch": "",
        "epochId": "",
        "day": "",
        "window": null,
        "encounterId": "enc_8",
        "instanceType": "Timing"
      },
      {
        "id": "pt_9",
        "visit": "Week 130",
        "epoch": "",
        "epochId": "",
        "day": "",
        "window": null,
        "encounterId": "enc_9",
        "instanceType": "Timing"
      },
      {
        "id": "pt_10",
        "visit": "Week 137",
        "epoch": "",
        "epochId": "",
        "day": "",
        "window": null,
        "encounterId": "enc_10",
        "instanceType": "Timing"
      },
      {
        "id": "pt_11",
        "visit": "Week 143",
        "epoch": "",
        "epochId": "",
        "day": "",
        "window": null,
        "encounterId": "enc_11",
        "instanceType": "Timing"
      },
      {
        "id": "pt_12",
        "visit": "Week 150",
        "epoch": "",
        "epochId": "",
        "day": "",
        "window": null,
        "encounterId": "enc_12",
        "instanceType": "Timing"
      },
      {
        "id": "pt_13",
        "visit": "Week 156",
        "epoch": "",
        "epochId": "",
        "day": "",
        "window": null,
        "encounterId": "enc_13",
        "instanceType": "Timing"
      },
      {
        "id": "pt_14",
        "visit": "Week 163",
        "epoch": "",
        "epochId": "",
        "day": "",
        "window": null,
        "encounterId": "enc_14",
        "instanceType": "Timing"
      },
      {
        "id": "pt_15",
        "visit": "Week 169",
        "epoch": "",
        "epochId": "",
        "day": "",
        "window": null,
        "encounterId": "enc_15",
        "instanceType": "Timing"
      },
      {
        "id": "pt_16",
        "visit": "Week 176",
        "epoch": "",
        "epochId": "",
        "day": "",
        "window": null,
        "encounterId": "enc_16",
        "instanceType": "Timing"
      },
      {
        "id": "pt_17",
        "visit": "Week 176",
        "epoch": "",
        "epochId": "",
        "day": "",
        "window": null,
        "encounterId": "enc_17",
        "instanceType": "Timing"
      },
      {
        "id": "pt_18",
        "visit": "Early Discontinuation",
        "epoch": "",
        "epochId": "",
        "day": "",
        "window": null,
        "encounterId": "enc_18",
        "instanceType": "Timing"
      },
      {
        "id": "pt_19",
        "visit": "17 wks Post TxP",
        "epoch": "",
        "epochId": "",
        "day": "",
        "window": null,
        "encounterId": "enc_19",
        "instanceType": "Timing"
      }
    ]
  },
  "rowGroups": [
    {
      "id": "grp_1",
      "name": "Allowable Deviation (days)*",
      "description": null,
      "childIds": [],
      "instanceType": "Activity"
    },
    {
      "id": "grp_2",
      "name": "Fasting Visit*",
      "description": null,
      "childIds": [],
      "instanceType": "Activity"
    },
    {
      "id": "grp_3",
      "name": "Telephone Visit",
      "description": null,
      "childIds": [],
      "instanceType": "Activity"
    },
    {
      "id": "grp_4",
      "name": "Assessments",
      "description": null,
      "childIds": [],
      "instanceType": "Activity",
      "activityNames": [
        "C-SSRS (Since Last Visit)",
        "Self-Harm Supplement Form*",
        "Self-Harm Follow-up Form*"
      ]
    },
    {
      "id": "grp_5",
      "name": "PROs",
      "description": null,
      "childIds": [],
      "instanceType": "Activity",
      "activityNames": [
        "PGIS",
        "SF-36, version 2 acute",
        "IWQOL-Lite -CT",
        "EQ-5D-5L"
      ]
    }
  ],
  "footnotes": [
    "*Please see table below for corresponding additional information",
    "Abbreviations: BP = blood pressure; Cr= creatinine; C-SSRS = Columbia-Suicide Severity Rating Scale; ED= early discontinuation of treatment; eGFR = estimated glomerular filtration rate; HbA1c = hemoglobin A1c; HR = heart rate; IWQOL-Lite-CT = Impact of Weight on Quality of Life-Lite Clinical trials; IWRS = interactive web-response system; PGIS = Patient Global Impression of status for physical activity; PHQ-9 = Patient Health Questionnaire-9; PK = pharmacokinetics; SF-36 = Short-Form-36 Health Survey version 2, acute form; TxP = treatment period; TZP = tirzepatide"
  ]
}