{
  "usdmVersion": "4.0",
  "systemName": "Protocol2USDM",
  "systemVersion": "0.1.0",
  "study": {
    "id": "4ee7304a-1483-4ada-afd5-93913f7c3230",
    "name": "",
    "instanceType": "Study",
    "versions": [
      {
        "id": "fd70b407-7c1a-4739-9f91-caae189edee0",
        "versionIdentifier": "1.0",
        "rationale": "Initial protocol version",
        "instanceType": "StudyVersion",
        "studyDesigns": [
          {
            "id": "sd_1",
            "name": "Study Design",
            "rationale": "Protocol-defined study design",
            "instanceType": "InterventionalStudyDesign",
            "blindingSchema": {
              "id": "5a4da89d-04d2-46b4-902c-a9662c04cd9c",
              "instanceType": "AliasCode",
              "standardCode": {
                "id": "431745ea-8966-42f4-b56f-c8bfb5b76ddd",
                "code": "C49656",
                "codeSystem": "http://www.cdisc.org",
                "codeSystemVersion": "2024-09-27",
                "decode": "Open Label",
                "instanceType": "Code"
              }
            },
            "model": {
              "id": "610985e5-bfff-427d-8886-042930ebf2b4",
              "code": "C82638",
              "codeSystem": "http://www.cdisc.org",
              "codeSystemVersion": "2024-09-27",
              "decode": "Single Group Study",
              "instanceType": "Code"
            },
            "epochs": [
              {
                "id": "epoch_1",
                "name": "Screening",
                "instanceType": "StudyEpoch",
                "type": {
                  "id": "a9fb5ffa-11c0-4612-9bbb-85107f1c728e",
                  "code": "C98779",
                  "codeSystem": "http://www.cdisc.org",
                  "codeSystemVersion": "2024-09-27",
                  "decode": "Screening Epoch",
                  "instanceType": "Code"
                }
              },
              {
                "id": "epoch_2",
                "name": "Treatment",
                "instanceType": "StudyEpoch",
                "type": {
                  "id": "6cae0265-8e05-41aa-a581-f809c7ed818b",
                  "code": "C98780",
                  "codeSystem": "http://www.cdisc.org",
                  "codeSystemVersion": "2024-09-27",
                  "decode": "Treatment Epoch",
                  "instanceType": "Code"
                }
              },
              {
                "id": "epoch_3",
                "name": "Safety Follow-up",
                "instanceType": "StudyEpoch",
                "type": {
                  "id": "e6677672-77f3-48e1-844f-588848068d2b",
                  "code": "C98781",
                  "codeSystem": "http://www.cdisc.org",
                  "codeSystemVersion": "2024-09-27",
                  "decode": "Follow-up Epoch",
                  "instanceType": "Code"
                }
              }
            ],
            "activities": [
              {
                "id": "grp_4",
                "name": "Assessments",
                "instanceType": "Activity",
                "childIds": [
                  "act_5",
                  "act_6"
                ]
              },
              {
                "id": "grp_5",
                "name": "PROs",
                "instanceType": "Activity",
                "childIds": [
                  "act_7",
                  "act_8",
                  "act_9",
                  "act_10"
                ]
              },
              {
                "id": "act_4",
                "name": "C-SSRS (Since Last Visit Version)*",
                "instanceType": "Activity",
                "description": "Columbia-Suicide Severity Rating Scale (Since Last Visit Version) - mental health questionnaire completed after the assessment for AEs."
              },
              {
                "id": "act_5",
                "name": "Self-Harm Supplement Form*",
                "instanceType": "Activity",
                "description": "Self-Harm Supplement Form - mental health questionnaire completed after the assessment for AEs."
              },
              {
                "id": "act_6",
                "name": "Self-Harm Follow-up Form*",
                "instanceType": "Activity",
                "description": "Self-Harm Follow-up Form - mental health questionnaire completed after the assessment for AEs."
              },
              {
                "id": "act_7",
                "name": "PGIS",
                "instanceType": "Activity",
                "description": "Patient Global Impression of status for physical activity"
              },
              {
                "id": "act_8",
                "name": "SF-36, version 2 acute",
                "instanceType": "Activity",
                "description": "Short-Form-36 Health Survey version 2, acute form"
              },
              {
                "id": "act_9",
                "name": "IWQOL-Lite -CT",
                "instanceType": "Activity",
                "description": "Impact of Weight on Quality of Life-Lite Clinical trials"
              },
              {
                "id": "act_10",
                "name": "EQ-5D-5L",
                "instanceType": "Activity",
                "description": "EQ-5D-5L quality of life questionnaire"
              }
            ],
            "encounters": [
              {
                "id": "enc_1",
                "name": "Visit 101",
                "instanceType": "Encounter",
                "type": {
                  "id": "4e4febe6-3187-47c5-86d8-f3515596fa69",
                  "code": "C99156",
                  "codeSystem": "http://www.cdisc.org",
                  "codeSystemVersion": "2024-09-27",
                  "decode": "Scheduled Visit",
                  "instanceType": "Code"
                },
                "epochId": "epoch_1"
              },
              {
                "id": "enc_2",
                "name": "Visit 102",
                "instanceType": "Encounter",
                "type": {
                  "id": "e54b93cb-07c9-46c4-8e70-f3da3e08366c",
                  "code": "C99156",
                  "codeSystem": "http://www.cdisc.org",
                  "codeSystemVersion": "2024-09-27",
                  "decode": "Scheduled Visit",
                  "instanceType": "Code"
                },
                "epochId": "epoch_1"
              },
              {
                "id": "enc_3",
                "name": "Visit 103",
                "instanceType": "Encounter",
                "type": {
                  "id": "78339d6f-1907-4b1e-a260-767445199f1f",
                  "code": "C99156",
                  "codeSystem": "http://www.cdisc.org",
                  "codeSystemVersion": "2024-09-27",
                  "decode": "Scheduled Visit",
                  "instanceType": "Code"
                },
                "epochId": "epoch_2"
              },
              {
                "id": "enc_4",
                "name": "Visit 104",
                "instanceType": "Encounter",
                "type": {
                  "id": "f8c5161a-70f8-409c-8fa8-c5e97d7205e2",
                  "code": "C99156",
                  "codeSystem": "http://www.cdisc.org",
                  "codeSystemVersion": "2024-09-27",
                  "decode": "Scheduled Visit",
                  "instanceType": "Code"
                },
                "epochId": "epoch_2"
              },
              {
                "id": "enc_5",
                "name": "Visit 105",
                "instanceType": "Encounter",
                "type": {
                  "id": "7e1f2681-890e-4da0-998d-1c3246f0b9de",
                  "code": "C99156",
                  "codeSystem": "http://www.cdisc.org",
                  "codeSystemVersion": "2024-09-27",
                  "decode": "Scheduled Visit",
                  "instanceType": "Code"
                },
                "epochId": "epoch_2"
              },
              {
                "id": "enc_6",
                "name": "Visit 106",
                "instanceType": "Encounter",
                "type": {
                  "id": "4ceb6f6b-0641-4b95-99a9-109634ce8b2e",
                  "code": "C99156",
                  "codeSystem": "http://www.cdisc.org",
                  "codeSystemVersion": "2024-09-27",
                  "decode": "Scheduled Visit",
                  "instanceType": "Code"
                },
                "epochId": "epoch_2"
              },
              {
                "id": "enc_7",
                "name": "Visit 107",
                "instanceType": "Encounter",
                "type": {
                  "id": "bcd01a77-bcc0-40c0-a4d8-56d6aaadb8ac",
                  "code": "C99156",
                  "codeSystem": "http://www.cdisc.org",
                  "codeSystemVersion": "2024-09-27",
                  "decode": "Scheduled Visit",
                  "instanceType": "Code"
                },
                "epochId": "epoch_2"
              },
              {
                "id": "enc_8",
                "name": "Visit 108",
                "instanceType": "Encounter",
                "type": {
                  "id": "5169e087-dcbb-4364-a014-c037cf996810",
                  "code": "C99156",
                  "codeSystem": "http://www.cdisc.org",
                  "codeSystemVersion": "2024-09-27",
                  "decode": "Scheduled Visit",
                  "instanceType": "Code"
                },
                "epochId": "epoch_2"
              },
              {
                "id": "enc_9",
                "name": "Visit 109",
                "instanceType": "Encounter",
                "type": {
                  "id": "242623eb-05fa-4a79-aa86-e91a5a67123e",
                  "code": "C99156",
                  "codeSystem": "http://www.cdisc.org",
                  "codeSystemVersion": "2024-09-27",
                  "decode": "Scheduled Visit",
                  "instanceType": "Code"
                },
                "epochId": "epoch_2"
              },
              {
                "id": "enc_10",
                "name": "Visit 110",
                "instanceType": "Encounter",
                "type": {
                  "id": "4eddc2c8-000d-425d-993e-295d9dec15b1",
                  "code": "C99156",
                  "codeSystem": "http://www.cdisc.org",
                  "codeSystemVersion": "2024-09-27",
                  "decode": "Scheduled Visit",
                  "instanceType": "Code"
                },
                "epochId": "epoch_2"
              },
              {
                "id": "enc_11",
                "name": "Visit 111",
                "instanceType": "Encounter",
                "type": {
                  "id": "51127b07-719d-43a4-8e1a-1b2c6374ad85",
                  "code": "C99156",
                  "codeSystem": "http://www.cdisc.org",
                  "codeSystemVersion": "2024-09-27",
                  "decode": "Scheduled Visit",
                  "instanceType": "Code"
                },
                "epochId": "epoch_2"
              },
              {
                "id": "enc_12",
                "name": "Visit 112",
                "instanceType": "Encounter",
                "type": {
                  "id": "d2021711-12d2-4ee1-884d-ae16c8f65eaa",
                  "code": "C99156",
                  "codeSystem": "http://www.cdisc.org",
                  "codeSystemVersion": "2024-09-27",
                  "decode": "Scheduled Visit",
                  "instanceType": "Code"
                },
                "epochId": "epoch_2"
              },
              {
                "id": "enc_13",
                "name": "Visit 113",
                "instanceType": "Encounter",
                "type": {
                  "id": "b82c4e3e-9e45-4019-bd51-62b696c53ea0",
                  "code": "C99156",
                  "codeSystem": "http://www.cdisc.org",
                  "codeSystemVersion": "2024-09-27",
                  "decode": "Scheduled Visit",
                  "instanceType": "Code"
                },
                "epochId": "epoch_2"
              },
              {
                "id": "enc_14",
                "name": "Visit 114",
                "instanceType": "Encounter",
                "type": {
                  "id": "416d3873-43ce-4a6b-851a-7ff9db549056",
                  "code": "C99156",
                  "codeSystem": "http://www.cdisc.org",
                  "codeSystemVersion": "2024-09-27",
                  "decode": "Scheduled Visit",
                  "instanceType": "Code"
                },
                "epochId": "epoch_2"
              },
              {
                "id": "enc_15",
                "name": "Visit 115",
                "instanceType": "Encounter",
                "type": {
                  "id": "deddd345-39fc-472e-907e-7b44560d2ce7",
                  "code": "C99156",
                  "codeSystem": "http://www.cdisc.org",
                  "codeSystemVersion": "2024-09-27",
                  "decode": "Scheduled Visit",
                  "instanceType": "Code"
                },
                "epochId": "epoch_2"
              },
              {
                "id": "enc_16",
                "name": "Visit 116",
                "instanceType": "Encounter",
                "type": {
                  "id": "1db8e295-a205-4b7e-bf31-ee05c65591b0",
                  "code": "C99156",
                  "codeSystem": "http://www.cdisc.org",
                  "codeSystemVersion": "2024-09-27",
                  "decode": "Scheduled Visit",
                  "instanceType": "Code"
                },
                "epochId": "epoch_2"
              },
              {
                "id": "enc_17",
                "name": "Visit 199*",
                "instanceType": "Encounter",
                "type": {
                  "id": "22a11773-c93f-41a5-af48-d3f39af2b150",
                  "code": "C99156",
                  "codeSystem": "http://www.cdisc.org",
                  "codeSystemVersion": "2024-09-27",
                  "decode": "Scheduled Visit",
                  "instanceType": "Code"
                },
                "epochId": "epoch_2"
              },
              {
                "id": "enc_18",
                "name": "ED*",
                "instanceType": "Encounter",
                "type": {
                  "id": "e0bbc4d4-fa2b-4cf5-8447-438756a72d52",
                  "code": "C99156",
                  "codeSystem": "http://www.cdisc.org",
                  "codeSystemVersion": "2024-09-27",
                  "decode": "Scheduled Visit",
                  "instanceType": "Code"
                },
                "epochId": "epoch_2"
              },
              {
                "id": "enc_19",
                "name": "Visit 802*",
                "instanceType": "Encounter",
                "type": {
                  "id": "d4590721-b7b6-44c9-8bbc-8a7adce1b415",
                  "code": "C99156",
                  "codeSystem": "http://www.cdisc.org",
                  "codeSystemVersion": "2024-09-27",
                  "decode": "Scheduled Visit",
                  "instanceType": "Code"
                },
                "epochId": "epoch_3"
              }
            ],
            "scheduleTimelines": [
              {
                "id": "timeline_1",
                "name": "Main Schedule Timeline",
                "mainTimeline": true,
                "instanceType": "ScheduleTimeline",
                "entryCondition": "Subject enrolled in study",
                "entryId": "38bade17-2171-413e-a712-3133d81febbb",
                "instances": [
                  {
                    "id": "38bade17-2171-413e-a712-3133d81febbb",
                    "activityIds": [
                      "act_2"
                    ],
                    "instanceType": "ScheduledActivityInstance",
                    "name": "act_2@enc_3",
                    "encounterId": "enc_3"
                  },
                  {
                    "id": "6fcd7318-52c1-4537-931b-f38472752658",
                    "activityIds": [
                      "act_2"
                    ],
                    "instanceType": "ScheduledActivityInstance",
                    "name": "act_2@enc_5",
                    "encounterId": "enc_5"
                  },
                  {
                    "id": "a2312bf9-b018-4298-a13c-1ebe21f850bc",
                    "activityIds": [
                      "act_2"
                    ],
                    "instanceType": "ScheduledActivityInstance",
                    "name": "act_2@enc_7",
                    "encounterId": "enc_7"
                  },
                  {
                    "id": "dc005b40-f34b-40a9-ba7b-3bb4f669036d",
                    "activityIds": [
                      "act_2"
                    ],
                    "instanceType": "ScheduledActivityInstance",
                    "name": "act_2@enc_9",
                    "encounterId": "enc_9"
                  },
                  {
                    "id": "5c00ae37-d0c2-4aa2-9a65-5391a9634fb7",
                    "activityIds": [
                      "act_2"
                    ],
                    "instanceType": "ScheduledActivityInstance",
                    "name": "act_2@enc_11",
                    "encounterId": "enc_11"
                  },
                  {
                    "id": "8cbbd1e1-84bf-4fbc-a9d8-358075287e75",
                    "activityIds": [
                      "act_2"
                    ],
                    "instanceType": "ScheduledActivityInstance",
                    "name": "act_2@enc_13",
                    "encounterId": "enc_13"
                  },
                  {
                    "id": "c020aa8c-2678-4445-abbb-416aeb379518",
                    "activityIds": [
                      "act_2"
                    ],
                    "instanceType": "ScheduledActivityInstance",
                    "name": "act_2@enc_15",
                    "encounterId": "enc_15"
                  },
                  {
                    "id": "c1168832-8cdc-49bf-ac4a-4d4261d0a807",
                    "activityIds": [
                      "act_2"
                    ],
                    "instanceType": "ScheduledActivityInstance",
                    "name": "act_2@enc_17",
                    "encounterId": "enc_17"
                  },
                  {
                    "id": "20532731-2c18-433c-9f5c-caa193d6351c",
                    "activityIds": [
                      "act_2"
                    ],
                    "instanceType": "ScheduledActivityInstance",
                    "name": "act_2@enc_18",
                    "encounterId": "enc_18"
                  },
                  {
                    "id": "6767c73a-4333-4e74-82e1-5e5c0690850c",
                    "activityIds": [
                      "act_2"
                    ],
                    "instanceType": "ScheduledActivityInstance",
                    "name": "act_2@enc_19",
                    "encounterId": "enc_19"
                  },
                  {
                    "id": "62441f8c-545e-452e-b34a-2e0ce8250bea",
                    "activityIds": [
                      "act_3"
                    ],
                    "instanceType": "ScheduledActivityInstance",
                    "name": "act_3@enc_2",
                    "encounterId": "enc_2"
                  },
                  {
                    "id": "814612a2-ca57-4055-a271-e6415dd2b176",
                    "activityIds": [
                      "act_3"
                    ],
                    "instanceType": "ScheduledActivityInstance",
                    "name": "act_3@enc_4",
                    "encounterId": "enc_4"
                  },
                  {
                    "id": "56d6c147-a950-4748-9d82-e775d812429a",
                    "activityIds": [
                      "act_3"
                    ],
                    "instanceType": "ScheduledActivityInstance",
                    "name": "act_3@enc_6",
                    "encounterId": "enc_6"
                  },
                  {
                    "id": "e39081e7-0dab-4f7e-8c24-f06a2815ba82",
                    "activityIds": [
                      "act_3"
                    ],
                    "instanceType": "ScheduledActivityInstance",
                    "name": "act_3@enc_8",
                    "encounterId": "enc_8"
                  },
                  {
                    "id": "89df6ac2-571a-40ff-bc56-ba27751c0746",
                    "activityIds": [
                      "act_3"
                    ],
                    "instanceType": "ScheduledActivityInstance",
                    "name": "act_3@enc_10",
                    "encounterId": "enc_10"
                  },
                  {
                    "id": "2a92a3b7-f3d7-4a80-8084-bbdd28b4c0e5",
                    "activityIds": [
                      "act_3"
                    ],
                    "instanceType": "ScheduledActivityInstance",
                    "name": "act_3@enc_12",
                    "encounterId": "enc_12"
                  },
                  {
                    "id": "411b7400-7b1d-4479-9334-a80b637e0762",
                    "activityIds": [
                      "act_3"
                    ],
                    "instanceType": "ScheduledActivityInstance",
                    "name": "act_3@enc_14",
                    "encounterId": "enc_14"
                  },
                  {
                    "id": "1c220db4-a6c8-41d8-bef7-a09fc13d4961",
                    "activityIds": [
                      "act_3"
                    ],
                    "instanceType": "ScheduledActivityInstance",
                    "name": "act_3@enc_16",
                    "encounterId": "enc_16"
                  },
                  {
                    "id": "88a56cfe-b1e1-42e6-baa0-6c5f0510da72",
                    "activityIds": [
                      "act_4"
                    ],
                    "instanceType": "ScheduledActivityInstance",
                    "name": "act_4@enc_1",
                    "encounterId": "enc_1"
                  },
                  {
                    "id": "1b570131-77c8-48e3-b4dc-20f9373d79ab",
                    "activityIds": [
                      "act_4"
                    ],
                    "instanceType": "ScheduledActivityInstance",
                    "name": "act_4@enc_2",
                    "encounterId": "enc_2"
                  },
                  {
                    "id": "d9e5ece3-b29b-41a1-8d60-8673b3d52978",
                    "activityIds": [
                      "act_4"
                    ],
                    "instanceType": "ScheduledActivityInstance",
                    "name": "act_4@enc_3",
                    "encounterId": "enc_3"
                  },
                  {
                    "id": "0272580d-f555-4e49-8e70-429d7a353703",
                    "activityIds": [
                      "act_4"
                    ],
                    "instanceType": "ScheduledActivityInstance",
                    "name": "act_4@enc_4",
                    "encounterId": "enc_4"
                  },
                  {
                    "id": "8dc01866-4089-4149-b183-0a9984570678",
                    "activityIds": [
                      "act_4"
                    ],
                    "instanceType": "ScheduledActivityInstance",
                    "name": "act_4@enc_5",
                    "encounterId": "enc_5"
                  },
                  {
                    "id": "0a3cfd4f-428b-402d-9fdd-0291ae28226e",
                    "activityIds": [
                      "act_4"
                    ],
                    "instanceType": "ScheduledActivityInstance",
                    "name": "act_4@enc_6",
                    "encounterId": "enc_6"
                  },
                  {
                    "id": "c9cdc9b3-223d-4ddb-a7c8-fc678512e8ba",
                    "activityIds": [
                      "act_4"
                    ],
                    "instanceType": "ScheduledActivityInstance",
                    "name": "act_4@enc_7",
                    "encounterId": "enc_7"
                  },
                  {
                    "id": "3ace48bd-193c-47b0-8f4b-087de1663336",
                    "activityIds": [
                      "act_4"
                    ],
                    "instanceType": "ScheduledActivityInstance",
                    "name": "act_4@enc_8",
                    "encounterId": "enc_8"
                  },
                  {
                    "id": "9812dc6a-29bb-49ea-a16c-5371a76c7c89",
                    "activityIds": [
                      "act_4"
                    ],
                    "instanceType": "ScheduledActivityInstance",
                    "name": "act_4@enc_9",
                    "encounterId": "enc_9"
                  },
                  {
                    "id": "e45b1e04-420f-4be7-97e6-35ea97ebb30d",
                    "activityIds": [
                      "act_4"
                    ],
                    "instanceType": "ScheduledActivityInstance",
                    "name": "act_4@enc_10",
                    "encounterId": "enc_10"
                  },
                  {
                    "id": "77fc1630-9a45-4498-800e-aaf4308f3862",
                    "activityIds": [
                      "act_4"
                    ],
                    "instanceType": "ScheduledActivityInstance",
                    "name": "act_4@enc_11",
                    "encounterId": "enc_11"
                  },
                  {
                    "id": "094e1890-030e-407e-9337-402a2919ea8c",
                    "activityIds": [
                      "act_4"
                    ],
                    "instanceType": "ScheduledActivityInstance",
                    "name": "act_4@enc_12",
                    "encounterId": "enc_12"
                  },
                  {
                    "id": "d411c2c7-7208-409d-98d7-91eadb7c4596",
                    "activityIds": [
                      "act_4"
                    ],
                    "instanceType": "ScheduledActivityInstance",
                    "name": "act_4@enc_13",
                    "encounterId": "enc_13"
                  },
                  {
                    "id": "1853d99f-f8b2-41cc-a387-1d252a5a67c9",
                    "activityIds": [
                      "act_4"
                    ],
                    "instanceType": "ScheduledActivityInstance",
                    "name": "act_4@enc_14",
                    "encounterId": "enc_14"
                  },
                  {
                    "id": "53466732-cbb0-432b-b2ee-4bb6eb78dfbd",
                    "activityIds": [
                      "act_4"
                    ],
                    "instanceType": "ScheduledActivityInstance",
                    "name": "act_4@enc_15",
                    "encounterId": "enc_15"
                  },
                  {
                    "id": "69d5d1dc-904c-41a1-b67b-5c7694c245c3",
                    "activityIds": [
                      "act_4"
                    ],
                    "instanceType": "ScheduledActivityInstance",
                    "name": "act_4@enc_16",
                    "encounterId": "enc_16"
                  },
                  {
                    "id": "a986e2bf-e411-4c8c-8afd-49a1d5affdb9",
                    "activityIds": [
                      "act_4"
                    ],
                    "instanceType": "ScheduledActivityInstance",
                    "name": "act_4@enc_17",
                    "encounterId": "enc_17"
                  },
                  {
                    "id": "79ea9f8b-dd58-43f9-9b59-d36606abd5d7",
                    "activityIds": [
                      "act_4"
                    ],
                    "instanceType": "ScheduledActivityInstance",
                    "name": "act_4@enc_18",
                    "encounterId": "enc_18"
                  },
                  {
                    "id": "d01f061a-a2f7-4907-b798-4bcbdeb261d1",
                    "activityIds": [
                      "act_4"
                    ],
                    "instanceType": "ScheduledActivityInstance",
                    "name": "act_4@enc_19",
                    "encounterId": "enc_19"
                  },
                  {
                    "id": "35cd1c7a-dbc3-43c6-b464-ba1c32fc9d6d",
                    "activityIds": [
                      "act_5"
                    ],
                    "instanceType": "ScheduledActivityInstance",
                    "name": "act_5@enc_1",
                    "encounterId": "enc_1"
                  },
                  {
                    "id": "da0f29d7-ab1b-491c-adfc-4acd506dec14",
                    "activityIds": [
                      "act_5"
                    ],
                    "instanceType": "ScheduledActivityInstance",
                    "name": "act_5@enc_2",
                    "encounterId": "enc_2"
                  },
                  {
                    "id": "1efb8eb8-6c59-4cfb-a117-f60358400a88",
                    "activityIds": [
                      "act_5"
                    ],
                    "instanceType": "ScheduledActivityInstance",
                    "name": "act_5@enc_3",
                    "encounterId": "enc_3"
                  },
                  {
                    "id": "5d777a33-1dbb-4b82-b8bd-5d89fd8765b5",
                    "activityIds": [
                      "act_5"
                    ],
                    "instanceType": "ScheduledActivityInstance",
                    "name": "act_5@enc_4",
                    "encounterId": "enc_4"
                  },
                  {
                    "id": "8e4e6e82-c6c4-4cf7-af71-06a258b85358",
                    "activityIds": [
                      "act_5"
                    ],
                    "instanceType": "ScheduledActivityInstance",
                    "name": "act_5@enc_5",
                    "encounterId": "enc_5"
                  },
                  {
                    "id": "0b4c514f-42c1-4c88-88f5-2beac34cc318",
                    "activityIds": [
                      "act_5"
                    ],
                    "instanceType": "ScheduledActivityInstance",
                    "name": "act_5@enc_6",
                    "encounterId": "enc_6"
                  },
                  {
                    "id": "41be38eb-a7fc-41aa-8df0-3b5dc82af0c2",
                    "activityIds": [
                      "act_5"
                    ],
                    "instanceType": "ScheduledActivityInstance",
                    "name": "act_5@enc_7",
                    "encounterId": "enc_7"
                  },
                  {
                    "id": "9a0bb6fd-170e-43a3-b40f-e35a43b29bf9",
                    "activityIds": [
                      "act_5"
                    ],
                    "instanceType": "ScheduledActivityInstance",
                    "name": "act_5@enc_8",
                    "encounterId": "enc_8"
                  },
                  {
                    "id": "a9e5dfe6-8767-4e04-9c12-f21e21323359",
                    "activityIds": [
                      "act_5"
                    ],
                    "instanceType": "ScheduledActivityInstance",
                    "name": "act_5@enc_9",
                    "encounterId": "enc_9"
                  },
                  {
                    "id": "a95b554c-3ba2-4dde-8cab-d64af06bc7c0",
                    "activityIds": [
                      "act_5"
                    ],
                    "instanceType": "ScheduledActivityInstance",
                    "name": "act_5@enc_10",
                    "encounterId": "enc_10"
                  },
                  {
                    "id": "ec350d5f-d2ad-4c99-bbae-f7fca6938cbe",
                    "activityIds": [
                      "act_5"
                    ],
                    "instanceType": "ScheduledActivityInstance",
                    "name": "act_5@enc_11",
                    "encounterId": "enc_11"
                  },
                  {
                    "id": "61a3cc33-5b87-4f1a-89df-8d5f640ad588",
                    "activityIds": [
                      "act_5"
                    ],
                    "instanceType": "ScheduledActivityInstance",
                    "name": "act_5@enc_12",
                    "encounterId": "enc_12"
                  },
                  {
                    "id": "29d7f55f-28b5-45ac-871b-fceb82efc9b0",
                    "activityIds": [
                      "act_5"
                    ],
                    "instanceType": "ScheduledActivityInstance",
                    "name": "act_5@enc_13",
                    "encounterId": "enc_13"
                  },
                  {
                    "id": "385e3785-18ce-44fe-8e73-3388950cebf7",
                    "activityIds": [
                      "act_5"
                    ],
                    "instanceType": "ScheduledActivityInstance",
                    "name": "act_5@enc_14",
                    "encounterId": "enc_14"
                  },
                  {
                    "id": "3c0554ac-f049-4d54-8015-fbc68a354357",
                    "activityIds": [
                      "act_5"
                    ],
                    "instanceType": "ScheduledActivityInstance",
                    "name": "act_5@enc_15",
                    "encounterId": "enc_15"
                  },
                  {
                    "id": "8e127517-501d-4325-a577-3ef1aa89dd6d",
                    "activityIds": [
                      "act_5"
                    ],
                    "instanceType": "ScheduledActivityInstance",
                    "name": "act_5@enc_16",
                    "encounterId": "enc_16"
                  },
                  {
                    "id": "c161e696-9fb0-43a9-9fe9-28489eb496aa",
                    "activityIds": [
                      "act_5"
                    ],
                    "instanceType": "ScheduledActivityInstance",
                    "name": "act_5@enc_17",
                    "encounterId": "enc_17"
                  },
                  {
                    "id": "c61df80f-c53f-495f-b792-ce09547a151b",
                    "activityIds": [
                      "act_5"
                    ],
                    "instanceType": "ScheduledActivityInstance",
                    "name": "act_5@enc_18",
                    "encounterId": "enc_18"
                  },
                  {
                    "id": "27326dc7-85a9-4ffc-a226-29a591dfaaf4",
                    "activityIds": [
                      "act_5"
                    ],
                    "instanceType": "ScheduledActivityInstance",
                    "name": "act_5@enc_19",
                    "encounterId": "enc_19"
                  },
                  {
                    "id": "e10a516b-83f3-49e8-919a-d94d609c556c",
                    "activityIds": [
                      "act_6"
                    ],
                    "instanceType": "ScheduledActivityInstance",
                    "name": "act_6@enc_1",
                    "encounterId": "enc_1"
                  },
                  {
                    "id": "2c1754a4-fea6-4817-93ab-378b71fe5289",
                    "activityIds": [
                      "act_6"
                    ],
                    "instanceType": "ScheduledActivityInstance",
                    "name": "act_6@enc_2",
                    "encounterId": "enc_2"
                  },
                  {
                    "id": "7640f266-3f2d-451d-bcc8-d0f54c79ce34",
                    "activityIds": [
                      "act_6"
                    ],
                    "instanceType": "ScheduledActivityInstance",
                    "name": "act_6@enc_3",
                    "encounterId": "enc_3"
                  },
                  {
                    "id": "12cd9623-d6e1-40bd-beeb-73ea4999799d",
                    "activityIds": [
                      "act_6"
                    ],
                    "instanceType": "ScheduledActivityInstance",
                    "name": "act_6@enc_4",
                    "encounterId": "enc_4"
                  },
                  {
                    "id": "47b82d9d-13f8-4534-bf48-8da02bee5b6a",
                    "activityIds": [
                      "act_6"
                    ],
                    "instanceType": "ScheduledActivityInstance",
                    "name": "act_6@enc_5",
                    "encounterId": "enc_5"
                  },
                  {
                    "id": "f0eaffe9-9456-4358-9af5-686d21e386f3",
                    "activityIds": [
                      "act_6"
                    ],
                    "instanceType": "ScheduledActivityInstance",
                    "name": "act_6@enc_6",
                    "encounterId": "enc_6"
                  },
                  {
                    "id": "d8751ba9-55a9-4ce7-b394-6f005e4cd1ca",
                    "activityIds": [
                      "act_6"
                    ],
                    "instanceType": "ScheduledActivityInstance",
                    "name": "act_6@enc_7",
                    "encounterId": "enc_7"
                  },
                  {
                    "id": "7ced62d9-513b-4fce-a6b7-20cac0032e75",
                    "activityIds": [
                      "act_6"
                    ],
                    "instanceType": "ScheduledActivityInstance",
                    "name": "act_6@enc_8",
                    "encounterId": "enc_8"
                  },
                  {
                    "id": "e7407ad1-a2a8-4603-a522-19aa7500ce8e",
                    "activityIds": [
                      "act_6"
                    ],
                    "instanceType": "ScheduledActivityInstance",
                    "name": "act_6@enc_9",
                    "encounterId": "enc_9"
                  },
                  {
                    "id": "5c900fb9-7a1a-4f26-b239-d88145972521",
                    "activityIds": [
                      "act_6"
                    ],
                    "instanceType": "ScheduledActivityInstance",
                    "name": "act_6@enc_10",
                    "encounterId": "enc_10"
                  },
                  {
                    "id": "b9de20be-d760-40cd-9457-d7a17b52d01c",
                    "activityIds": [
                      "act_6"
                    ],
                    "instanceType": "ScheduledActivityInstance",
                    "name": "act_6@enc_11",
                    "encounterId": "enc_11"
                  },
                  {
                    "id": "50f9f9cc-86b7-459a-9bb8-65e1849a0975",
                    "activityIds": [
                      "act_6"
                    ],
                    "instanceType": "ScheduledActivityInstance",
                    "name": "act_6@enc_12",
                    "encounterId": "enc_12"
                  },
                  {
                    "id": "50ab7949-6561-4f70-b4c2-72dea5771189",
                    "activityIds": [
                      "act_6"
                    ],
                    "instanceType": "ScheduledActivityInstance",
                    "name": "act_6@enc_13",
                    "encounterId": "enc_13"
                  },
                  {
                    "id": "d4fe14c8-e9db-43e4-a00a-3e768f4f145f",
                    "activityIds": [
                      "act_6"
                    ],
                    "instanceType": "ScheduledActivityInstance",
                    "name": "act_6@enc_14",
                    "encounterId": "enc_14"
                  },
                  {
                    "id": "e688e3c7-af20-45cd-b957-6cd60a89f937",
                    "activityIds": [
                      "act_6"
                    ],
                    "instanceType": "ScheduledActivityInstance",
                    "name": "act_6@enc_15",
                    "encounterId": "enc_15"
                  },
                  {
                    "id": "6327f74f-adee-4c9e-acdc-5a707d61e758",
                    "activityIds": [
                      "act_6"
                    ],
                    "instanceType": "ScheduledActivityInstance",
                    "name": "act_6@enc_16",
                    "encounterId": "enc_16"
                  },
                  {
                    "id": "f1fcee76-ab6f-4134-b2e3-fdb15b37c3b0",
                    "activityIds": [
                      "act_6"
                    ],
                    "instanceType": "ScheduledActivityInstance",
                    "name": "act_6@enc_17",
                    "encounterId": "enc_17"
                  },
                  {
                    "id": "4c416651-2b6e-40be-beee-c60281891803",
                    "activityIds": [
                      "act_6"
                    ],
                    "instanceType": "ScheduledActivityInstance",
                    "name": "act_6@enc_18",
                    "encounterId": "enc_18"
                  },
                  {
                    "id": "e2629218-2bd0-4c7c-a178-15bd15d6991c",
                    "activityIds": [
                      "act_6"
                    ],
                    "instanceType": "ScheduledActivityInstance",
                    "name": "act_6@enc_19",
                    "encounterId": "enc_19"
                  },
                  {
                    "id": "1c45f040-4412-4e61-a619-c4e17ff0ac80",
                    "activityIds": [
                      "act_7"
                    ],
                    "instanceType": "ScheduledActivityInstance",
                    "name": "act_7@enc_9",
                    "encounterId": "enc_9"
                  },
                  {
                    "id": "1bc04c3b-3fbd-4823-9044-2f321d421d14",
                    "activityIds": [
                      "act_7"
                    ],
                    "instanceType": "ScheduledActivityInstance",
                    "name": "act_7@enc_17",
                    "encounterId": "enc_17"
                  },
                  {
                    "id": "462a9ea3-548f-4a0e-9ccb-0c252a78be4a",
                    "activityIds": [
                      "act_7"
                    ],
                    "instanceType": "ScheduledActivityInstance",
                    "name": "act_7@enc_18",
                    "encounterId": "enc_18"
                  },
                  {
                    "id": "e2693e9e-3604-46c7-8cfe-31101100d58a",
                    "activityIds": [
                      "act_8"
                    ],
                    "instanceType": "ScheduledActivityInstance",
                    "name": "act_8@enc_9",
                    "encounterId": "enc_9"
                  },
                  {
                    "id": "0c553321-fbf8-4dc7-97da-15b76294738a",
                    "activityIds": [
                      "act_8"
                    ],
                    "instanceType": "ScheduledActivityInstance",
                    "name": "act_8@enc_17",
                    "encounterId": "enc_17"
                  },
                  {
                    "id": "080585c0-c274-479e-97f5-158ecb70a52b",
                    "activityIds": [
                      "act_8"
                    ],
                    "instanceType": "ScheduledActivityInstance",
                    "name": "act_8@enc_18",
                    "encounterId": "enc_18"
                  },
                  {
                    "id": "63ce3a80-e303-4694-94cd-884ec16954b5",
                    "activityIds": [
                      "act_9"
                    ],
                    "instanceType": "ScheduledActivityInstance",
                    "name": "act_9@enc_9",
                    "encounterId": "enc_9"
                  },
                  {
                    "id": "2ca90728-98e2-4347-9ee2-1a5c649415f0",
                    "activityIds": [
                      "act_9"
                    ],
                    "instanceType": "ScheduledActivityInstance",
                    "name": "act_9@enc_17",
                    "encounterId": "enc_17"
                  },
                  {
                    "id": "fb1ea534-0beb-406b-9fc3-885755b5d0ef",
                    "activityIds": [
                      "act_9"
                    ],
                    "instanceType": "ScheduledActivityInstance",
                    "name": "act_9@enc_18",
                    "encounterId": "enc_18"
                  },
                  {
                    "id": "a3d54c77-f8b3-4642-bb4e-5606e952c81b",
                    "activityIds": [
                      "act_10"
                    ],
                    "instanceType": "ScheduledActivityInstance",
                    "name": "act_10@enc_9",
                    "encounterId": "enc_9"
                  },
                  {
                    "id": "96d6eb3b-66c3-41f2-9a45-44010045ff9d",
                    "activityIds": [
                      "act_10"
                    ],
                    "instanceType": "ScheduledActivityInstance",
                    "name": "act_10@enc_17",
                    "encounterId": "enc_17"
                  },
                  {
                    "id": "5351b218-b098-4d3e-bd5d-1aec40b584c0",
                    "activityIds": [
                      "act_10"
                    ],
                    "instanceType": "ScheduledActivityInstance",
                    "name": "act_10@enc_18",
                    "encounterId": "enc_18"
                  }
                ]
              }
            ]
          }
        ]
      }
    ]
  }
}