{
  "usdmVersion": "4.0",
  "systemName": "Protocol2USDM",
  "systemVersion": "6.2.0",
  "study": {
    "id": "007948bf-b4e4-4d84-90a3-5e7f31188acc",
    "name": "",
    "instanceType": "Study",
    "versions": [
      {
        "id": "fa85a260-8346-42f6-bbc8-1c1d616b6e52",
        "versionIdentifier": "1.0",
        "rationale": "Initial protocol version",
        "instanceType": "StudyVersion",
        "studyDesigns": [
          {
            "id": "sd_1",
            "name": "Study Design",
            "rationale": "Protocol-defined study design",
            "instanceType": "InterventionalStudyDesign",
            "blindingSchema": {
              "id": "988d442d-dd09-48ae-a7d7-f32877606f4f",
              "instanceType": "AliasCode",
              "standardCode": {
                "id": "5cf58216-5182-4a83-82de-fd3316108c61",
                "code": "C49656",
                "codeSystem": "http://www.cdisc.org",
                "codeSystemVersion": "2024-09-27",
                "decode": "Open Label",
                "instanceType": "Code"
              }
            },
            "model": {
              "id": "564d141e-9344-4595-a9c1-631444b705f8",
              "code": "C82638",
              "codeSystem": "http://www.cdisc.org",
              "codeSystemVersion": "2024-09-27",
              "decode": "Single Group Study",
              "instanceType": "Code"
            },
            "epochs": [
              {
                "id": "epoch_1",
                "name": "Screening",
                "instanceType": "StudyEpoch",
                "type": {
                  "id": "cabf9a32-2772-48eb-ab83-7be51c444e43",
                  "code": "C98779",
                  "codeSystem": "http://www.cdisc.org",
                  "codeSystemVersion": "2024-09-27",
                  "decode": "Screening Epoch",
                  "instanceType": "Code"
                }
              },
              {
                "id": "epoch_2",
                "name": "Treatment",
                "instanceType": "StudyEpoch",
                "type": {
                  "id": "66cd527f-8535-426b-8c65-66e33b5097fa",
                  "code": "C98780",
                  "codeSystem": "http://www.cdisc.org",
                  "codeSystemVersion": "2024-09-27",
                  "decode": "Treatment Epoch",
                  "instanceType": "Code"
                }
              },
              {
                "id": "epoch_3",
                "name": "Safety Follow-up",
                "instanceType": "StudyEpoch",
                "type": {
                  "id": "3610fa91-4477-4f0e-8a13-8ca47aa558c3",
                  "code": "C98781",
                  "codeSystem": "http://www.cdisc.org",
                  "codeSystemVersion": "2024-09-27",
                  "decode": "Follow-up Epoch",
                  "instanceType": "Code"
                }
              }
            ],
            "activities": [
              {
                "id": "grp_4",
                "name": "Assessments",
                "instanceType": "Activity",
                "childIds": [
                  "act_5",
                  "act_6"
                ]
              },
              {
                "id": "grp_5",
                "name": "PROs",
                "instanceType": "Activity",
                "childIds": [
                  "act_7",
                  "act_8",
                  "act_9",
                  "act_10"
                ]
              },
              {
                "id": "act_4",
                "name": "C-SSRS (Since Last Visit Version)*",
                "instanceType": "Activity",
                "description": "Columbia-Suicide Severity Rating Scale (Since Last Visit Version) - mental health questionnaire completed after the assessment for AEs."
              },
              {
                "id": "act_5",
                "name": "Self-Harm Supplement Form*",
                "instanceType": "Activity",
                "description": "Self-Harm Supplement Form - mental health questionnaire completed after the assessment for AEs."
              },
              {
                "id": "act_6",
                "name": "Self-Harm Follow-up Form*",
                "instanceType": "Activity",
                "description": "Self-Harm Follow-up Form - mental health questionnaire completed after the assessment for AEs."
              },
              {
                "id": "act_7",
                "name": "PGIS",
                "instanceType": "Activity",
                "description": "Patient Global Impression of status for physical activity"
              },
              {
                "id": "act_8",
                "name": "SF-36, version 2 acute",
                "instanceType": "Activity",
                "description": "Short-Form-36 Health Survey version 2, acute form"
              },
              {
                "id": "act_9",
                "name": "IWQOL-Lite -CT",
                "instanceType": "Activity",
                "description": "Impact of Weight on Quality of Life-Lite Clinical trials"
              },
              {
                "id": "act_10",
                "name": "EQ-5D-5L",
                "instanceType": "Activity",
                "description": "EQ-5D-5L quality of life questionnaire"
              }
            ],
            "encounters": [
              {
                "id": "enc_1",
                "name": "Visit 101",
                "instanceType": "Encounter",
                "type": {
                  "id": "86992e0f-c40e-4d0e-ab85-484ca372d1c8",
                  "code": "C99156",
                  "codeSystem": "http://www.cdisc.org",
                  "codeSystemVersion": "2024-09-27",
                  "decode": "Scheduled Visit",
                  "instanceType": "Code"
                },
                "epochId": "epoch_1"
              },
              {
                "id": "enc_2",
                "name": "Visit 102",
                "instanceType": "Encounter",
                "type": {
                  "id": "31595600-281c-4b94-9f34-13d247841aab",
                  "code": "C99156",
                  "codeSystem": "http://www.cdisc.org",
                  "codeSystemVersion": "2024-09-27",
                  "decode": "Scheduled Visit",
                  "instanceType": "Code"
                },
                "epochId": "epoch_1"
              },
              {
                "id": "enc_3",
                "name": "Visit 103",
                "instanceType": "Encounter",
                "type": {
                  "id": "6f5f16f2-ca4c-4001-aaf7-47d9168207ea",
                  "code": "C99156",
                  "codeSystem": "http://www.cdisc.org",
                  "codeSystemVersion": "2024-09-27",
                  "decode": "Scheduled Visit",
                  "instanceType": "Code"
                },
                "epochId": "epoch_2"
              },
              {
                "id": "enc_4",
                "name": "Visit 104",
                "instanceType": "Encounter",
                "type": {
                  "id": "df95c603-4fbc-4c41-8aa9-b3da297260a5",
                  "code": "C99156",
                  "codeSystem": "http://www.cdisc.org",
                  "codeSystemVersion": "2024-09-27",
                  "decode": "Scheduled Visit",
                  "instanceType": "Code"
                },
                "epochId": "epoch_2"
              },
              {
                "id": "enc_5",
                "name": "Visit 105",
                "instanceType": "Encounter",
                "type": {
                  "id": "3061b4f7-b89c-4bb7-986b-54e196aaaef0",
                  "code": "C99156",
                  "codeSystem": "http://www.cdisc.org",
                  "codeSystemVersion": "2024-09-27",
                  "decode": "Scheduled Visit",
                  "instanceType": "Code"
                },
                "epochId": "epoch_2"
              },
              {
                "id": "enc_6",
                "name": "Visit 106",
                "instanceType": "Encounter",
                "type": {
                  "id": "6c25760a-41ca-443b-a798-65bc72c836d5",
                  "code": "C99156",
                  "codeSystem": "http://www.cdisc.org",
                  "codeSystemVersion": "2024-09-27",
                  "decode": "Scheduled Visit",
                  "instanceType": "Code"
                },
                "epochId": "epoch_2"
              },
              {
                "id": "enc_7",
                "name": "Visit 107",
                "instanceType": "Encounter",
                "type": {
                  "id": "46dd486c-c223-437d-8119-1323c4939380",
                  "code": "C99156",
                  "codeSystem": "http://www.cdisc.org",
                  "codeSystemVersion": "2024-09-27",
                  "decode": "Scheduled Visit",
                  "instanceType": "Code"
                },
                "epochId": "epoch_2"
              },
              {
                "id": "enc_8",
                "name": "Visit 108",
                "instanceType": "Encounter",
                "type": {
                  "id": "3087817a-33a4-49e7-bf7c-947b129d5caf",
                  "code": "C99156",
                  "codeSystem": "http://www.cdisc.org",
                  "codeSystemVersion": "2024-09-27",
                  "decode": "Scheduled Visit",
                  "instanceType": "Code"
                },
                "epochId": "epoch_2"
              },
              {
                "id": "enc_9",
                "name": "Visit 109",
                "instanceType": "Encounter",
                "type": {
                  "id": "2d53f9db-6f01-4f01-84d1-1d662845fb56",
                  "code": "C99156",
                  "codeSystem": "http://www.cdisc.org",
                  "codeSystemVersion": "2024-09-27",
                  "decode": "Scheduled Visit",
                  "instanceType": "Code"
                },
                "epochId": "epoch_2"
              },
              {
                "id": "enc_10",
                "name": "Visit 110",
                "instanceType": "Encounter",
                "type": {
                  "id": "ad68f70c-ad9b-4981-99f4-14184bae9a05",
                  "code": "C99156",
                  "codeSystem": "http://www.cdisc.org",
                  "codeSystemVersion": "2024-09-27",
                  "decode": "Scheduled Visit",
                  "instanceType": "Code"
                },
                "epochId": "epoch_2"
              },
              {
                "id": "enc_11",
                "name": "Visit 111",
                "instanceType": "Encounter",
                "type": {
                  "id": "637e8237-985a-4b0f-b487-f002c918c4cd",
                  "code": "C99156",
                  "codeSystem": "http://www.cdisc.org",
                  "codeSystemVersion": "2024-09-27",
                  "decode": "Scheduled Visit",
                  "instanceType": "Code"
                },
                "epochId": "epoch_2"
              },
              {
                "id": "enc_12",
                "name": "Visit 112",
                "instanceType": "Encounter",
                "type": {
                  "id": "ec89ecf9-32fd-4b1b-b3ec-aead4374a77f",
                  "code": "C99156",
                  "codeSystem": "http://www.cdisc.org",
                  "codeSystemVersion": "2024-09-27",
                  "decode": "Scheduled Visit",
                  "instanceType": "Code"
                },
                "epochId": "epoch_2"
              },
              {
                "id": "enc_13",
                "name": "Visit 113",
                "instanceType": "Encounter",
                "type": {
                  "id": "54964eef-1d2c-454f-b380-b1db6f3b31cf",
                  "code": "C99156",
                  "codeSystem": "http://www.cdisc.org",
                  "codeSystemVersion": "2024-09-27",
                  "decode": "Scheduled Visit",
                  "instanceType": "Code"
                },
                "epochId": "epoch_2"
              },
              {
                "id": "enc_14",
                "name": "Visit 114",
                "instanceType": "Encounter",
                "type": {
                  "id": "c0e161ee-b31f-4724-86c8-0c9da7931bcc",
                  "code": "C99156",
                  "codeSystem": "http://www.cdisc.org",
                  "codeSystemVersion": "2024-09-27",
                  "decode": "Scheduled Visit",
                  "instanceType": "Code"
                },
                "epochId": "epoch_2"
              },
              {
                "id": "enc_15",
                "name": "Visit 115",
                "instanceType": "Encounter",
                "type": {
                  "id": "9610895b-28f4-4955-aa1b-cd39e6306414",
                  "code": "C99156",
                  "codeSystem": "http://www.cdisc.org",
                  "codeSystemVersion": "2024-09-27",
                  "decode": "Scheduled Visit",
                  "instanceType": "Code"
                },
                "epochId": "epoch_2"
              },
              {
                "id": "enc_16",
                "name": "Visit 116",
                "instanceType": "Encounter",
                "type": {
                  "id": "273f5fc0-1676-49bd-b073-b00028cc4b0a",
                  "code": "C99156",
                  "codeSystem": "http://www.cdisc.org",
                  "codeSystemVersion": "2024-09-27",
                  "decode": "Scheduled Visit",
                  "instanceType": "Code"
                },
                "epochId": "epoch_2"
              },
              {
                "id": "enc_17",
                "name": "Visit 199*",
                "instanceType": "Encounter",
                "type": {
                  "id": "0c2c3781-a900-4e52-bde2-e5bd469b85ba",
                  "code": "C99156",
                  "codeSystem": "http://www.cdisc.org",
                  "codeSystemVersion": "2024-09-27",
                  "decode": "Scheduled Visit",
                  "instanceType": "Code"
                },
                "epochId": "epoch_2"
              },
              {
                "id": "enc_18",
                "name": "ED*",
                "instanceType": "Encounter",
                "type": {
                  "id": "17466a0c-9c11-4ba3-9c0b-b0d9daf18e7b",
                  "code": "C99156",
                  "codeSystem": "http://www.cdisc.org",
                  "codeSystemVersion": "2024-09-27",
                  "decode": "Scheduled Visit",
                  "instanceType": "Code"
                },
                "epochId": "epoch_2"
              },
              {
                "id": "enc_19",
                "name": "Visit 802*",
                "instanceType": "Encounter",
                "type": {
                  "id": "f912552d-53ce-4cad-9084-dbb795b2af7a",
                  "code": "C99156",
                  "codeSystem": "http://www.cdisc.org",
                  "codeSystemVersion": "2024-09-27",
                  "decode": "Scheduled Visit",
                  "instanceType": "Code"
                },
                "epochId": "epoch_3"
              }
            ],
            "scheduleTimelines": [
              {
                "id": "timeline_1",
                "name": "Main Schedule Timeline",
                "mainTimeline": true,
                "instanceType": "ScheduleTimeline",
                "entryCondition": "Subject enrolled in study",
                "entryId": "e2808dd4-07a9-454a-8e64-f92ad09b8d12",
                "instances": [
                  {
                    "id": "e2808dd4-07a9-454a-8e64-f92ad09b8d12",
                    "activityIds": [
                      "act_2"
                    ],
                    "instanceType": "ScheduledActivityInstance",
                    "name": "act_2@enc_3",
                    "encounterId": "enc_3"
                  },
                  {
                    "id": "f783392a-2c1e-41fe-a8a5-fdc975182c70",
                    "activityIds": [
                      "act_2"
                    ],
                    "instanceType": "ScheduledActivityInstance",
                    "name": "act_2@enc_5",
                    "encounterId": "enc_5"
                  },
                  {
                    "id": "15943b1b-e261-4b46-88e5-9ebdb428b874",
                    "activityIds": [
                      "act_2"
                    ],
                    "instanceType": "ScheduledActivityInstance",
                    "name": "act_2@enc_7",
                    "encounterId": "enc_7"
                  },
                  {
                    "id": "04248c3e-42c2-49f6-9992-c206daf1906f",
                    "activityIds": [
                      "act_2"
                    ],
                    "instanceType": "ScheduledActivityInstance",
                    "name": "act_2@enc_9",
                    "encounterId": "enc_9"
                  },
                  {
                    "id": "96509c0e-c74a-4779-bf6b-99a700a9f158",
                    "activityIds": [
                      "act_2"
                    ],
                    "instanceType": "ScheduledActivityInstance",
                    "name": "act_2@enc_11",
                    "encounterId": "enc_11"
                  },
                  {
                    "id": "582a87b4-3978-4736-84dd-18bc67f74338",
                    "activityIds": [
                      "act_2"
                    ],
                    "instanceType": "ScheduledActivityInstance",
                    "name": "act_2@enc_13",
                    "encounterId": "enc_13"
                  },
                  {
                    "id": "273c717a-d078-4e66-90b7-2efceebc4a52",
                    "activityIds": [
                      "act_2"
                    ],
                    "instanceType": "ScheduledActivityInstance",
                    "name": "act_2@enc_15",
                    "encounterId": "enc_15"
                  },
                  {
                    "id": "fb6daca9-5116-4e1c-bccb-f280005aafa0",
                    "activityIds": [
                      "act_2"
                    ],
                    "instanceType": "ScheduledActivityInstance",
                    "name": "act_2@enc_17",
                    "encounterId": "enc_17"
                  },
                  {
                    "id": "49a5483f-85ff-43bc-b782-e95769d06994",
                    "activityIds": [
                      "act_2"
                    ],
                    "instanceType": "ScheduledActivityInstance",
                    "name": "act_2@enc_18",
                    "encounterId": "enc_18"
                  },
                  {
                    "id": "c6f96b4f-7188-4390-842d-702728a46658",
                    "activityIds": [
                      "act_2"
                    ],
                    "instanceType": "ScheduledActivityInstance",
                    "name": "act_2@enc_19",
                    "encounterId": "enc_19"
                  },
                  {
                    "id": "e02c4780-f94a-4bb4-a44f-bfd4cdeb1e53",
                    "activityIds": [
                      "act_3"
                    ],
                    "instanceType": "ScheduledActivityInstance",
                    "name": "act_3@enc_2",
                    "encounterId": "enc_2"
                  },
                  {
                    "id": "64b9a8d2-75ab-4423-9b11-232e22053002",
                    "activityIds": [
                      "act_3"
                    ],
                    "instanceType": "ScheduledActivityInstance",
                    "name": "act_3@enc_4",
                    "encounterId": "enc_4"
                  },
                  {
                    "id": "7c0c4b1f-524f-4fe0-9e19-117c80048b77",
                    "activityIds": [
                      "act_3"
                    ],
                    "instanceType": "ScheduledActivityInstance",
                    "name": "act_3@enc_6",
                    "encounterId": "enc_6"
                  },
                  {
                    "id": "dfd1fbf1-0fa5-420e-804a-c8181271e139",
                    "activityIds": [
                      "act_3"
                    ],
                    "instanceType": "ScheduledActivityInstance",
                    "name": "act_3@enc_8",
                    "encounterId": "enc_8"
                  },
                  {
                    "id": "bb1e52ed-2ffa-4a95-831d-1cb73fd0a75b",
                    "activityIds": [
                      "act_3"
                    ],
                    "instanceType": "ScheduledActivityInstance",
                    "name": "act_3@enc_10",
                    "encounterId": "enc_10"
                  },
                  {
                    "id": "38e15db4-2121-46b2-abbf-82572c0d0c7a",
                    "activityIds": [
                      "act_3"
                    ],
                    "instanceType": "ScheduledActivityInstance",
                    "name": "act_3@enc_12",
                    "encounterId": "enc_12"
                  },
                  {
                    "id": "6b097546-1dd8-4254-a35f-1fb981c76222",
                    "activityIds": [
                      "act_3"
                    ],
                    "instanceType": "ScheduledActivityInstance",
                    "name": "act_3@enc_14",
                    "encounterId": "enc_14"
                  },
                  {
                    "id": "f9efb274-a7d0-44ac-94d9-16eb681219d5",
                    "activityIds": [
                      "act_3"
                    ],
                    "instanceType": "ScheduledActivityInstance",
                    "name": "act_3@enc_16",
                    "encounterId": "enc_16"
                  },
                  {
                    "id": "07dd7222-63dd-4954-a05c-05b9d38d318a",
                    "activityIds": [
                      "act_4"
                    ],
                    "instanceType": "ScheduledActivityInstance",
                    "name": "act_4@enc_1",
                    "encounterId": "enc_1"
                  },
                  {
                    "id": "464a650b-88cf-4010-bd59-73c2f84b6ff5",
                    "activityIds": [
                      "act_4"
                    ],
                    "instanceType": "ScheduledActivityInstance",
                    "name": "act_4@enc_2",
                    "encounterId": "enc_2"
                  },
                  {
                    "id": "620722b3-7942-4a59-b280-450dbba206a0",
                    "activityIds": [
                      "act_4"
                    ],
                    "instanceType": "ScheduledActivityInstance",
                    "name": "act_4@enc_3",
                    "encounterId": "enc_3"
                  },
                  {
                    "id": "4ef1f6f9-4e63-40d2-970b-43a0364d0bca",
                    "activityIds": [
                      "act_4"
                    ],
                    "instanceType": "ScheduledActivityInstance",
                    "name": "act_4@enc_4",
                    "encounterId": "enc_4"
                  },
                  {
                    "id": "50f3441c-7aab-4e4a-aa89-b2b796060b5f",
                    "activityIds": [
                      "act_4"
                    ],
                    "instanceType": "ScheduledActivityInstance",
                    "name": "act_4@enc_5",
                    "encounterId": "enc_5"
                  },
                  {
                    "id": "cff686dd-26f7-4ec8-84c1-1e90fd6ae919",
                    "activityIds": [
                      "act_4"
                    ],
                    "instanceType": "ScheduledActivityInstance",
                    "name": "act_4@enc_6",
                    "encounterId": "enc_6"
                  },
                  {
                    "id": "c4a360c9-cf47-4efd-80a5-168bf73d9293",
                    "activityIds": [
                      "act_4"
                    ],
                    "instanceType": "ScheduledActivityInstance",
                    "name": "act_4@enc_7",
                    "encounterId": "enc_7"
                  },
                  {
                    "id": "7d6d8562-377a-4818-a3d6-4e60c6dad985",
                    "activityIds": [
                      "act_4"
                    ],
                    "instanceType": "ScheduledActivityInstance",
                    "name": "act_4@enc_8",
                    "encounterId": "enc_8"
                  },
                  {
                    "id": "5d6d7d77-0a83-4dc4-a153-eac29f11d4c1",
                    "activityIds": [
                      "act_4"
                    ],
                    "instanceType": "ScheduledActivityInstance",
                    "name": "act_4@enc_9",
                    "encounterId": "enc_9"
                  },
                  {
                    "id": "5b528676-e7ac-4e86-9ffb-8e7053fe23f7",
                    "activityIds": [
                      "act_4"
                    ],
                    "instanceType": "ScheduledActivityInstance",
                    "name": "act_4@enc_10",
                    "encounterId": "enc_10"
                  },
                  {
                    "id": "eb2565fc-265f-45db-9e60-dcafd3451fb9",
                    "activityIds": [
                      "act_4"
                    ],
                    "instanceType": "ScheduledActivityInstance",
                    "name": "act_4@enc_11",
                    "encounterId": "enc_11"
                  },
                  {
                    "id": "2ace5481-4b70-4a82-83fc-35e05b537cc0",
                    "activityIds": [
                      "act_4"
                    ],
                    "instanceType": "ScheduledActivityInstance",
                    "name": "act_4@enc_12",
                    "encounterId": "enc_12"
                  },
                  {
                    "id": "c990fc5e-b8f9-4fc0-8be9-8a0fd7669841",
                    "activityIds": [
                      "act_4"
                    ],
                    "instanceType": "ScheduledActivityInstance",
                    "name": "act_4@enc_13",
                    "encounterId": "enc_13"
                  },
                  {
                    "id": "6b146137-77aa-4d80-bd40-7f9ed39bc2d8",
                    "activityIds": [
                      "act_4"
                    ],
                    "instanceType": "ScheduledActivityInstance",
                    "name": "act_4@enc_14",
                    "encounterId": "enc_14"
                  },
                  {
                    "id": "c7a5056d-8d36-4743-9789-4e0e20f533cd",
                    "activityIds": [
                      "act_4"
                    ],
                    "instanceType": "ScheduledActivityInstance",
                    "name": "act_4@enc_15",
                    "encounterId": "enc_15"
                  },
                  {
                    "id": "d6a3ce56-c652-413c-b981-0d9ce259f869",
                    "activityIds": [
                      "act_4"
                    ],
                    "instanceType": "ScheduledActivityInstance",
                    "name": "act_4@enc_16",
                    "encounterId": "enc_16"
                  },
                  {
                    "id": "82f7c00f-00d8-4443-ac71-73785e45170b",
                    "activityIds": [
                      "act_4"
                    ],
                    "instanceType": "ScheduledActivityInstance",
                    "name": "act_4@enc_17",
                    "encounterId": "enc_17"
                  },
                  {
                    "id": "9e1e3a75-0f6e-4352-b82a-8324cd1ec8a0",
                    "activityIds": [
                      "act_4"
                    ],
                    "instanceType": "ScheduledActivityInstance",
                    "name": "act_4@enc_18",
                    "encounterId": "enc_18"
                  },
                  {
                    "id": "5f1410ef-fd2c-4fd0-837c-2b85571721f2",
                    "activityIds": [
                      "act_4"
                    ],
                    "instanceType": "ScheduledActivityInstance",
                    "name": "act_4@enc_19",
                    "encounterId": "enc_19"
                  },
                  {
                    "id": "175560cf-1c0a-46ef-b4e8-4f88794a3f48",
                    "activityIds": [
                      "act_5"
                    ],
                    "instanceType": "ScheduledActivityInstance",
                    "name": "act_5@enc_1",
                    "encounterId": "enc_1"
                  },
                  {
                    "id": "9f3da795-4bb8-4fe6-8084-2da95639596a",
                    "activityIds": [
                      "act_5"
                    ],
                    "instanceType": "ScheduledActivityInstance",
                    "name": "act_5@enc_2",
                    "encounterId": "enc_2"
                  },
                  {
                    "id": "4421859f-b088-4437-bd95-55ec46f0368e",
                    "activityIds": [
                      "act_5"
                    ],
                    "instanceType": "ScheduledActivityInstance",
                    "name": "act_5@enc_3",
                    "encounterId": "enc_3"
                  },
                  {
                    "id": "b3e9d570-527b-48ec-a98f-fd0d4d73ac6f",
                    "activityIds": [
                      "act_5"
                    ],
                    "instanceType": "ScheduledActivityInstance",
                    "name": "act_5@enc_4",
                    "encounterId": "enc_4"
                  },
                  {
                    "id": "f9e2a72d-fda2-4e38-934f-46e542b39516",
                    "activityIds": [
                      "act_5"
                    ],
                    "instanceType": "ScheduledActivityInstance",
                    "name": "act_5@enc_5",
                    "encounterId": "enc_5"
                  },
                  {
                    "id": "2f13d87c-c99b-4a83-89c3-d6650d30864f",
                    "activityIds": [
                      "act_5"
                    ],
                    "instanceType": "ScheduledActivityInstance",
                    "name": "act_5@enc_6",
                    "encounterId": "enc_6"
                  },
                  {
                    "id": "8b34a7e4-ad1b-431d-a724-1f88495a87a7",
                    "activityIds": [
                      "act_5"
                    ],
                    "instanceType": "ScheduledActivityInstance",
                    "name": "act_5@enc_7",
                    "encounterId": "enc_7"
                  },
                  {
                    "id": "cf54d82c-82a6-4016-a407-8421bcb60fe4",
                    "activityIds": [
                      "act_5"
                    ],
                    "instanceType": "ScheduledActivityInstance",
                    "name": "act_5@enc_8",
                    "encounterId": "enc_8"
                  },
                  {
                    "id": "92d7548c-7e6a-4725-ad23-2a2dcd79c04e",
                    "activityIds": [
                      "act_5"
                    ],
                    "instanceType": "ScheduledActivityInstance",
                    "name": "act_5@enc_9",
                    "encounterId": "enc_9"
                  },
                  {
                    "id": "48e0ee70-b72f-4b68-90f5-59305e05d9d8",
                    "activityIds": [
                      "act_5"
                    ],
                    "instanceType": "ScheduledActivityInstance",
                    "name": "act_5@enc_10",
                    "encounterId": "enc_10"
                  },
                  {
                    "id": "16dd56d2-cbb3-4b89-9c49-49d38ba398e0",
                    "activityIds": [
                      "act_5"
                    ],
                    "instanceType": "ScheduledActivityInstance",
                    "name": "act_5@enc_11",
                    "encounterId": "enc_11"
                  },
                  {
                    "id": "ca2c8652-67a0-4ff5-8ba7-8d3926408280",
                    "activityIds": [
                      "act_5"
                    ],
                    "instanceType": "ScheduledActivityInstance",
                    "name": "act_5@enc_12",
                    "encounterId": "enc_12"
                  },
                  {
                    "id": "bd311c26-57ad-410f-b957-27cbeb665249",
                    "activityIds": [
                      "act_5"
                    ],
                    "instanceType": "ScheduledActivityInstance",
                    "name": "act_5@enc_13",
                    "encounterId": "enc_13"
                  },
                  {
                    "id": "6d6557f9-7158-4278-8deb-ff0cf8b5e24f",
                    "activityIds": [
                      "act_5"
                    ],
                    "instanceType": "ScheduledActivityInstance",
                    "name": "act_5@enc_14",
                    "encounterId": "enc_14"
                  },
                  {
                    "id": "5474fc7b-d911-4ac7-a842-f9decb262d50",
                    "activityIds": [
                      "act_5"
                    ],
                    "instanceType": "ScheduledActivityInstance",
                    "name": "act_5@enc_15",
                    "encounterId": "enc_15"
                  },
                  {
                    "id": "45e45071-def7-4190-b193-3892adc0e5a5",
                    "activityIds": [
                      "act_5"
                    ],
                    "instanceType": "ScheduledActivityInstance",
                    "name": "act_5@enc_16",
                    "encounterId": "enc_16"
                  },
                  {
                    "id": "f5c03f14-89a6-4403-b205-4a0389a17665",
                    "activityIds": [
                      "act_5"
                    ],
                    "instanceType": "ScheduledActivityInstance",
                    "name": "act_5@enc_17",
                    "encounterId": "enc_17"
                  },
                  {
                    "id": "1b949674-a069-4433-bad9-1eebc3001fec",
                    "activityIds": [
                      "act_5"
                    ],
                    "instanceType": "ScheduledActivityInstance",
                    "name": "act_5@enc_18",
                    "encounterId": "enc_18"
                  },
                  {
                    "id": "ab6c5f9a-5972-4060-8f15-c9ac14b88a3b",
                    "activityIds": [
                      "act_5"
                    ],
                    "instanceType": "ScheduledActivityInstance",
                    "name": "act_5@enc_19",
                    "encounterId": "enc_19"
                  },
                  {
                    "id": "e9ddc11a-774b-418c-a69e-4832e729e905",
                    "activityIds": [
                      "act_6"
                    ],
                    "instanceType": "ScheduledActivityInstance",
                    "name": "act_6@enc_1",
                    "encounterId": "enc_1"
                  },
                  {
                    "id": "281fe191-9aa9-496d-ad98-b4973ad09993",
                    "activityIds": [
                      "act_6"
                    ],
                    "instanceType": "ScheduledActivityInstance",
                    "name": "act_6@enc_2",
                    "encounterId": "enc_2"
                  },
                  {
                    "id": "a65a7fd3-fc0f-4afc-b5ff-f1a2c0422575",
                    "activityIds": [
                      "act_6"
                    ],
                    "instanceType": "ScheduledActivityInstance",
                    "name": "act_6@enc_3",
                    "encounterId": "enc_3"
                  },
                  {
                    "id": "0f2d2a12-5006-4004-8d6d-c8080380e75a",
                    "activityIds": [
                      "act_6"
                    ],
                    "instanceType": "ScheduledActivityInstance",
                    "name": "act_6@enc_4",
                    "encounterId": "enc_4"
                  },
                  {
                    "id": "5b98be71-6d4a-4250-804d-864b91fd0214",
                    "activityIds": [
                      "act_6"
                    ],
                    "instanceType": "ScheduledActivityInstance",
                    "name": "act_6@enc_5",
                    "encounterId": "enc_5"
                  },
                  {
                    "id": "bf24a245-0fce-4d72-a072-85520599a9e2",
                    "activityIds": [
                      "act_6"
                    ],
                    "instanceType": "ScheduledActivityInstance",
                    "name": "act_6@enc_6",
                    "encounterId": "enc_6"
                  },
                  {
                    "id": "90995d20-b759-4bf9-a804-081854a1d39d",
                    "activityIds": [
                      "act_6"
                    ],
                    "instanceType": "ScheduledActivityInstance",
                    "name": "act_6@enc_7",
                    "encounterId": "enc_7"
                  },
                  {
                    "id": "8d9c3e32-3719-447b-b995-5c176458feb7",
                    "activityIds": [
                      "act_6"
                    ],
                    "instanceType": "ScheduledActivityInstance",
                    "name": "act_6@enc_8",
                    "encounterId": "enc_8"
                  },
                  {
                    "id": "fdb7c97d-94c4-4301-9fea-ee6a2a8e261f",
                    "activityIds": [
                      "act_6"
                    ],
                    "instanceType": "ScheduledActivityInstance",
                    "name": "act_6@enc_9",
                    "encounterId": "enc_9"
                  },
                  {
                    "id": "65031f60-1523-4a53-ad83-4f74d2cade8b",
                    "activityIds": [
                      "act_6"
                    ],
                    "instanceType": "ScheduledActivityInstance",
                    "name": "act_6@enc_10",
                    "encounterId": "enc_10"
                  },
                  {
                    "id": "650647ee-efd0-4023-8efd-5f90a18de06e",
                    "activityIds": [
                      "act_6"
                    ],
                    "instanceType": "ScheduledActivityInstance",
                    "name": "act_6@enc_11",
                    "encounterId": "enc_11"
                  },
                  {
                    "id": "f3c61ce5-fa43-43f8-88ad-16daf4fb9018",
                    "activityIds": [
                      "act_6"
                    ],
                    "instanceType": "ScheduledActivityInstance",
                    "name": "act_6@enc_12",
                    "encounterId": "enc_12"
                  },
                  {
                    "id": "1795bbcf-1379-47fa-9ca9-7239cc1aaf08",
                    "activityIds": [
                      "act_6"
                    ],
                    "instanceType": "ScheduledActivityInstance",
                    "name": "act_6@enc_13",
                    "encounterId": "enc_13"
                  },
                  {
                    "id": "2c430fb2-5b15-4deb-b4e1-5c2a4a7be23a",
                    "activityIds": [
                      "act_6"
                    ],
                    "instanceType": "ScheduledActivityInstance",
                    "name": "act_6@enc_14",
                    "encounterId": "enc_14"
                  },
                  {
                    "id": "e8b988fb-46d3-4e3c-9d37-dfa463e26123",
                    "activityIds": [
                      "act_6"
                    ],
                    "instanceType": "ScheduledActivityInstance",
                    "name": "act_6@enc_15",
                    "encounterId": "enc_15"
                  },
                  {
                    "id": "f962811d-8502-4d34-a872-0818f26487fb",
                    "activityIds": [
                      "act_6"
                    ],
                    "instanceType": "ScheduledActivityInstance",
                    "name": "act_6@enc_16",
                    "encounterId": "enc_16"
                  },
                  {
                    "id": "600568e6-ad2b-4543-bc00-df8180e66beb",
                    "activityIds": [
                      "act_6"
                    ],
                    "instanceType": "ScheduledActivityInstance",
                    "name": "act_6@enc_17",
                    "encounterId": "enc_17"
                  },
                  {
                    "id": "e046a96e-a1cd-408f-b8de-003846ae044a",
                    "activityIds": [
                      "act_6"
                    ],
                    "instanceType": "ScheduledActivityInstance",
                    "name": "act_6@enc_18",
                    "encounterId": "enc_18"
                  },
                  {
                    "id": "ae90eb60-0398-4dab-af79-45020350cee4",
                    "activityIds": [
                      "act_6"
                    ],
                    "instanceType": "ScheduledActivityInstance",
                    "name": "act_6@enc_19",
                    "encounterId": "enc_19"
                  },
                  {
                    "id": "e764cdf7-c29f-4704-8316-1eb046fb1b97",
                    "activityIds": [
                      "act_7"
                    ],
                    "instanceType": "ScheduledActivityInstance",
                    "name": "act_7@enc_9",
                    "encounterId": "enc_9"
                  },
                  {
                    "id": "0d59ddd2-b7b3-4ab2-ac06-7378a206a954",
                    "activityIds": [
                      "act_7"
                    ],
                    "instanceType": "ScheduledActivityInstance",
                    "name": "act_7@enc_17",
                    "encounterId": "enc_17"
                  },
                  {
                    "id": "e9f7203c-c26d-49b9-bcca-2fb08fded83b",
                    "activityIds": [
                      "act_7"
                    ],
                    "instanceType": "ScheduledActivityInstance",
                    "name": "act_7@enc_18",
                    "encounterId": "enc_18"
                  },
                  {
                    "id": "18bc5912-e21d-4a03-aed5-39128cac3cf0",
                    "activityIds": [
                      "act_8"
                    ],
                    "instanceType": "ScheduledActivityInstance",
                    "name": "act_8@enc_9",
                    "encounterId": "enc_9"
                  },
                  {
                    "id": "56bee55d-b8c8-46ee-ac05-f6bae3a3b3ab",
                    "activityIds": [
                      "act_8"
                    ],
                    "instanceType": "ScheduledActivityInstance",
                    "name": "act_8@enc_17",
                    "encounterId": "enc_17"
                  },
                  {
                    "id": "e6f1916e-dc02-4dcf-808d-ab9c37dd402c",
                    "activityIds": [
                      "act_8"
                    ],
                    "instanceType": "ScheduledActivityInstance",
                    "name": "act_8@enc_18",
                    "encounterId": "enc_18"
                  },
                  {
                    "id": "bb362bd9-d7aa-446b-97b8-f7a0d164c62d",
                    "activityIds": [
                      "act_9"
                    ],
                    "instanceType": "ScheduledActivityInstance",
                    "name": "act_9@enc_9",
                    "encounterId": "enc_9"
                  },
                  {
                    "id": "f40dbcea-83eb-410e-b177-8ab1e55e29ba",
                    "activityIds": [
                      "act_9"
                    ],
                    "instanceType": "ScheduledActivityInstance",
                    "name": "act_9@enc_17",
                    "encounterId": "enc_17"
                  },
                  {
                    "id": "bae98a84-58e7-44ed-abcb-21aa96e66b6a",
                    "activityIds": [
                      "act_9"
                    ],
                    "instanceType": "ScheduledActivityInstance",
                    "name": "act_9@enc_18",
                    "encounterId": "enc_18"
                  },
                  {
                    "id": "1e7e0d46-f5f7-464f-82ce-347ed5c2f19a",
                    "activityIds": [
                      "act_10"
                    ],
                    "instanceType": "ScheduledActivityInstance",
                    "name": "act_10@enc_9",
                    "encounterId": "enc_9"
                  },
                  {
                    "id": "36bdd909-2943-43d1-b11d-9b76fc369c4f",
                    "activityIds": [
                      "act_10"
                    ],
                    "instanceType": "ScheduledActivityInstance",
                    "name": "act_10@enc_17",
                    "encounterId": "enc_17"
                  },
                  {
                    "id": "a657846c-5873-4168-b9db-3cd8f40f1fa3",
                    "activityIds": [
                      "act_10"
                    ],
                    "instanceType": "ScheduledActivityInstance",
                    "name": "act_10@enc_18",
                    "encounterId": "enc_18"
                  }
                ]
              }
            ],
            "notes": [
              {
                "id": "soa_fn_1",
                "text": "*Please see table below for corresponding additional information",
                "instanceType": "CommentAnnotation"
              },
              {
                "id": "soa_fn_2",
                "text": "Abbreviations: BP = blood pressure; Cr= creatinine; C-SSRS = Columbia-Suicide Severity Rating Scale; ED= early discontinuation of treatment; eGFR = estimated glomerular filtration rate; HbA1c = hemoglobin A1c; HR = heart rate; IWQOL-Lite-CT = Impact of Weight on Quality of Life-Lite Clinical trials; IWRS = interactive web-response system; PGIS = Patient Global Impression of status for physical activity; PHQ-9 = Patient Health Questionnaire-9; PK = pharmacokinetics; SF-36 = Short-Form-36 Health Survey version 2, acute form; TxP = treatment period; TZP = tirzepatide",
                "instanceType": "CommentAnnotation"
              }
            ]
          }
        ]
      }
    ]
  }
}