{
  "success": true,
  "enriched": 9,
  "total_entities": 504,
  "by_type": {
    "StudyArm": 4,
    "EligibilityCriterion": 5
  },
  "enriched_items": [
    {
      "type": "StudyArm",
      "name": "Tirzepatide 5 mg",
      "arm_type": "Experimental Arm",
      "nci_code": "C174266"
    },
    {
      "type": "StudyArm",
      "name": "Tirzepatide 10 mg",
      "arm_type": "Experimental Arm",
      "nci_code": "C174266"
    },
    {
      "type": "StudyArm",
      "name": "Tirzepatide 15 mg",
      "arm_type": "Experimental Arm",
      "nci_code": "C174266"
    },
    {
      "type": "StudyArm",
      "name": "Placebo",
      "arm_type": "Placebo Comparator Arm",
      "nci_code": "C174268"
    },
    {
      "type": "EligibilityCriterion",
      "name": "BMI requirement with comorbidities",
      "category": "Inclusion",
      "nci_code": "C25532"
    },
    {
      "type": "EligibilityCriterion",
      "name": "History of unsuccessful dietary effort",
      "category": "Inclusion",
      "nci_code": "C25532"
    },
    {
      "type": "EligibilityCriterion",
      "name": "Motivation and capability for study proc",
      "category": "Inclusion",
      "nci_code": "C25532"
    },
    {
      "type": "EligibilityCriterion",
      "name": "Age and reproductive requirements",
      "category": "Inclusion",
      "nci_code": "C25532"
    },
    {
      "type": "EligibilityCriterion",
      "name": "Informed consent",
      "category": "Inclusion",
      "nci_code": "C25532"
    }
  ],
  "cache_stats": {
    "total_entries": 50,
    "fresh_entries": 50,
    "stale_entries": 0,
    "cache_file": "C:\\Users\\panik\\Documents\\GitHub\\Protcol2USDMv3\\core\\evs_cache\\nci_codes.json"
  }
}